Resumo,Chave da item,ID da item,Tipo de item,Status,Chave do projeto,Nome do projeto,Tipo de projeto,Líder do projeto,ID do líder do projeto,Descrição do projeto,Prioridade,Resolução,Responsável,ID do responsável,Relator,ID do relator,Criador,ID do criador,Criado,Atualizado(a),Última visualização,Resolvido,Data limite,Votos,Descrição,Ambiente,Seguidores,Seguidores,ID dos seguidores,ID dos seguidores,Registro de Trabalho,Registro de Trabalho,Registro de Trabalho,Registro de Trabalho,Registro de Trabalho,Registro de Trabalho,Registro de Trabalho,Registro de Trabalho,Registro de Trabalho,Registro de Trabalho,Registro de Trabalho,Registro de Trabalho,Registro de Trabalho,Estimativa original,Estimativa de trabalho restante,Tempo gasto,Razão Trabalhada,Σ da Estimativa Original,Σ Estimativa de trabalho restante,Σ de Tempo Gasto,Nível de Segurança,Anexo,Anexo,Anexo,Anexo,Anexo,Anexo,Anexo,Anexo,Anexo,Anexo,Anexo,Anexo,Campo personalizado (AI Eligible),Campo personalizado (Acceptance Criteria),Campo personalizado (Account),Campo personalizado (Activity Type),Campo personalizado (Affected Customers),Campo personalizado (Affected Version/s),Campo personalizado (Affected hardware),Campo personalizado (Affected services),Campo personalizado (Allocated Type),Campo personalizado (Allocation),Campo personalizado (Alocação ou realocação de responsabilidades),Campo personalizado (Ambiente),Campo personalizado (Ambiente_GDC),Campo personalizado (Amount),Campo personalizado (Análise crítica),Campo personalizado (Aplicar ação imediata?),Campo personalizado (Approval timestamp),Campo personalizado (Approval/Reproval Reason),Campo personalizado (Approvals),Campo personalizado (Aprovador),Campo personalizado (Ação Corretiva),Campo personalizado (Ação de contenção/correção),Campo personalizado (Ações Realizadas),Campo personalizado (Ações Tomadas),Campo personalizado (Backout plan),Campo personalizado (Bucket),Campo personalizado (Bug Impact),Campo personalizado (Bug origin),Campo personalizado (Build Type),Campo personalizado (CLIENTE),Campo personalizado (CPOC),Campo personalizado (Categoria),Campo personalizado (Categoria da causa),Campo personalizado (Causa Raiz_GDC),Campo personalizado (Challenge Rating),Campo personalizado (Change Reason),Campo personalizado (Change Type),Campo personalizado (Change Type),Campo personalizado (Change completion date),Campo personalizado (Change reason),Campo personalizado (Change risk),Campo personalizado (Change start date),Campo personalizado (Change type),Campo personalizado (Checklist completion percentage),Campo personalizado (Checklist completion summary),Campo personalizado (Classification),Campo personalizado (Classification),Campo personalizado (Cliente),Campo personalizado (Clientes_GDC),Campo personalizado (Cloud Reviewed),Campo personalizado (Cloud Reviewer),Campo personalizado (Comentário),Campo personalizado (Comentários),Campo personalizado (Companies),Campo personalizado (Complexidade Técnica),Campo personalizado (Complexidade Técnica),Campo personalizado (Component /s),Campo personalizado (Componente),Campo personalizado (Componente_GDC),Campo personalizado (Contact),Campo personalizado (Contato (e-mail ou telefone)),Campo personalizado (Contingency Plan),Campo personalizado (Controle de Projeto Fechado),Campo personalizado (Controle de Projetos_GDC),Campo personalizado (Cost Impact),Campo personalizado (Cost center),Campo personalizado (Custo),Campo personalizado (Custo),Campo personalizado (Customer Facing),Campo personalizado (D1 - Definir um time (Define a Team)),Campo personalizado (D2 - Definir Problema (Define the Problem)),Campo personalizado (D3 - Ação de Contenção (Define Containment)),Campo personalizado (D4 - Identificar Causa Raíz (Root Cause Analysis)),Campo personalizado (D5 - Listar Ações Corretivas (Permanent Corrective Actions)),Campo personalizado (D6 - Implementar e Validar Ação Corretiva (Validate Corrective Actions)),Campo personalizado (D7 - Ações de Prevenção (Preventing Recurrence)),Campo personalizado (DT Inicial DEV. Cliente),Campo personalizado (DT Inicial DEV. PD),Campo personalizado (DT Inicial DEV. Unidade),Campo personalizado (DT Inicial Pendentes),Campo personalizado (DT Inicial Progresso),Campo personalizado (Data Final),Campo personalizado (Data Inicial),Campo personalizado (Data Planejada),Campo personalizado (Data Realizada),Campo personalizado (Data da avaliação de eficácia),Campo personalizado (Data e H - Chamado),Campo personalizado (Data programada para avaliação da eficácia),Campo personalizado (Days for Approved),Campo personalizado (Days past due date),Campo personalizado (Deploy Priority),Campo personalizado (Deploy date),Campo personalizado (Descrição da causa raiz),Campo personalizado (Descrição dos resultados das ações tomadas),Campo personalizado (Descrição_GDC),Campo personalizado (Design classification),Campo personalizado (Designs ready),Campo personalizado (Development),Campo personalizado (Development Project),Campo personalizado (Discovery Phase),Campo personalizado (Disponibilidade de recursos),Campo personalizado (Distribution External),Campo personalizado (Domain),Campo personalizado (Duração Dev. Cliente),Campo personalizado (Duração Dev. PD),Campo personalizado (Duração Dev. Unidade),Campo personalizado (Duração Pendentes),Campo personalizado (Duração Progresso),Campo personalizado (ECO Description),Campo personalizado (ECO Time to Approve),Campo personalizado (EOL),Campo personalizado (EPIC relevance),Campo personalizado (Effort),"Campo personalizado (Em caso de NC de produto, preencha informações como Cliente e NS afetados)",Campo personalizado (Epic Colour),Campo personalizado (Epic Name),Campo personalizado (Epic Status),Campo personalizado (Estimated Obsolescence),Campo personalizado (Estimativa de pontos da história),Campo personalizado (Expected Result),Campo personalizado (Exposure),Campo personalizado (External Anom),Campo personalizado (Fix Version/s),Campo personalizado (Flagged),Campo personalizado (Frequency),Campo personalizado (Goal impact),Campo personalizado (H - Comercial - 7 às 17),Campo personalizado (H - Comercial - 7 às 17),Campo personalizado (Habit),Campo personalizado (Hora de Deslocamento),Campo personalizado (Horas Trabalhadas),Campo personalizado (How-to),Campo personalizado (Ideia arquivada),Campo personalizado (Ideia arquivada em),Campo personalizado (Impact),Campo personalizado (Impact),Campo personalizado (Impact score),Campo personalizado (Impacto no Tempo),Campo personalizado (Impacto no Trabalho),Campo personalizado (Implementation plan),Campo personalizado (Incident Description),Campo personalizado (Incident Description),Campo personalizado (Incident Impact),Campo personalizado (Incident Origin),Campo personalizado (Insights),Campo personalizado (Insights impact),Campo personalizado (Investigation reason),Campo personalizado (Issue Development Finish),Campo personalizado (Issue Done),Campo personalizado (Issue Resolution Timestamp),Campo personalizado (Issue Start Development),Campo personalizado (Issue Testing Finish),Campo personalizado (Issue Testing Start),Campo personalizado (Issue color),Campo personalizado (Issue origin),Campo personalizado (Job role),Campo personalizado (Last Renew Date),Campo personalizado (Linked Issue),Campo personalizado (Locked forms),Campo personalizado (Logic Test),Campo personalizado (Líder),Campo personalizado (Major incident),Campo personalizado (Manufacturing Request Type),Campo personalizado (Material),Campo personalizado (Medição),Campo personalizado (Meio Ambiente),Campo personalizado (Meio de Comunicação),Campo personalizado (Meio de Comunicação),Campo personalizado (Meio de Comunicação),Campo personalizado (Meio de Comunicação),Campo personalizado (Meio de Comunicação),Campo personalizado (Membro 1),Campo personalizado (Membro 2),Campo personalizado (Membro 3),Campo personalizado (Membro 4),Campo personalizado (Membro 5),Campo personalizado (Modo de Retorno),Campo personalizado (Motivo ),Campo personalizado (Motivo ),Campo personalizado (Motivo da recusa),Campo personalizado (Máquina),Campo personalizado (Mão de Obra),Campo personalizado (Método),Campo personalizado (Need TDN Label),Campo personalizado (New Structure Description),Campo personalizado (New Structure Request),Campo personalizado (Nome do Cliente),Campo personalizado (Notify via email),Campo personalizado (Numero da NF ou Declaração de conteudo),Campo personalizado (Número de Volumes),Campo personalizado (O material deve passar por inspeção?),Campo personalizado (Objetivos),Campo personalizado (Observação),Campo personalizado (Open forms),Campo personalizado (Operational categorization),Campo personalizado (Origem),Campo personalizado (Origem (PSR Supplier)),Campo personalizado (Origem_GDC),Campo personalizado (Orçamento),Campo personalizado (Other Products Affected),Campo personalizado (PCR Evaluation Lead Time),Campo personalizado (PM Approved),Campo personalizado (PM Approver),Campo personalizado (Parecer de Avaliação de eficácia ),Campo personalizado (Part Number/s and HW version/s affected),Campo personalizado (Passos para reproduzir),Campo personalizado (Pending reason),Campo personalizado (Planned end),Campo personalizado (Planned start),Campo personalizado (Portfolio),Campo personalizado (Potential Cost Impact),Campo personalizado (Potential Reach),Campo personalizado (Potential Schedule Impact),Campo personalizado (Prazo),Campo personalizado (Previsão de entrega),Campo personalizado (Prioritized by),Campo personalizado (Prioritized timestamp),Campo personalizado (Priority),Campo personalizado (Probability),Campo personalizado (Problem Classification),Campo personalizado (Problem Description),Campo personalizado (Problem Impact),Campo personalizado (Problem Impact v2),Campo personalizado (Problem Origin),Campo personalizado (Processo),Campo personalizado (Prod Description),Campo personalizado (Product Description),Campo personalizado (Product Part Number),Campo personalizado (Product Team),Campo personalizado (Product Type),Campo personalizado (Product area),Campo personalizado (Product categorization),Campo personalizado (Produto (Product)),Campo personalizado (Produto / Modulo _GDC),Campo personalizado (Progresso da entrega),Campo personalizado (Project),Campo personalizado (Project key),Campo personalizado (Project of origin),Campo personalizado (Project official docs),Campo personalizado (Project overview key),Campo personalizado (Project overview status),Campo personalizado (Projeto),Campo personalizado (Projeto da Atlassian),Campo personalizado (Proposed Material Disposition),Campo personalizado (Public description),Campo personalizado (Quantidade),Campo personalizado (Quantity),Campo personalizado (Quarters),Campo personalizado (R&D Request Type),Campo personalizado (R&D area),Campo personalizado (RDSR: Issue development finished),Campo personalizado (Rank),Campo personalizado (Realization),Campo personalizado (Reanalysis Date),Campo personalizado (Referência),Campo personalizado (Reject_count),Campo personalizado (Replicon),Campo personalizado (Reporting timestamp),Campo personalizado (Reporting tool),Campo personalizado (Request Customer),Campo personalizado (Request Description),Campo personalizado (Request Origin),Campo personalizado (Request Type),Campo personalizado (Request language),Campo personalizado (Request participants),Campo personalizado (Requested Team),Campo personalizado (Required qa test),Campo personalizado (Requires documentation review),Campo personalizado (Residual Exposure),Campo personalizado (Residual Impact),Campo personalizado (Residual Probability),Campo personalizado (Resolved sprint),Campo personalizado (Responders),Campo personalizado (Responsible),Campo personalizado (Responsável ação de contenção),Campo personalizado (Reviewed by support team timestamp),Campo personalizado (Rework Finish Goods),Campo personalizado (Riscos e oportunidades),Campo personalizado (Risk Scope Area),Campo personalizado (Roadmap),Campo personalizado (Root cause),Campo personalizado (Run Automation),Campo personalizado (SLA),Campo personalizado (SLA - Certification Execution),Campo personalizado (SLA - Entrega),Campo personalizado (SLA - Entrega - Consultoria),Campo personalizado (SLA - Geral),Campo personalizado (SLA - Hexagon),Campo personalizado (SLA - P&D),Campo personalizado (SLA - PCR Approval),Campo personalizado (SLA - PCR Certification Execution),Campo personalizado (SLA - PCR Evaluation),Campo personalizado (SLA - Raízen),Campo personalizado (SLA - Severidade),Campo personalizado (SLA - Suporte),Campo personalizado (SLA - TDN Review and Approval),Campo personalizado (SOW Number),Campo personalizado (SW Approved),Campo personalizado (SW Approver),Campo personalizado (Safety/Cybersecurity),Classificação de satisfação,Campo personalizado (Satisfaction),Campo personalizado (Satisfaction date),Campo personalizado (Schedule/ Resource Impact),Campo personalizado (Sentiment),Campo personalizado (Setor),Campo personalizado (Severidade),Campo personalizado (Severidade (Severity)),Campo personalizado (Severity),Campo personalizado (Short description),Campo personalizado (Solicitação Predial),Campo personalizado (Solicitação TI),Campo personalizado (Solution),Campo personalizado (Solved timestamp),Campo personalizado (Source),Campo personalizado (Source),Campo personalizado (Spec ready),Campo personalizado (Start date),Campo personalizado (Status da entrega),Campo personalizado (Status do Projeto da Atlassian),Campo personalizado (Steps to Reproduce),Campo personalizado (Story Description),Campo personalizado (Story Points),Campo personalizado (Submitted forms),Campo personalizado (Summary),Campo personalizado (TDN Description),Campo personalizado (TDN Type),Campo personalizado (Target end),Campo personalizado (Target start),Campo personalizado (Team),Campo personalizado (Team RAO),Campo personalizado (Tema_GDC),Campo personalizado (Tempo Atendimento - Crítico),Campo personalizado (Tempo Atendimento Entrega),Campo personalizado (Tempo Cliente),Campo personalizado (Tempo Total),Campo personalizado (Tempo de Atendimento),Campo personalizado (Tempo de Suporte),Campo personalizado (Tempo de avaliação),Campo personalizado (Tempo para Atendimento),Campo personalizado (Tempo para Atendimento - Raízen),Campo personalizado (Tempo total do Chamado),Campo personalizado (Test objective),Campo personalizado (Test plan),Campo personalizado (Test result),Campo personalizado (Tickets vinculados),Campo personalizado (Time de trabalho),Campo personalizado (Time for avaliation),Campo personalizado (Time to Approve),Campo personalizado (Time to Arrival),Campo personalizado (Time to Execute),Campo personalizado (Time to approve normal change),Campo personalizado (Time to close after resolution),Campo personalizado (Time to done),Campo personalizado (Time to first response),Campo personalizado (Time to resolution),Campo personalizado (Tipo (Issue Type)),Campo personalizado (Tipo (Issue Type)),Campo personalizado (Tipo da não conformidade),Campo personalizado (Tipo de Não conformidade),Campo personalizado (Tipo_Projeto_GDC),Campo personalizado (Tipo_Serviço_GDC),Campo personalizado (Total forms),Campo personalizado (Trac Issue),Campo personalizado (Transition to Review Date),Campo personalizado (Transportadora),Campo personalizado (Treatment),Campo personalizado (Treatment Plan),Campo personalizado (UNIDADE),Campo personalizado (Unidade),Campo personalizado (Unidade),Campo personalizado (Unidade Operacional Resolveria),Campo personalizado (Unidade de negócio),Campo personalizado (Unidade de negõcios),Campo personalizado (Urgency),Campo personalizado (Urgency),Campo personalizado (User Story),Campo personalizado (V&V Approved),Campo personalizado (V&V Approver),Campo personalizado (V&V Platform),Campo personalizado (Validated by SQA),Campo personalizado (Validation History),Campo personalizado (Validation Records),Campo personalizado (Vendor),Campo personalizado (Verification Criteria),Campo personalizado (Verified by SQA),Campo personalizado (Vulnerability),Campo personalizado (WIP for Removal),Campo personalizado (Work category),Campo personalizado (Workaround),Campo personalizado (Workaround Type),Campo personalizado ([CHART] Date of First Response),Campo personalizado ([CHART] Time in Status),Campo personalizado (time in status),Campo personalizado (Áreas de foco),Comentar,Comentar,Comentar,Comentar,Categoria do status,Categoria do status alterada
6.800 - Ocorrência de furto e danos em equipamentos de preparo de solo – Projeto Santa Luzia (Fernando Bomfim) ,UNF2026-242,191745,Tarefa,Concluído,UNF2026,2026 - UNIDADE ESTRATÉGICA ,software,Adenilton Silva,633212a0fedc6169aed6fd7c,,,Itens concluídos,Adenilton Silva,633212a0fedc6169aed6fd7c,Adenilton Silva,633212a0fedc6169aed6fd7c,Adenilton Silva,633212a0fedc6169aed6fd7c,12/mai/26 3:26 PM,12/mai/26 4:11 PM,12/mai/26 4:10 PM,12/mai/26 4:10 PM,,0,"Foi registrada uma ocorrência de furto e danos em equipamentos da frente de Preparo de Solo no Projeto Santa Luzia – Fernando Bomfim, causando paralisação da operação. Os itens afetados incluem bordos, antenas, cabos e piloto automático, relacionados às seguintes máquinas/bordos:

* SN20319
* SN291990
* SN292320

Há solicitação de apoio da Hexagon para reposição/instalação dos equipamentos e cálculo de depreciação a ser repassada ao cliente. Adicionalmente, foi solicitado verificar e informar as *datas de início dos dados no SWS* para os três bordos mencionados.

h3. *Ações necessárias*

* Verificar as datas de início dos dados no SWS para os bordos SN20319, SN291990 e SN292320
* Apoiar na reposição/instalação dos equipamentos furtados/danificados
* Apoiar no cálculo de depreciação dos equipamentos para repasse ao cliente",,Adenilton Silva,,633212a0fedc6169aed6fd7c,,;12/mai/26 4:11 PM;633212a0fedc6169aed6fd7c;2400,,,,,,,,,,,,,3600,1200,2400,66%,3600,1200,2400,,,,,,,,,,,,,,,,,,,,,,,,,,,,,,,,com.atlassian.servicedesk.plugins.approvals.internal.customfield.ApprovalsCFValue@1aee4507,,,,"Dados compilados e enviado por e-mail, conforme o solicitado.",,,,,,,,,,,,,,,,,,,,,,,,,,,,,,,,Médio,,,,,,,,,,,,,,,,,,,,,,,,,12/mai/26 3:25 PM,12/mai/26 3:26 PM,12/mai/26 4:10 PM,12/mai/26 3:26 PM,,,,12/mai/26 3:25 PM,,,,,,,,,,,{},,,,,,,,,1.0,44.0,,,,,,,,,,,,,,,,,,,Sim ,,,,,,,,,,,,,,,,,,,,,,,,,,,,,,,,,,,,,,,,E-mail,,,,,,,,,,,Suporte Técnico e Treinamento,,,,,,,,,,,,,,,,,,,,,,,,,,,,,,,,,,,,,,,,,,,,,,,,,,,,,,,,,,,,,,,,,,,,,,,,,,1|i049fs:,,,,,,,,,,,,,,,,,,,,,,,,,,,,,,,,,,,,,,,,,,,,,,,,,,,,,,,,,,,,,,,,,,,,,,,,,,,,,,,,,,,,,,,,,,,,,,,,,,,,,,,,,,,,,,,,,,,,,,6.800,,Talvez,,,,,,,,,,,,,,,,,,,,,14838_*:*_1_*:*_9522_*|*_14518_*:*_1_*:*_0,14838_*:*_1_*:*_9522_*|*_14518_*:*_1_*:*_0,,,,,,Itens concluídos,12/mai/26 4:10 PM
6.400 - Cadastro de insumos – Formulações de adubos para CTi ,UNF2026-241,191276,Tarefa,DV. Unidade,UNF2026,2026 - UNIDADE ESTRATÉGICA ,software,Adenilton Silva,633212a0fedc6169aed6fd7c,,,,Adenilton Silva,633212a0fedc6169aed6fd7c,Adenilton Silva,633212a0fedc6169aed6fd7c,Adenilton Silva,633212a0fedc6169aed6fd7c,11/mai/26 12:21 PM,11/mai/26 1:20 PM,11/mai/26 1:19 PM,,,0,"Recebida a resposta à solicitação de informações com as formulações dos adubos necessárias para finalização do cadastro de informações do CTi. Foram informados os seguintes insumos:

* NPK 10-16-18
* KCl 00-00-48
* NPK 6-30-6
* Super Simples

Atividade consiste em validar e cadastrar essas informações no sistema conforme padrão definido.",,Adenilton Silva,,633212a0fedc6169aed6fd7c,,,,,,,,,,,,,,,3600,3600,,0%,3600,3600,,,11/mai/26 1:19 PM;633212a0fedc6169aed6fd7c;image-20260511-161947.png;https://agguidance.atlassian.net/rest/api/3/attachment/content/179515,,,,,,,,,,,,,,,,,,,,,,,,,,,,,,com.atlassian.servicedesk.plugins.approvals.internal.customfield.ApprovalsCFValue@774ba141,,,,"Cadastrado e retornado a unidade.

Aguardando validação.

!image-20260511-161947.png|width=336,alt=""image-20260511-161947.png""!",,,,,,,,,,,,,,,,,,,,,,,,,,,,,,,,Médio,,,,,,,,,,,,,,,,,,,,,,,,11/mai/26 1:20 PM,11/mai/26 12:20 PM,11/mai/26 12:21 PM,,11/mai/26 12:21 PM,,,,11/mai/26 12:20 PM,,,,,,,,,,,{},,,,,,,,,1.0,59.0,,,,,,,,,,,,,,,,,,,Sim ,,,,,,,,,,,,,,,,,,,,,,,,,,,,,,,,,,,,,,,,E-mail,,,,,,,,,,,Gestão de Dados e Integração,,,,,,,,,,,,,,,,,,,,,,,,,,,,,,,,,,,,,,,,,,,,,,,,,,,,,,,,,,,,,,,,,,,,,,,,,,1|i0495c:,,,,,,,,,,,,,,,,,,,,,,,,,,,,,,,,,,,,,,,,,,,,,,,,,,,,,,,,,,,,,,,,,,,,,,,,,,,,,,,,,,,,,,,,,,,,,,,,,,,,,,,,,,,,,,,,,,,,,,6.400,,Talvez,,,,,,,,,,,,,,,,,,,,,,,,,,,,Em andamento,11/mai/26 12:21 PM
6.500 - Análise e Reprocessamento de Arquivos – Apoio Técnico ,UNF2026-240,190888,Tarefa,Concluído,UNF2026,2026 - UNIDADE ESTRATÉGICA ,software,Adenilton Silva,633212a0fedc6169aed6fd7c,,,Itens concluídos,Adenilton Silva,633212a0fedc6169aed6fd7c,Adenilton Silva,633212a0fedc6169aed6fd7c,Adenilton Silva,633212a0fedc6169aed6fd7c,08/mai/26 11:48 AM,08/mai/26 12:39 PM,08/mai/26 12:38 PM,08/mai/26 12:39 PM,,0,"O técnico Welinton Estevão solicitou apoio para análise e reprocessamento de arquivos devido ao mesmo estar em atividade em campo.

*Contexto Técnico:*
Foi solicitado suporte operacional para validação e possível reprocessamento de arquivos relacionados às operações em andamento, visando garantir a correta atualização das informações nas plataformas e continuidade das atividades em campo.

*Objetivo:*
Realizar análise técnica dos arquivos envolvidos e executar os reprocessamentos necessários para normalização das informações operacionais.

*Ações Técnicas:*

* Validar os arquivos vinculados à solicitação
* Identificar possíveis inconsistências ou falhas de processamento
* Executar reprocessamentos necessários
* Validar atualização das informações nas plataformas envolvidas
* Retornar posicionamento ao técnico solicitante

*Critério de Encerramento:*
Ticket poderá ser encerrado após conclusão das análises, realização dos reprocessamentos necessários e validação do funcionamento correto das informações operacionais.",,Adenilton Silva,,633212a0fedc6169aed6fd7c,,;08/mai/26 12:39 PM;633212a0fedc6169aed6fd7c;2100,,,,,,,,,,,,,3600,1500,2100,58%,3600,1500,2100,,,,,,,,,,,,,,,,,,,,,,,,,,,,,,,,com.atlassian.servicedesk.plugins.approvals.internal.customfield.ApprovalsCFValue@1293d296,,,,"Dados encontrados com erro, e reprocessados, foram efetivados, retornado ao técnico solicitante.",,,,,,,,,,,,,,,,,,,,,,,,,,,,,,,,Fácil,,,,,,,,,,,,,,,,,,,,,,,,,08/mai/26 11:47 AM,08/mai/26 11:48 AM,08/mai/26 12:39 PM,08/mai/26 11:48 AM,,,,08/mai/26 11:47 AM,,,,,,,,,,,{},,,,,,,,,1.0,51.0,,,,,,,,,,,,,,,,,,,Sim ,,,,,,,,,,,,,,,,,,,,,,,,,,,,,,,,,,,,,,,,WhatsApp - PV,,,,,,,,,,,Suporte Técnico e Treinamento,,,,,,,,,,,,,,,,,,,,,,,,,,,,,,,,,,,,,,,,,,,,,,,,,,,,,,,,,,,,,,,,,,,,,,,,,,1|i048yw:,,,,,,,,,,,,,,,,,,,,,,,,,,,,,,,,,,,,,,,,,,,,,,,,,,,,,,,,,,,,,,,,,,,,,,,,,,,,,,,,,,,,,,,,,,,,,,,,,,,,,,,,,,,,,,,,,,,,,,6.500,,Sim,,,,,,,,,,,,,,,,,,,,,14838_*:*_1_*:*_25340_*|*_14518_*:*_1_*:*_0,14838_*:*_1_*:*_25340_*|*_14518_*:*_1_*:*_0,,,,,,Itens concluídos,08/mai/26 12:39 PM
6.300 - Ajuste de Associação de Usuário – Evandroev Suzano ,UNF2026-239,190838,Tarefa,Concluído,UNF2026,2026 - UNIDADE ESTRATÉGICA ,software,Adenilton Silva,633212a0fedc6169aed6fd7c,,,Itens concluídos,Adenilton Silva,633212a0fedc6169aed6fd7c,Adenilton Silva,633212a0fedc6169aed6fd7c,Adenilton Silva,633212a0fedc6169aed6fd7c,08/mai/26 9:34 AM,08/mai/26 10:06 AM,08/mai/26 10:05 AM,08/mai/26 10:05 AM,,0,"O coordenador Wriel solicitou apoio para ajuste cadastral do usuário [evandroev@suzano.com.br|mailto:evandroev@suzano.com.br].

*Contexto Técnico:*
Foi identificado que o usuário atualmente está associado apenas à estrutura Suzano-MA, limitando o acesso às demais unidades e informações da Suzano.

*Objetivo:*
Realizar o ajuste cadastral do usuário para associação à estrutura geral da Suzano, permitindo acesso completo ao ambiente conforme necessidade operacional.

*Ações Técnicas:*

* Validar cadastro atual do usuário [evandroev@suzano.com.br|mailto:evandroev@suzano.com.br]
* Remover vínculo restrito à Suzano-MA, se necessário
* Ajustar associação/permissão para estrutura geral Suzano
* Validar acessos após ajuste cadastral
* Confirmar funcionamento junto ao solicitante

*Critério de Encerramento:*
Ticket poderá ser encerrado após realização do ajuste cadastral, validação dos acessos e confirmação de funcionamento do usuário no ambiente Suzano completo.",,Adenilton Silva,,633212a0fedc6169aed6fd7c,,;08/mai/26 10:06 AM;633212a0fedc6169aed6fd7c;1200,,,,,,,,,,,,,3600,2400,1200,33%,3600,2400,1200,,08/mai/26 10:05 AM;633212a0fedc6169aed6fd7c;image-20260508-130542.png;https://agguidance.atlassian.net/rest/api/3/attachment/content/179195,,,,,,,,,,,,,,,,,,,,,,,,,,,,,,com.atlassian.servicedesk.plugins.approvals.internal.customfield.ApprovalsCFValue@474c8704,,,,"Solicitado apoio ao Guilherme Correa, apenas o setor resposável tem acesso a modificações diretas no banco.

Ajustado e retornado ao coordenador.

!image-20260508-130542.png|width=334,alt=""image-20260508-130542.png""!",,,,,,,,,,,,,,,,,,,,,,,,,,,,,,,,Difícil,,,,,,,,,,,,,,,,,,,,,,,,,08/mai/26 9:33 AM,08/mai/26 9:35 AM,08/mai/26 10:05 AM,08/mai/26 9:35 AM,,,,08/mai/26 9:33 AM,,,,,,,,,,,{},,,,,,,,,2.0,30.0,,,,,,,,,,,,,,,,,,,Sim ,,,,,,,,,,,,,,,,,,,,,,,,,,,,,,,,,,,,,,,,WhatsApp - PV,,,,,,,,,,,Suporte Técnico e Treinamento,,,,,,,,,,,,,,,,,,,,,,,,,,,,,,,,,,,,,,,,,,,,,,,,,,,,,,,,,,,,,,,,,,,,,,,,,,1|i048w0:,,,,,,,,,,,,,,,,,,,,,,,,,,,,,,,,,,,,,,,,,,,,,,,,,,,,,,,,,,,,,,,,,,,,,,,,,,,,,,,,,,,,,,,,,,,,,,,,,,,,,,,,,,,,,,,,,,,,,,6.300,,Não,,,,,,,,,,,,,,,,,,,,,14838_*:*_1_*:*_42065_*|*_14518_*:*_1_*:*_0,14838_*:*_1_*:*_42065_*|*_14518_*:*_1_*:*_0,,,,,,Itens concluídos,08/mai/26 10:05 AM
6.600 - Análise de Arquivos – Nova Fazenda Cadastrada Cliente JS-MA ,UNF2026-238,190805,Tarefa,Concluído,UNF2026,2026 - UNIDADE ESTRATÉGICA ,software,Adenilton Silva,633212a0fedc6169aed6fd7c,,,Itens concluídos,Adenilton Silva,633212a0fedc6169aed6fd7c,Adenilton Silva,633212a0fedc6169aed6fd7c,Adenilton Silva,633212a0fedc6169aed6fd7c,08/mai/26 8:51 AM,08/mai/26 11:38 AM,08/mai/26 11:37 AM,08/mai/26 11:38 AM,,0,"O coordenador William solicitou uma análise dos arquivos lançados referentes a uma nova fazenda cadastrada do cliente JS – MA.

*Contexto Técnico:*
Foi identificado o envio/lançamento de arquivos vinculados a uma nova estrutura fazendária cadastrada para o cliente JS – MA, sendo necessário validar o processamento, integridade das informações e comportamento dos arquivos nas plataformas envolvidas.

*Objetivo:*
Realizar a análise técnica dos arquivos enviados da nova fazenda cadastrada, validando consistência cadastral, processamento e possíveis divergências operacionais.

*Ações Técnicas:*

* Validar os arquivos lançados vinculados à nova fazenda do cliente JS – MA
* Analisar possíveis inconsistências cadastrais ou estruturais
* Verificar processamento e integração nas plataformas
* Validar se os arquivos estão sendo consumidos corretamente nos relatórios e operações
* Retornar com parecer técnico ao solicitante

*Critério de Encerramento:*
Ticket poderá ser encerrado após conclusão da análise técnica dos arquivos, validação do comportamento operacional e retorno formal ao coordenador William com o parecer final.",,Adenilton Silva,,633212a0fedc6169aed6fd7c,,;08/mai/26 11:38 AM;633212a0fedc6169aed6fd7c;1500,,,,,,,,,,,,,3600,2100,1500,41%,3600,2100,1500,,,,,,,,,,,,,,,,,,,,,,,,,,,,,,,,com.atlassian.servicedesk.plugins.approvals.internal.customfield.ApprovalsCFValue@2050de2b,,,,Dados Reprocessados e efetivados juntamente as geometrias.,,,,,,,,,,,,,,,,,,,,,,,,,,,,,,,,Fácil,,,,,,,,,,,,,,,,,,,,,,,,,08/mai/26 8:50 AM,08/mai/26 9:37 AM,08/mai/26 11:38 AM,08/mai/26 9:37 AM,,,,08/mai/26 8:50 AM,,,,,,,,,,,{},,,,,,,,,47.0,121.0,,,,,,,,,,,,,,,,,,,Sim ,,,,,,,,,,,,,,,,,,,,,,,,,,,,,,,,,,,,,,,,WhatsApp - PV,,,,,,,,,,,Suporte Técnico e Treinamento,,,,,,,,,,,,,,,,,,,,,,,,,,,,,,,,,,,,,,,,,,,,,,,,,,,,,,,,,,,,,,,,,,,,,,,,,,1|i048vs:,,,,,,,,,,,,,,,,,,,,,,,,,,,,,,,,,,,,,,,,,,,,,,,,,,,,,,,,,,,,,,,,,,,,,,,,,,,,,,,,,,,,,,,,,,,,,,,,,,,,,,,,,,,,,,,,,,,,,,6.600,,Sim,,,,,,,,,,,,,,,,,,,,,14838_*:*_1_*:*_2772502_*|*_14518_*:*_1_*:*_0,14838_*:*_1_*:*_2772502_*|*_14518_*:*_1_*:*_0,,,,,,Itens concluídos,08/mai/26 11:38 AM
6.200 - Dúvida na identificação de área trabalhada no OM – Cliente Veracel ,UNF2026-237,190689,Tarefa,Concluído,UNF2026,2026 - UNIDADE ESTRATÉGICA ,software,Adenilton Silva,633212a0fedc6169aed6fd7c,,,Itens concluídos,Adenilton Silva,633212a0fedc6169aed6fd7c,Adenilton Silva,633212a0fedc6169aed6fd7c,Adenilton Silva,633212a0fedc6169aed6fd7c,07/mai/26 5:32 PM,08/mai/26 8:06 AM,08/mai/26 8:05 AM,08/mai/26 8:06 AM,,0,"A colaboradora Nidia, do cliente Veracel, realizou contato com nossa equipe devido a uma dúvida relacionada à identificação da área trabalhada no OM, especificamente no arquivo CSV gerado pela plataforma.

Contexto Técnico
Segundo informado pela colaboradora, foi realizado contato prévio com a unidade responsável, porém a unidade orientou que o alinhamento fosse realizado diretamente com nossa equipe para análise e esclarecimento da divergência apresentada no CSV exportado pelo OM.

Objetivo
Analisar a estrutura e as informações do CSV gerado no OM, validando a identificação da área trabalhada e esclarecendo o comportamento apresentado ao cliente.

Ações Técnicas

* Validar o CSV encaminhado pela cliente
* Analisar os campos utilizados para identificação da área trabalhada no OM
* Verificar possíveis divergências entre o relatório apresentado na plataforma e o CSV exportado
* Realizar alinhamento com a unidade responsável, caso necessário
* Retornar posicionamento para a cliente Veracel

Critério de Encerramento
Ticket poderá ser encerrado após validação das informações do CSV, esclarecimento da dúvida apresentada pela cliente e retorno formal com o posicionamento da análise realizada.",,Adenilton Silva,,633212a0fedc6169aed6fd7c,,;08/mai/26 8:06 AM;633212a0fedc6169aed6fd7c;600,,,,,,,,,,,,,1800,1200,600,33%,1800,1200,600,,,,,,,,,,,,,,,,,,,,,,,,,,,,,,,,com.atlassian.servicedesk.plugins.approvals.internal.customfield.ApprovalsCFValue@410824cb,,,,Baixada a tabela e enviada ao cliente evidenciando o solicitado.,,,,,,,,,,,,,,,,,,,,,,,,,,,,,,,,Fácil,,,,,,,,,,,,,,,,,,,,,,,,,07/mai/26 5:30 PM,07/mai/26 5:33 PM,08/mai/26 8:06 AM,07/mai/26 5:33 PM,,,,07/mai/26 5:30 PM,,,,,,,,,,,{},,,,,,,,,3.0,873.0,,,,,,,,,,,,,,,,,,,Sim ,,,,,,,,,,,,,,,,,,,,,,,,,,,,,,,,,,,,,,,,WhatsApp - PV,,,,,,,,,,,Suporte Técnico e Treinamento,,,,,,,,,,,,,,,,,,,,,,,,,,,,,,,,,,,,,,,,,,,,,,,,,,,,,,,,,,,,,,,,,,,,,,,,,,1|i048t4:,,,,,,,,,,,,,,,,,,,,,,,,,,,,,,,,,,,,,,,,,,,,,,,,,,,,,,,,,,,,,,,,,,,,,,,,,,,,,,,,,,,,,,,,,,,,,,,,,,,,,,,,,,,,,,,,,,,,,,6.200,,Sim,,,,,,,,,,,,,,,,,,,,,14838_*:*_1_*:*_10579_*|*_14518_*:*_1_*:*_0,14838_*:*_1_*:*_10579_*|*_14518_*:*_1_*:*_0,,,,,,Itens concluídos,08/mai/26 8:06 AM
6.500 - Solicitação Apoio Analise de Dados,UNF2026-236,190538,Tarefa,Concluído,UNF2026,2026 - UNIDADE ESTRATÉGICA ,software,Adenilton Silva,633212a0fedc6169aed6fd7c,,,Itens concluídos,Adenilton Silva,633212a0fedc6169aed6fd7c,Welinton Silva,712020:21e2d9c9-0f61-4500-b7e0-312746cc1897,Welinton Silva,712020:21e2d9c9-0f61-4500-b7e0-312746cc1897,07/mai/26 10:29 AM,07/mai/26 2:05 PM,07/mai/26 12:16 PM,07/mai/26 2:04 PM,,0,"Solicito o apoio de análise de dados da empresa JRM SP para realização de verificações  e levantamento de informações, com o objetivo de identificar a causa da pendência apresentada e aplicar as devidas tratativas para normalização do processo.

Frota 443: bordo  26943

Frota 429: BORDO 26929

Frota 425 bordo 26921

Período:    18/03 á 21/04",,Welinton Silva,,712020:21e2d9c9-0f61-4500-b7e0-312746cc1897,,;07/mai/26 2:05 PM;633212a0fedc6169aed6fd7c;6660,,,,,,,,,,,,,,0,6660,,,0,6660,,,,,,,,,,,,,,,,,,,,,,,,,,,,,,,,com.atlassian.servicedesk.plugins.approvals.internal.customfield.ApprovalsCFValue@2103ee21,,,,"Pendentes informações conforme conversamos.
Número do display.

Data da operação.

Área realizada no período.

Aguardamos para prosseguirmos com analises.



Compilado os dados e enviado ao cliente, encontramos 2 arquivos que não foram transmitidos para o SWS, os mesmos foram baixados e enviados diretamente na plataforma.",,,,,,,,,,,,,,,,,,,,,,,,,,,,,,,,Médio,,,,,,,,,,,,,,,,,,,,,,,,07/mai/26 10:33 AM,07/mai/26 10:26 AM,07/mai/26 10:33 AM,07/mai/26 2:04 PM,07/mai/26 10:33 AM,,,,07/mai/26 10:26 AM,,,,,,,,,,,{},,,,,,,,211.0,7.0,0.0,,,,,,,,,,,,,,,,,,,Sim ,,,,,,,,,,,,,,,,,,,,,,,,,,,,,,,,,,,,,,,,JIRA ,WhatsApp - PV,,,,,,,,,,Suporte Técnico e Treinamento,,,,,,,,,,,,,,,,,,,,,,,,,,,,,,,,,,,,,,,,,,,,,,,,,,,,,,,,,,,,,,,,,,,,,,,,,,1|i048og:,,,,,,,,,,,,,,,,,,,,,,,,,,,,,,,,,,,,,,,,,,,,,,,,,,,,,,,,,,,,,,,,,,,,,,,,,,,,,,,,,,,,,,,,,,,,,,,,,,,,,,,,,,,,,,,,,,,,,,6.500,,Talvez,,,,,,,,,,,,,,,,,,,,,14838_*:*_1_*:*_220937_*|*_14518_*:*_1_*:*_5133_*|*_14520_*:*_1_*:*_0,14838_*:*_1_*:*_220937_*|*_14518_*:*_1_*:*_5133_*|*_14520_*:*_1_*:*_0,,,,,,Itens concluídos,07/mai/26 2:04 PM
6.700 - Atualização da base completa – Smurfit Westrock (Maio/2026) ,UNF2026-234,190501,Tarefa,Concluído,UNF2026,2026 - UNIDADE ESTRATÉGICA ,software,Adenilton Silva,633212a0fedc6169aed6fd7c,,,Itens concluídos,Adenilton Silva,633212a0fedc6169aed6fd7c,Adenilton Silva,633212a0fedc6169aed6fd7c,Adenilton Silva,633212a0fedc6169aed6fd7c,07/mai/26 8:49 AM,07/mai/26 12:09 PM,07/mai/26 12:09 PM,07/mai/26 12:09 PM,,0,"A cliente [*Renata Rodrigues*|https://www.office.com/search?q=Renata+Rodrigues&EntityRepresentationId=3c38a70b-edda-4418-9c79-4255089b3612] (Smurfit Westrock) encaminhou a *base completa atualizada referente ao mês de maio/2026*, contemplando áreas próprias, parceria direta e arrendamento.

*Arquivos recebidos em anexo:*

* [Base_WGS_Maio_SW.zip|https://outlook.office365.com/owa/?viewmodel=IAttachmentViewModelPopoutFactory&AttachmentId=AAMkADNmYjliODY0LTA5ZjUtNDQzMC1hZTRkLWRkMzkwYmE1ZDU0YQBGAAAAAAA15eJ_psOrTZX-s0SR2rwgBwCxubeHrBb6TrH5trr1i-WQAAAAAAEMAACxubeHrBb6TrH5trr1i-WQAAU-IMK5AAABEgAQAGKVKLU7h0NCjbRVkPbdWus=&ItemId=AAMkADNmYjliODY0LTA5ZjUtNDQzMC1hZTRkLWRkMzkwYmE1ZDU0YQBGAAAAAAA15eJ+psOrTZX/s0SR2rwgBwCxubeHrBb6TrH5trr1i/WQAAAAAAEMAACxubeHrBb6TrH5trr1i/WQAAU/IMK5AAA=&AttachmentName=Base_WGS_Maio_SW.zip&EntityRepresentationId=66bc6a37-49d5-43c1-8038-62eabffa4b0b] (base geográfica em WGS84)
* [Dados_Maio_2026.xlsx|https://outlook.office365.com/owa/?viewmodel=IAttachmentViewModelPopoutFactory&AttachmentId=AAMkADNmYjliODY0LTA5ZjUtNDQzMC1hZTRkLWRkMzkwYmE1ZDU0YQBGAAAAAAA15eJ_psOrTZX-s0SR2rwgBwCxubeHrBb6TrH5trr1i-WQAAAAAAEMAACxubeHrBb6TrH5trr1i-WQAAU-IMK5AAABEgAQAEmN90gsDsJGs_e9kqRVf5k=&ItemId=AAMkADNmYjliODY0LTA5ZjUtNDQzMC1hZTRkLWRkMzkwYmE1ZDU0YQBGAAAAAAA15eJ+psOrTZX/s0SR2rwgBwCxubeHrBb6TrH5trr1i/WQAAAAAAEMAACxubeHrBb6TrH5trr1i/WQAAU/IMK5AAA=&AttachmentName=Dados_Maio_2026.xlsx&EntityRepresentationId=0e3f7431-bd47-4514-8698-010b6d18b0a6] (dados tabulares da base)

*Contexto:*

* Atualização mensal recorrente de base cartográfica.
* Substitui versões anteriores (março e abril/2026).
* Base enviada já no sistema de coordenadas correto (WGS 84).

*Ações esperadas:*

* Validar integridade da base recebida.
* Realizar cadastro/atualização da base no sistema.
* Confirmar conclusão à cliente.",,Adenilton Silva,,633212a0fedc6169aed6fd7c,,;07/mai/26 12:09 PM;633212a0fedc6169aed6fd7c;2400,,,,,,,,,,,,,3600,1200,2400,66%,3600,1200,2400,,,,,,,,,,,,,,,,,,,,,,,,,,,,,,,,com.atlassian.servicedesk.plugins.approvals.internal.customfield.ApprovalsCFValue@2d8b69dc,,,,"Dados tratados e cadastrados, SWS e Atom ",,,,,,,,,,,,,,,,,,,,,,,,,,,,,,,,Difícil,,,,,,,,,,,,,,,,,,,,,,,,,07/mai/26 8:48 AM,07/mai/26 11:29 AM,07/mai/26 12:09 PM,07/mai/26 11:29 AM,,,,07/mai/26 8:48 AM,,,,,,,,,,,{},,,,,,,,,161.0,40.0,,,,,,,,,,,,,,,,,,,Sim ,,,,,,,,,,,,,,,,,,,,,,,,,,,,,,,,,,,,,,,,E-mail,,,,,,,,,,,Cadastro e Gestão de Geometrias,,,,,,,,,,,,,,,,,,,,,,,,,,,,,,,,,,,,,,,,,,,,,,,,,,,,,,,,,,,,,,,,,,,,,,,,,,1|i048nk:,,,,,,,,,,,,,,,,,,,,,,,,,,,,,,,,,,,,,,,,,,,,,,,,,,,,,,,,,,,,,,,,,,,,,,,,,,,,,,,,,,,,,,,,,,,,,,,,,,,,,,,,,,,,,,,,,,,,,,6.700,,Não,,,,,,,,,,,,,,,,,,,,,14838_*:*_1_*:*_9602685_*|*_14518_*:*_1_*:*_0,14838_*:*_1_*:*_9602685_*|*_14518_*:*_1_*:*_0,,,,,,Itens concluídos,07/mai/26 12:09 PM
6.600 - Divergência no relatório de calibração de pulverização – Suzano ,UNF2026-233,190296,Tarefa,DV. Unidade,UNF2026,2026 - UNIDADE ESTRATÉGICA ,software,Adenilton Silva,633212a0fedc6169aed6fd7c,,,,Adenilton Silva,633212a0fedc6169aed6fd7c,Adenilton Silva,633212a0fedc6169aed6fd7c,Adenilton Silva,633212a0fedc6169aed6fd7c,06/mai/26 3:08 PM,07/mai/26 3:46 PM,07/mai/26 3:45 PM,,,0,"O coordenador [~accountid:712020:711a0862-2da9-45eb-9e64-8116dc000ec6]  solicitou uma análise referente à divergência identificada no relatório de calibração de pulverização do cliente Suzano.

*Contexto Técnico*
Foi identificado um comportamento inconsistente no relatório, onde ao realizar filtros em períodos curtos é apresentada uma determinada informação, porém ao ampliar o período filtrado os resultados retornados divergem dos valores anteriormente apresentados.

A inconsistência impacta a confiabilidade das informações analíticas disponibilizadas no relatório de calibração.

*Objetivo*
Analisar a origem da divergência apresentada no relatório de calibração de pulverização, validando regras de consolidação, filtros aplicados e comportamento do processamento das informações conforme diferentes períodos selecionados.

*Ações Técnicas*

* Validar comportamento do relatório em diferentes intervalos de datas
* Comparar resultados retornados entre períodos curtos e períodos longos
* Verificar possíveis inconsistências nas regras de agrupamento/consolidação
* Avaliar impacto de reprocessamentos ou sincronizações no resultado apresentado
* Identificar se a divergência ocorre apenas no ambiente OM ou também em outras plataformas correlacionadas

*Critério de Encerramento*

* Origem da divergência identificada
* Validação técnica concluída
* Ajuste aplicado ou devolutiva técnica documentada
* Coordenador William posicionado sobre o resultado da análise",,Adenilton Silva,,633212a0fedc6169aed6fd7c,,,,,,,,,,,,,,,7200,7200,,0%,7200,7200,,,,,,,,,,,,,,,,,,,,,,,,,,,,,,,,,com.atlassian.servicedesk.plugins.approvals.internal.customfield.ApprovalsCFValue@6dec77ce,,,,"Necessários dados de campo, display que estava na operação de pulverização e período que houve a calibração.",,,,,,,,,,,,,,,,,,,,,,,,,,,,,,,,Médio,,,,,,,,,,,,,,,,,,,,,,,,07/mai/26 3:46 PM,06/mai/26 3:07 PM,07/mai/26 3:46 PM,,07/mai/26 3:46 PM,,,,06/mai/26 3:07 PM,,,,,,,,,,,{},,,,,,,,,1479.0,0.0,,,,,,,,,,,,,,,,,,,Sim ,,,,,,,,,,,,,,,,,,,,,,,,,,,,,,,,,,,,,,,,WhatsApp - PV,,,,,,,,,,,Análise e Diagnóstico de Bugs na Plataforma,,,,,,,,,,,,,,,,,,,,,,,,,,,,,,,,,,,,,,,,,,,,,,,,,,,,,,,,,,,,,,,,,,,,,,,,,,1|i048ko:,,,,,,,,,,,,,,,,,,,,,,,,,,,,,,,,,,,,,,,,,,,,,,,,,,,,,,,,,,,,,,,,,,,,,,,,,,,,,,,,,,,,,,,,,,,,,,,,,,,,,,,,,,,,,,,,,,,,,,6.600,,Talvez,,,,,,,,,,,,,,,,,,,,,,,,,,,,Em andamento,06/mai/26 3:08 PM
6.400 - Validação de SHAPE – Recomendação enviada pela FieldEyes ,UNF2026-232,190178,Tarefa,Dev. Cliente,UNF2026,2026 - UNIDADE ESTRATÉGICA ,software,Adenilton Silva,633212a0fedc6169aed6fd7c,,,,Adenilton Silva,633212a0fedc6169aed6fd7c,Adenilton Silva,633212a0fedc6169aed6fd7c,Adenilton Silva,633212a0fedc6169aed6fd7c,06/mai/26 9:06 AM,06/mai/26 9:19 AM,11/mai/26 9:09 AM,,,0,"O fornecedor *FieldEyes*, por meio de *Dennis Bernardi*, encaminhou o material de *SHAPE de recomendação* para *validação*.

O envio ocorreu com atraso devido a um problema de saúde, já comunicado pelo remetente. O material foi apresentado como versão atual (“ficou dessa forma”) e está *aberto para ajustes*, caso sejam identificados pontos de correção.

*Ações esperadas:*

* Validar o SHAPE de recomendação enviado;
* Avaliar se há necessidade de ajustes técnicos;
* Retornar ao fornecedor com aprovação ou solicitação de correções.

*Partes envolvidas:*

* Dennis Bernardi (FieldEyes)
* Luiz Mendes Takarada (ArcelorMittal)
* Adenilton Silva / Flavio Silva (Hexagon)
* Erik Rafael Maia (incluído no fluxo)

*Origem:* Email recebido em 04/05/2026.",,Adenilton Silva,,633212a0fedc6169aed6fd7c,,,,,,,,,,,,,,,28800,28800,,0%,28800,28800,,,,,,,,,,,,,,,,,,,,,,,,,,,,,,,,,com.atlassian.servicedesk.plugins.approvals.internal.customfield.ApprovalsCFValue@570ed39b,,,,"Pendente arquivo SHP, retornado ao cliente.",,,,,,,,,,,,,,,,,,,,,,,,,,,,,,,,Médio,,,,,,,,,,,,,,,,,,,,,,06/mai/26 9:19 AM,,,06/mai/26 9:05 AM,06/mai/26 9:08 AM,,06/mai/26 9:08 AM,,,,06/mai/26 9:05 AM,,,,,,,,,,,{},,,,,,,,,3.0,11.0,,,,,,,,,,,,,,,,,,,Sim ,,,,,,,,,,,,,,,,,,,,,,,,,,,,,,,,,,,,,,,,E-mail,,,,,,,,,,,Suporte Técnico e Treinamento,,,,,,,,,,,,,,,,,,,,,,,,,,,,,,,,,,,,,,,,,,,,,,,,,,,,,,,,,,,,,,,,,,,,,,,,,,1|i048ig:,,,,,,,,,,,,,,,,,,,,,,,,,,,,,,,,,,,,,,,,,,,,,,,,,,,,,,,,,,,,,,,,,,,,,,,,,,,,,,,,,,,,,,,,,,,,,,,,,,,,,,,,,,,,,,,,,,,,,,6.400,,Talvez,,,,,,,,,,,,,,,,,,,,,,,,,,,,Em andamento,06/mai/26 9:06 AM
6.600 - Inclusão de dados da Fazenda Timbuí no SWS2 para geração de mapas ,UNF2026-231,189988,Tarefa,Concluído,UNF2026,2026 - UNIDADE ESTRATÉGICA ,software,Adenilton Silva,633212a0fedc6169aed6fd7c,,,Itens concluídos,Adenilton Silva,633212a0fedc6169aed6fd7c,Adenilton Silva,633212a0fedc6169aed6fd7c,Adenilton Silva,633212a0fedc6169aed6fd7c,05/mai/26 12:05 PM,07/mai/26 10:57 AM,11/mai/26 10:14 AM,07/mai/26 10:57 AM,,0,"A [Eva Abreu - JSF|https://www.office.com/search?q=Eva+Abreu+-+JSF&EntityRepresentationId=de3d1211-0b5f-494e-a868-c98bd25813ad] encaminhou arquivos geoespaciais referentes à *Fazenda Timbuí*, onde está sendo realizada operação de *subsolagem com sistema Hexagon*.
Solicitação para *incluir os dados no SWS2*, a fim de viabilizar a *geração dos mapas da operação*.

*Anexos:* arquivos shapefile (uso do solo) enviados por e-mail.",,Adenilton Silva,,633212a0fedc6169aed6fd7c,,,,,,,,,,,,,,,3600,3600,,0%,3600,3600,,,,,,,,,,,,,,,,,,,,,,,,,,,,,,,,,com.atlassian.servicedesk.plugins.approvals.internal.customfield.ApprovalsCFValue@3b9244c7,,,,"Vieram informações divergentes, devido a isso retornado ao cliente, e aguardando retorno para seguimento dos cadastros.

Cadastrado.",,,,,,,,,,,,,,,,,,,,,,,,,,,,,,,,Difícil,,,,,,,,,,,,,,,,,,,,,,05/mai/26 12:28 PM,,,05/mai/26 12:04 PM,05/mai/26 12:06 PM,07/mai/26 10:57 AM,05/mai/26 12:06 PM,,,,05/mai/26 12:04 PM,,,,,,,,,,,{},,,,,,2789.0,,,2.0,22.0,,,,,,,,,,,,,,,,,,,Sim ,,,,,,,,,,,,,,,,,,,,,,,,,,,,,,,,,,,,,,,,E-mail,,,,,,,,,,,Cadastro e Gestão de Geometrias,,,,,,,,,,,,,,,,,,,,,,,,,,,,,,,,,,,,,,,,,,,,,,,,,,,,,,,,,,,,,,,,,,,,,,,,,,1|i048c8:,,,,,,,,,,,,,,,,,,,,,,,,,,,,,,,,,,,,,,,,,,,,,,,,,,,,,,,,,,,,,,,,,,,,,,,,,,,,,,,,,,,,,,,,,,,,,,,,,,,,,,,,,,,,,,,,,,,,,,6.600,,Não,,,,,,,,,,,,,,,,,,,,,14838_*:*_1_*:*_9578_*|*_14518_*:*_1_*:*_1329497_*|*_14521_*:*_1_*:*_0,14838_*:*_1_*:*_9578_*|*_14518_*:*_1_*:*_1329497_*|*_14521_*:*_1_*:*_0,,,,,,Itens concluídos,07/mai/26 10:57 AM
6.400 - Cadastro da base cartográfica Aperam – Área Produtiva atualizada ,UNF2026-230,189954,Tarefa,Dev. Cliente,UNF2026,2026 - UNIDADE ESTRATÉGICA ,software,Adenilton Silva,633212a0fedc6169aed6fd7c,,,,Adenilton Silva,633212a0fedc6169aed6fd7c,Adenilton Silva,633212a0fedc6169aed6fd7c,Adenilton Silva,633212a0fedc6169aed6fd7c,05/mai/26 11:02 AM,05/mai/26 12:01 PM,11/mai/26 12:19 PM,,,0,"Foi recebida da *Aperam* a camada *shapefile de Área Produtiva*, devidamente atualizada e com todos os atributos preenchidos, confirmada como a *base correta para cadastro operacional* na plataforma, contemplando apenas áreas com ocorrência de operações.

Pontos principais:

* A camada *Área Produtiva* é a única a ser utilizada para o cadastro.
* A definição do atributo que representa *“Fazenda”* ainda depende de validação com o time de Silvicultura, sob responsabilidade do Romario Emiliano Barbosa Olimpo.
* A base enviada já considera a correção de registros anteriormente identificados sem preenchimento de atributos.

*Próximos passos:*

* Aguardar confirmação do atributo “Fazenda”.
* Realizar o tratamento final e efetuar o *cadastro da nova base cartográfica na plataforma*.

*Anexo:*

* [shp_area_produtiva.zip|https://outlook.office365.com/owa/?viewmodel=IAttachmentViewModelPopoutFactory&AttachmentId=AAMkADNmYjliODY0LTA5ZjUtNDQzMC1hZTRkLWRkMzkwYmE1ZDU0YQBGAAAAAAA15eJ_psOrTZX-s0SR2rwgBwCxubeHrBb6TrH5trr1i-WQAAAAAAEMAACxubeHrBb6TrH5trr1i-WQAAU6ePB9AAABEgAQADZL3b4Wx0hMi29MsoIjPDI=&ItemId=AAMkADNmYjliODY0LTA5ZjUtNDQzMC1hZTRkLWRkMzkwYmE1ZDU0YQBGAAAAAAA15eJ+psOrTZX/s0SR2rwgBwCxubeHrBb6TrH5trr1i/WQAAAAAAEMAACxubeHrBb6TrH5trr1i/WQAAU6ePB9AAA=&AttachmentName=shp_area_produtiva.zip&EntityRepresentationId=64ffa775-1097-4be3-ab06-1b89b6d5bfee]",,Adenilton Silva,,633212a0fedc6169aed6fd7c,,;05/mai/26 12:01 PM;633212a0fedc6169aed6fd7c;2400,,,,,,,,,,,,,7200,4800,2400,33%,7200,4800,2400,,,,,,,,,,,,,,,,,,,,,,,,,,,,,,,,com.atlassian.servicedesk.plugins.approvals.internal.customfield.ApprovalsCFValue@24cc154e,,,,"Pendentes algumas informações cadastrais, solicitado para cliente e aguardando retorno.",,,,,,,,,,,,,,,,,,,,,,,,,,,,,,,,Difícil,,,,,,,,,,,,,,,,,,,,,,05/mai/26 12:01 PM,,,05/mai/26 11:00 AM,05/mai/26 11:02 AM,,05/mai/26 11:02 AM,,,,05/mai/26 11:00 AM,,,,,,,,,,,{},,,,,,,,,2.0,59.0,,,,,,,,,,,,,,,,,,,Sim ,,,,,,,,,,,,,,,,,,,,,,,,,,,,,,,,,,,,,,,,E-mail,,,,,,,,,,,Cadastro e Gestão de Geometrias,,,,,,,,,,,,,,,,,,,,,,,,,,,,,,,,,,,,,,,,,,,,,,,,,,,,,,,,,,,,,,,,,,,,,,,,,,1|i048bs:,,,,,,,,,,,,,,,,,,,,,,,,,,,,,,,,,,,,,,,,,,,,,,,,,,,,,,,,,,,,,,,,,,,,,,,,,,,,,,,,,,,,,,,,,,,,,,,,,,,,,,,,,,,,,,,,,,,,,,6.400,,Sim,,,,,,,,,,,,,,,,,,,,,,,,,,,,Em andamento,05/mai/26 11:02 AM
6.800 - Erro SWS 2 - Falta de espaço na plataforma  ,UNF2026-229,189883,Tarefa,Concluído,UNF2026,2026 - UNIDADE ESTRATÉGICA ,software,Adenilton Silva,633212a0fedc6169aed6fd7c,,,Itens concluídos,Adenilton Silva,633212a0fedc6169aed6fd7c,Adenilton Silva,633212a0fedc6169aed6fd7c,Adenilton Silva,633212a0fedc6169aed6fd7c,05/mai/26 9:15 AM,05/mai/26 9:19 AM,05/mai/26 9:16 AM,05/mai/26 9:17 AM,,0,"Identificado erro na plataforma SWS 2 relacionado à indisponibilidade causada por falta de espaço em disco, impactando o funcionamento do sistema.

*Contexto Técnico:*
A plataforma apresentou falhas desde o dia 30/04/2026, porém a identificação formal do problema ocorreu apenas em 04/05/2026, devido ao período de final de semana prolongado.
O erro está relacionado à mensagem de “falta de espaço”, impedindo o correto processamento e funcionamento das rotinas do sistema.

*Objetivo:*
Restabelecer o funcionamento normal da plataforma SWS 2 por meio da liberação de espaço e estabilização do ambiente.

*Ações Técnicas:*

* Comunicação do incidente ao time responsável
* Solicitação de reinicialização da plataforma
* Verificação e liberação de espaço em disco
* Monitoramento pós-reinicialização para validação da estabilidade

*Critério de Encerramento:*

* Plataforma SWS 2 operando normalmente
* Erro de falta de espaço não recorrente
* Validação do funcionamento das rotinas afetadas após estabilização",,Adenilton Silva,,633212a0fedc6169aed6fd7c,,;05/mai/26 9:19 AM;633212a0fedc6169aed6fd7c;11940,,,,,,,,,,,,,14400,2460,11940,82%,14400,2460,11940,,,,,,,,,,,,,,,,,,,,,,,,,,,,,,,,com.atlassian.servicedesk.plugins.approvals.internal.customfield.ApprovalsCFValue@33c0a63b,,,,"Comunicamos o time responsável, que atendeu de imediato, realizando um reset na plataforma.

Reprocessamos todos os arquivos com erro, assim sanado todas as divergências.",,,,,,,,,,,,,,,,,,,,,,,,,,,,,,,,Difícil,,,,,,,,,,,,,,,,,,,,,,,04/mai/26 10:40 AM,,04/mai/26 9:14 AM,04/mai/26 10:25 AM,05/mai/26 9:17 AM,05/mai/26 9:16 AM,,,,05/mai/26 9:14 AM,,,,,,,,,,,{},,,,,,,33.0,,71.0,194.0,,,,,,,,,,,,,,,,,,,Sim ,,,,,,,,,,,,,,,,,,,,,,,,,,,,,,,,,,,,,,,,Teams,,,,,,,,,,,Análise e Diagnóstico de Bugs na Plataforma,,,,,,,,,,,,,,,,,,,,,,,,,,,,,,,,,,,,,,,,,,,,,,,,,,,,,,,,,,,,,,,,,,,,,,,,,,1|i048a8:,,,,,,,,,,,,,,,,,,,,,,,,,,,,,,,,,,,,,,,,,,,,,,,,,,,,,,,,,,,,,,,,,,,,,,,,,,,,,,,,,,,,,,,,,,,,,,,,,,,,,,,,,,,,,,,,,,,,,,6.800,,Sim,,,,,,,,,,,,,,,,,,,,,14838_*:*_1_*:*_15707_*|*_14518_*:*_1_*:*_0,14838_*:*_1_*:*_15707_*|*_14518_*:*_1_*:*_0,,,,,,Itens concluídos,05/mai/26 9:17 AM
6.800 - Atualização base cadastral 04/2026 - Suzano BR ,UNF2026-228,189882,Tarefa,Concluído,UNF2026,2026 - UNIDADE ESTRATÉGICA ,software,Adenilton Silva,633212a0fedc6169aed6fd7c,,,Itens concluídos,Adenilton Silva,633212a0fedc6169aed6fd7c,Adenilton Silva,633212a0fedc6169aed6fd7c,Adenilton Silva,633212a0fedc6169aed6fd7c,05/mai/26 9:11 AM,07/mai/26 3:44 PM,07/mai/26 3:44 PM,07/mai/26 3:44 PM,,0,"Realizar a atualização da base cadastral referente ao mês 04/2026 para o cliente Suzano BR, garantindo consistência das informações e substituição das estruturas anteriores.

*Contexto Técnico:*
Recebida nova base geométrica para atualização cadastral. Necessário validar integridade dos arquivos (SHP, SHX, DBF, PRJ), bem como garantir que a base enviada seja completa, evitando sobreposição ou duplicidade de estruturas já existentes. Processo impacta diretamente os cadastros utilizados nas plataformas OM/SWS.

*Objetivo:*
Atualizar a base cadastral do cliente Suzano BR com os dados mais recentes, assegurando a correta ativação das novas áreas e inativação das estruturas antigas, mantendo a rastreabilidade e integridade das informações.

*Ações Técnicas:*

* Validar arquivos recebidos (.shp, .shx, .dbf, .prj)
* Conferir se a base enviada é completa (não parcial)
* Identificar e evitar duplicidade de estruturas
* Inativar estruturas antigas no ambiente
* Realizar carga da nova base cadastral
* Validar vínculo com produtor/fornecedor (providers_list)
* Realizar validação pós-carga no OM/SWS
* Caso necessário, acionar reprocessamento para refletir alterações",,Adenilton Silva,,633212a0fedc6169aed6fd7c,,;05/mai/26 9:12 AM;633212a0fedc6169aed6fd7c;2700,;07/mai/26 3:44 PM;633212a0fedc6169aed6fd7c;3300,,,,,,,,,,,,7200,1200,6000,83%,7200,1200,6000,,,,,,,,,,,,,,,,,,,,,,,,,,,,,,,,com.atlassian.servicedesk.plugins.approvals.internal.customfield.ApprovalsCFValue@10400816,,,,Dados tratados e cadastrados.,,,,,,,,,,,,,,,,,,,,,,,,,,,,,,,,Difícil,,,,,,,,,,,,,,,,,,,,,,,,,30/abr/26 9:09 AM,02/mai/26 10:20 AM,07/mai/26 3:44 PM,30/abr/26 9:11 AM,,,,30/abr/26 9:09 AM,,,,,,,,,,,{},,,,,,,,,2.0,7524.0,,,,,,,,,,,,,,,,,,,Sim ,,,,,,,,,,,,,,,,,,,,,,,,,,,,,,,,,,,,,,,,E-mail,,,,,,,,,,,Cadastro e Gestão de Geometrias,,,,,,,,,,,,,,,,,,,,,,,,,,,,,,,,,,,,,,,,,,,,,,,,,,,,,,,,,,,,,,,,,,,,,,,,,,1|i048a0:,,,,,,,,,,,,,,,,,,,,,,,,,,,,,,,,,,,,,,,,,,,,,,,,,,,,,,,,,,,,,,,,,,,,,,,,,,,,,,,,,,,,,,,,,,,,,,,,,,,,,,,,,,,,,,,,,,,,,,6.800,,Não,,,,,,,,,,,,,,,,,,,,,14838_*:*_1_*:*_40749_*|*_14518_*:*_1_*:*_0,14838_*:*_1_*:*_40749_*|*_14518_*:*_1_*:*_0,,,,,,Itens concluídos,07/mai/26 3:44 PM
"6.300 - Erro na Consolidação de Dados OM, Suzando-Horizonte, Fornecedor - JFI-MS",UNF2026-227,189721,Tarefa,Concluído,UNF2026,2026 - UNIDADE ESTRATÉGICA ,software,Adenilton Silva,633212a0fedc6169aed6fd7c,,,Itens concluídos,Adenilton Silva,633212a0fedc6169aed6fd7c,Marcelo Medina da Silva,712020:e15b2896-445b-477c-9eee-1230a94705b6,Marcelo Medina da Silva,712020:e15b2896-445b-477c-9eee-1230a94705b6,04/mai/26 12:12 PM,08/mai/26 1:21 PM,08/mai/26 1:21 PM,08/mai/26 1:21 PM,,0,"Estou enfrentando problemas na consolidação de dados do computador de bordo nº 290498.
Durante o processo, é gerado o erro _SWS003 – Dispositivo não encontrado no banco de dados do SWS_, na plataforma OM.

Em anexo, seguem imagens ilustrando o erro apresentado, bem como a consolidação de outros computadores de bordo do mesmo fornecedor, os quais não apresentaram falhas

!Captura de tela 2026-05-04 110734.png|width=667,alt=""Captura de tela 2026-05-04 110734.png""!

!Captura de tela 2026-05-04 110808.png|width=667,alt=""Captura de tela 2026-05-04 110808.png""!



OBS: Já foram realizadas as validações cadastrais do respectivo computador de bordo no sistema SWS1, e o cadastro encontra-se correto, sem inconsistências.",,Marcelo Medina da Silva,,712020:e15b2896-445b-477c-9eee-1230a94705b6,,;05/mai/26 2:32 PM;633212a0fedc6169aed6fd7c;1920,,,,,,,,,,,,,,0,1920,,,0,1920,,04/mai/26 12:12 PM;rk:0107cd48-bdde-4d7d-900b-1231edfa933b;Captura de tela 2026-05-04 110734.png;https://agguidance.atlassian.net/rest/api/3/attachment/content/178139,04/mai/26 12:12 PM;rk:0107cd48-bdde-4d7d-900b-1231edfa933b;Captura de tela 2026-05-04 110808.png;https://agguidance.atlassian.net/rest/api/3/attachment/content/178140,05/mai/26 10:20 AM;633212a0fedc6169aed6fd7c;image-20260505-132007.png;https://agguidance.atlassian.net/rest/api/3/attachment/content/178341,05/mai/26 2:32 PM;633212a0fedc6169aed6fd7c;image-20260505-173212.png;https://agguidance.atlassian.net/rest/api/3/attachment/content/178426,,,,,,,,,,,,,,,,,,,,,,,,,,,com.atlassian.servicedesk.plugins.approvals.internal.customfield.ApprovalsCFValue@272b427a,,,,"Analisado e toda a parte cadastral encontra-se ok.

!image-20260505-132007.png|width=519,alt=""image-20260505-132007.png""!





Realizado contato com Guilherme Correa para analise mais aprofundada.

Ajustado.

!image-20260505-173212.png|width=519,alt=""image-20260505-173212.png""!",,,,,,,,,,,,,,,,,,,,,,,,,,,,,,,,Difícil,,,,,,,,,,,,,,,,,,,,,,,05/mai/26 10:19 AM,,04/mai/26 12:09 PM,05/mai/26 10:08 AM,08/mai/26 1:21 PM,05/mai/26 10:08 AM,,,,04/mai/26 12:09 PM,,,,,,,,,,,{},,,,,,,4502.0,,1319.0,11.0,,,,,,,,,,,,,,,,,,,Não,,,,,,,,,,,,,,,,,,,,,,,,,,,,,,,,,,,,,,,,E-mail,WhatsApp - Grupo,WhatsApp - PV,,,,,,,,,Gestão de Dados e Integração,,,,,,,,,,,,,,,,,,,,,,,,,,,,,,,,,,,,,,,,,,,,,,,,,,,,,,,,,,,,,,,,,,,,,,,,,,1|i047y0:,,,,,,,,,,,,,,,,,,,,,,,,,,,,,,,,,,,,,,,,,,,,,,,,,,,,,,,,,,,,,,,,,,,,,,,,,,,,,,,,,,,,,,,,,,,,,,,,,,,,,,,,,,,,,,,,,,,,,,6.300,,Não,,,,,,,,,,,,,,,,,,,,,14838_*:*_1_*:*_78993698_*|*_14518_*:*_1_*:*_628648_*|*_14522_*:*_1_*:*_0,14838_*:*_1_*:*_78993698_*|*_14518_*:*_1_*:*_628648_*|*_14522_*:*_1_*:*_0,,,,,,Itens concluídos,08/mai/26 1:21 PM
"Erro na Consolidação de Dados OM, Suzando-Horizonte, Fornecedor - Modulo Preparo - Horizonte.",UNF2026-226,189720,Tarefa,Concluído,UNF2026,2026 - UNIDADE ESTRATÉGICA ,software,Adenilton Silva,633212a0fedc6169aed6fd7c,,,Itens concluídos,Adenilton Silva,633212a0fedc6169aed6fd7c,Marcelo Medina da Silva,712020:e15b2896-445b-477c-9eee-1230a94705b6,Marcelo Medina da Silva,712020:e15b2896-445b-477c-9eee-1230a94705b6,04/mai/26 12:02 PM,05/mai/26 2:31 PM,05/mai/26 2:30 PM,05/mai/26 2:30 PM,,0,"Estou enfrentando problemas na consolidação de dados do computador de bordo nº 27362.
Durante o processo, é gerado o erro _SWS003 – Dispositivo não encontrado no banco de dados do SWS_, na plataforma OM.

Em anexo, seguem imagens ilustrando o erro apresentado, bem como a consolidação de outros computadores de bordo do mesmo fornecedor, os quais não apresentaram falhas.

!Captura de tela 2026-05-04 104318.png|width=262,alt=""Captura de tela 2026-05-04 104318.png""!

!Captura de tela 2026-05-04 103921.png|width=262,alt=""Captura de tela 2026-05-04 103921.png""!

!Captura de tela 2026-05-04 104420.png|width=262,alt=""Captura de tela 2026-05-04 104420.png""!

!Captura de tela 2026-05-04 104213.png|width=262,alt=""Captura de tela 2026-05-04 104213.png""!

Obs: Já foram realizadas as validações cadastrais do respectivo computador de bordo no sistema SWS1, e o cadastro encontra-se correto, sem inconsistências.",,Marcelo Medina da Silva,,712020:e15b2896-445b-477c-9eee-1230a94705b6,,;05/mai/26 2:31 PM;633212a0fedc6169aed6fd7c;2820,,,,,,,,,,,,,,0,2820,,,0,2820,,04/mai/26 12:03 PM;rk:0107cd48-bdde-4d7d-900b-1231edfa933b;Captura de tela 2026-05-04 103921.png;https://agguidance.atlassian.net/rest/api/3/attachment/content/178137,04/mai/26 12:03 PM;rk:0107cd48-bdde-4d7d-900b-1231edfa933b;Captura de tela 2026-05-04 104213.png;https://agguidance.atlassian.net/rest/api/3/attachment/content/178136,04/mai/26 12:03 PM;rk:0107cd48-bdde-4d7d-900b-1231edfa933b;Captura de tela 2026-05-04 104318.png;https://agguidance.atlassian.net/rest/api/3/attachment/content/178138,04/mai/26 12:03 PM;rk:0107cd48-bdde-4d7d-900b-1231edfa933b;Captura de tela 2026-05-04 104420.png;https://agguidance.atlassian.net/rest/api/3/attachment/content/178135,05/mai/26 10:23 AM;633212a0fedc6169aed6fd7c;image-20260505-132320.png;https://agguidance.atlassian.net/rest/api/3/attachment/content/178342,05/mai/26 2:30 PM;633212a0fedc6169aed6fd7c;image-20260505-173026.png;https://agguidance.atlassian.net/rest/api/3/attachment/content/178425,,,,,,,,,,,,,,,,,,,,,,,,,com.atlassian.servicedesk.plugins.approvals.internal.customfield.ApprovalsCFValue@20ffcc89,,,,"Realizadas as devidas analises:

27362 - a4aa0600003dc2fc - MAC ok - OM ok, SWS NC.
291523 - 8db11000003dc2fc - OK - Geral



Display 27362 que encontra-se com as devidas divergências, efetivam todos os dados no OM, e porém não se espelham no SWS, solicitada analise para o time resposável pela integração.

!image-20260505-132320.png|width=519,alt=""image-20260505-132320.png""!

Ajustado.

!image-20260505-173026.png|width=334,alt=""image-20260505-173026.png""!",,,,,,,,,,,,,,,,,,,,,,,,,,,,,,,,Difícil,,,,,,,,,,,,,,,,,,,,,,,05/mai/26 10:23 AM,,04/mai/26 11:53 AM,05/mai/26 9:32 AM,05/mai/26 2:30 PM,05/mai/26 9:32 AM,,,,04/mai/26 11:53 AM,,,,,,,,,,,{},,,,,,,247.0,,1299.0,51.0,,,,,,,,,,,,,,,,,,,Não,Sim ,,,,,,,,,,,,,,,,,,,,,,,,,,,,,,,,,,,,,,,E-mail,WhatsApp - Grupo,WhatsApp - PV,,,,,,,,,Gestão de Dados e Integração,,,,,,,,,,,,,,,,,,,,,,,,,,,,,,,,,,,,,,,,,,,,,,,,,,,,,,,,,,,,,,,,,,,,,,,,,,1|i047xs:,,,,,,,,,,,,,,,,,,,,,,,,,,,,,,,,,,,,,,,,,,,,,,,,,,,,,,,,,,,,,,,,,,,,,,,,,,,,,,,,,,,,,,,,,,,,,,,,,,,,,,,,,,,,,,,,,,,,,,6.300,,Não,,,,,,,,,,,,,,,,,,,,,14838_*:*_1_*:*_77422499_*|*_14518_*:*_1_*:*_3072268_*|*_14522_*:*_1_*:*_0,14838_*:*_1_*:*_77422499_*|*_14518_*:*_1_*:*_3072268_*|*_14522_*:*_1_*:*_0,,,,,,Itens concluídos,05/mai/26 2:30 PM
Acesso HxGN AgrOn - Usuário SUZANO,UNF2026-225,189261,Tarefa,Concluído,UNF2026,2026 - UNIDADE ESTRATÉGICA ,software,Adenilton Silva,633212a0fedc6169aed6fd7c,,,Itens concluídos,Adenilton Silva,633212a0fedc6169aed6fd7c,Roniel Dias,60dc6c037d016900702ba63d,Roniel Dias,60dc6c037d016900702ba63d,30/abr/26 1:55 PM,08/mai/26 11:24 AM,08/mai/26 11:23 AM,08/mai/26 11:23 AM,,0,"Usuário [juliafb@suzano.com.br|mailto:juliafb@suzano.com.br] do nosso cliente SUZANO - SP não consegui ter acesso ao [HxGN AgrOn|https://access.hxgnagron.com/home], todos os cadastros foram revisados e aparentemente não apresentam problemas e mesmo assim a cliente não consegui ter acesso, ela relata não receber o link enviado por email pela plataforma, para que seja inserido suas credencias de acesso. 

* Cadastro SWS1

!image-20260430-165421.png|width=671,alt=""image-20260430-165421.png""!

* Cadastro CR

!image-20260430-165151.png|width=671,alt=""image-20260430-165151.png""!

* Cadastro OM

!image-20260430-165237.png|width=671,alt=""image-20260430-165237.png""!

att",,Roniel Dias,,60dc6c037d016900702ba63d,,;08/mai/26 11:24 AM;633212a0fedc6169aed6fd7c;1380,,,,,,,,,,,,,,0,1380,,,0,1380,,30/abr/26 1:55 PM;ug:2126caef-0ff0-4d14-9145-c218d77df147;image-20260430-165151.png;https://agguidance.atlassian.net/rest/api/3/attachment/content/177747,30/abr/26 1:55 PM;ug:2126caef-0ff0-4d14-9145-c218d77df147;image-20260430-165237.png;https://agguidance.atlassian.net/rest/api/3/attachment/content/177749,30/abr/26 1:55 PM;ug:2126caef-0ff0-4d14-9145-c218d77df147;image-20260430-165421.png;https://agguidance.atlassian.net/rest/api/3/attachment/content/177748,,,,,,,,,,,,,,,,,,,,,,,,,,,,com.atlassian.servicedesk.plugins.approvals.internal.customfield.ApprovalsCFValue@535f681f,,,,"Envadiado um ae-mail ao cliente, com solicitação de agendameno para uma call.



Realizado bate papo com o cliente, o mesmo não está recebendo o e-mail de primeiro acesso, aparentemente alguma restrição do e-mail corporativo do colaborador.

Realizado contato com Guilherme Correa para apoio.

Foi criada uma senha temporária, ocorreu conforme o esperado, cliente está acessando a plataforma conforme o esperado.",,,,,,,,,,,,,,,,,,,,,,,,,,,,,,,,Difícil,,,,,,,,,,,,,,,,,,,,,,05/mai/26 9:31 AM,08/mai/26 9:14 AM,,04/mai/26 1:42 PM,05/mai/26 9:20 AM,08/mai/26 11:23 AM,05/mai/26 9:20 AM,,,,30/abr/26 1:42 PM,,,,,,,,,,,{},,,,,,4303.0,129.0,,1178.0,11.0,,,,,,,,,,,,,,,,Impediment,,,Sim ,,,,,,,,,,,,,,,,,,,,,,,,,,,,,,,,,,,,,,,,JIRA ,,,,,,,,,,,Cadastro e Gestão de Geometrias,,,,,,,,,,,,,,,,,,,,,,,,,,,,,,,,,,,,,,,,,,,,,,,,,,,,,,,,,,,,,,,,,,,,,,,,,,1|i047jk:,,,,,,,,,,,,,,,,,,,,,,,,,,,,,,,,,,,,,,,,,,,,,,,,,,,,,,,,,,,,,,,,,,,,,,,,,,,,,,,,,,,,,,,,,,,,,,,,,,,,,,,,,,,,,,,,,,,,,,6.500,,Talvez,,,,,,,,,,,,,,,,,,,,,14838_*:*_1_*:*_415517165_*|*_14518_*:*_1_*:*_633046_*|*_14522_*:*_1_*:*_0_*|*_14521_*:*_1_*:*_258220119,14838_*:*_1_*:*_415517165_*|*_14518_*:*_1_*:*_633046_*|*_14522_*:*_1_*:*_0_*|*_14521_*:*_1_*:*_258220119,,,,,,Itens concluídos,08/mai/26 11:23 AM
6.700 - Divergência de cadastro no mês de maio,UNF2026-224,188602,Tarefa,Concluído,UNF2026,2026 - UNIDADE ESTRATÉGICA ,software,Adenilton Silva,633212a0fedc6169aed6fd7c,,,Itens concluídos,Adenilton Silva,633212a0fedc6169aed6fd7c,Adenilton Silva,633212a0fedc6169aed6fd7c,Adenilton Silva,633212a0fedc6169aed6fd7c,28/abr/26 9:45 AM,28/abr/26 10:33 AM,28/abr/26 10:33 AM,28/abr/26 10:33 AM,,0,"Identificada divergência de cadastro no mês de maio, sendo necessário realizar análise detalhada e possíveis reprocessamentos dos dados no período.

*Contexto Técnico:*
Foram observadas inconsistências nos dados cadastrados durante o mês de maio, impactando a confiabilidade das informações apresentadas nos relatórios e/ou operações vinculadas ao período.

*Objetivo:*
Garantir a integridade dos dados do mês de maio, corrigindo possíveis inconsistências por meio de análise técnica e reprocessamento.

*Ações Técnicas:*

* Levantamento e validação dos dados do período de maio
* Identificação das inconsistências de cadastro
* Execução de reprocessamento dos arquivos afetados
* Validação pós-reprocessamento para garantir consistência dos dados

*Critério de Encerramento:*

* Dados do mês de maio analisados e corrigidos
* Reprocessamento concluído com sucesso
* Validação confirmando consistência das informações no sistema",,Adenilton Silva,,633212a0fedc6169aed6fd7c,,,,,,,,,,,,,,,7200,7200,,0%,7200,7200,,,,,,,,,,,,,,,,,,,,,,,,,,,,,,,,,com.atlassian.servicedesk.plugins.approvals.internal.customfield.ApprovalsCFValue@4ef2aa66,,,,"Encontrados os dados e reprocessados.
Ajustado conforme o esperado.",,,,,,,,,,,,,,,,,,,,,,,,,,,,,,,,Difícil,,,,,,,,,,,,,,,,,,,,,,,,,28/abr/26 9:43 AM,28/abr/26 9:45 AM,28/abr/26 10:33 AM,28/abr/26 9:45 AM,,,,28/abr/26 9:43 AM,,,,,,,,,,,{},,,,,,,,,2.0,48.0,,,,,,,,,,,,,,,,,,,Sim ,,,,,,,,,,,,,,,,,,,,,,,,,,,,,,,,,,,,,,,,WhatsApp - Grupo,,,,,,,,,,,Gestão de Dados e Integração,,,,,,,,,,,,,,,,,,,,,,,,,,,,,,,,,,,,,,,,,,,,,,,,,,,,,,,,,,,,,,,,,,,,,,,,,,1|i0473c:,,,,,,,,,,,,,,,,,,,,,,,,,,,,,,,,,,,,,,,,,,,,,,,,,,,,,,,,,,,,,,,,,,,,,,,,,,,,,,,,,,,,,,,,,,,,,,,,,,,,,,,,,,,,,,,,,,,,,,6.700,,Não,,,,,,,,,,,,,,,,,,,,,14838_*:*_1_*:*_9314_*|*_14518_*:*_1_*:*_0,14838_*:*_1_*:*_9314_*|*_14518_*:*_1_*:*_0,,,,,,Itens concluídos,28/abr/26 10:33 AM
6.600 - Validação da base geométrica enviada pela Mombak para migração / integração,UNF2026-223,188461,Tarefa,Concluído,UNF2026,2026 - UNIDADE ESTRATÉGICA ,software,Adenilton Silva,633212a0fedc6169aed6fd7c,,,Itens concluídos,Adenilton Silva,633212a0fedc6169aed6fd7c,Adenilton Silva,633212a0fedc6169aed6fd7c,Adenilton Silva,633212a0fedc6169aed6fd7c,27/abr/26 4:45 PM,07/mai/26 10:58 AM,07/mai/26 10:57 AM,07/mai/26 10:58 AM,,0,"O contato [Pedro Carlos Adamo da Silva|https://www.office.com/search?q=Pedro+Carlos+Adamo+da+Silva&EntityRepresentationId=b9346978-9db3-4e22-ac61-cbc11c3e6683] (Mombak) encaminhou um arquivo *.zip* contendo a base solicitada para migração/integração e solicitou validação do material.

*Atividades previstas:*

* Verificar se o arquivo enviado contém o conjunto completo de shapefile (*.shp, .shx, .dbf e .prj*);
* Validar projeção cartográfica (WGS84 – EPSG:4326);
* Conferir consistência das geometrias (fazendas e talhões);
* Avaliar se os atributos obrigatórios estão presentes conforme especificação;
* Retornar ao cliente confirmando a validação ou solicitando ajustes;
* Definir e comunicar os próximos passos da migração.

*Anexo recebido:*

* [04.abr_2026-20260427T140156Z-3-001.zip|https://outlook.office365.com/owa/?viewmodel=IAttachmentViewModelPopoutFactory&AttachmentId=AAMkADNmYjliODY0LTA5ZjUtNDQzMC1hZTRkLWRkMzkwYmE1ZDU0YQBGAAAAAAA15eJ_psOrTZX-s0SR2rwgBwCxubeHrBb6TrH5trr1i-WQAAAAAAEMAACxubeHrBb6TrH5trr1i-WQAAU5EZvlAAABEgAQAMoAGonJLYZHkwl6WYhHibU=&ItemId=AAMkADNmYjliODY0LTA5ZjUtNDQzMC1hZTRkLWRkMzkwYmE1ZDU0YQBGAAAAAAA15eJ+psOrTZX/s0SR2rwgBwCxubeHrBb6TrH5trr1i/WQAAAAAAEMAACxubeHrBb6TrH5trr1i/WQAAU5EZvlAAA=&AttachmentName=04.abr_2026-20260427T140156Z-3-001.zip&EntityRepresentationId=c66449ec-ef1b-49f8-bea0-dc8cc5c1d0bf]

*Origem da solicitação:*

* E-mail [*Re: Solicitação de Dados Cadastrais*|https://outlook.office365.com/owa/?ItemID=AAMkADNmYjliODY0LTA5ZjUtNDQzMC1hZTRkLWRkMzkwYmE1ZDU0YQBGAAAAAAA15eJ%2bpsOrTZX%2fs0SR2rwgBwCxubeHrBb6TrH5trr1i%2fWQAAAAAAEMAACxubeHrBb6TrH5trr1i%2fWQAAU5EZvlAAA%3d&exvsurl=1&viewmodel=ReadMessageItem&EntityRepresentationId=b389b3c9-58c9-4c3b-b567-ce42291853f9] enviado em 27/04/2026.",,Adenilton Silva,,633212a0fedc6169aed6fd7c,,;07/mai/26 10:58 AM;633212a0fedc6169aed6fd7c;1980,,,,,,,,,,,,,7200,5220,1980,27%,7200,5220,1980,,,,,,,,,,,,,,,,,,,,,,,,,,,,,,,,com.atlassian.servicedesk.plugins.approvals.internal.customfield.ApprovalsCFValue@5b298934,,,,"Aguardando detalhamento do cliente.

Validado pelo cliente.

Cadastrado.",,,,,,,,,,,,,,,,,,,,,,,,,,,,,,,,Difícil,,,,,,,,,,,,,,,,,,,,,,27/abr/26 4:53 PM,,,27/abr/26 4:44 PM,27/abr/26 4:46 PM,07/mai/26 10:58 AM,27/abr/26 4:46 PM,,,,27/abr/26 4:44 PM,,,,,,,,,,,{},,,,,,14045.0,,,2.0,7.0,,,,,,,,,,,,,,,,,,,Sim ,,,,,,,,,,,,,,,,,,,,,,,,,,,,,,,,,,,,,,,,E-mail,,,,,,,,,,,Cadastro e Gestão de Geometrias,,,,,,,,,,,,,,,,,,,,,,,,,,,,,,,,,,,,,,,,,,,,,,,,,,,,,,,,,,,,,,,,,,,,,,,,,,1|i0470o:,,,,,,,,,,,,,,,,,,,,,,,,,,,,,,,,,,,,,,,,,,,,,,,,,,,,,,,,,,,,,,,,,,,,,,,,,,,,,,,,,,,,,,,,,,,,,,,,,,,,,,,,,,,,,,,,,,,,,,6.600,,Sim,,,,,,,,,,,,,,,,,,,,,14838_*:*_1_*:*_7888_*|*_14518_*:*_1_*:*_414137_*|*_14521_*:*_1_*:*_0,14838_*:*_1_*:*_7888_*|*_14518_*:*_1_*:*_414137_*|*_14521_*:*_1_*:*_0,,,,,,Itens concluídos,07/mai/26 10:58 AM
6.300 - Exclusão de usuários SWS – Suzano MS (usuários inativos e desligados) ,UNF2026-222,188453,Tarefa,Concluído,UNF2026,2026 - UNIDADE ESTRATÉGICA ,software,Adenilton Silva,633212a0fedc6169aed6fd7c,,,Itens concluídos,Adenilton Silva,633212a0fedc6169aed6fd7c,Adenilton Silva,633212a0fedc6169aed6fd7c,Adenilton Silva,633212a0fedc6169aed6fd7c,27/abr/26 3:47 PM,07/mai/26 10:22 AM,07/mai/26 10:22 AM,07/mai/26 10:22 AM,,0,"Solicitação para análise e exclusão de usuários no sistema *SWS – Suzano MS*, conforme planilha enviada pelo cliente.

O cliente (BOLIVAR FELIPE DE FREITAS – Suzano) encaminhou uma lista de usuários com base nas seguintes premissas:

* Usuários *sem acesso nos últimos 6 meses*
* Usuários *desligados da Suzano*

O [SILVA Wriel|https://www.office.com/search?q=SILVA+Wriel&EntityRepresentationId=fb0b4477-cef2-4b48-9297-065ea69d9489] questiona se é possível realizar a exclusão desses usuários de forma *simplificada via banco de dados* ou se será necessário *tratamento caso a caso*.

Também foi solicitado revisar os usuários da *Hexagon* que permanecem ativos no ambiente, validando suas *necessidades reais de acesso*.

*Anexo:* [usuarios suzano MS_preenchido.xlsx|https://outlook.office.com/owa/?viewmodel=IAttachmentViewModelPopoutFactory&AttachmentId=AAkALgAAAAAAHYQDEapmEc2byACqAC-EWg0Asbm3h6wW_k6x_ba69Yv1kAAFORI3sQAAARIAEADl_LSkRgTvR4nc1jCSwgUA&ItemId=AAkALgAAAAAAHYQDEapmEc2byACqAC-EWg0Asbm3h6wW_k6x_ba69Yv1kAAFORI3sQAA&AttachmentName=usuarios%20suzano%20MS_preenchido.xlsx&web=1&EntityRepresentationId=e7a03408-b436-4b20-aa9a-7546b524f09a]
*Origem:* [ENC: Usuarios SWS Suzano MS|https://outlook.office365.com/owa/?ItemID=AAMkADNmYjliODY0LTA5ZjUtNDQzMC1hZTRkLWRkMzkwYmE1ZDU0YQBGAAAAAAA15eJ%2bpsOrTZX%2fs0SR2rwgBwCxubeHrBb6TrH5trr1i%2fWQAAAAAAEMAACxubeHrBb6TrH5trr1i%2fWQAAU5EZvrAAA%3d&exvsurl=1&viewmodel=ReadMessageItem&EntityRepresentationId=bef91078-8577-4bdc-8b95-e371edec2f6e]",,Adenilton Silva,,633212a0fedc6169aed6fd7c,,,,,,,,,,,,,,,7200,7200,,0%,7200,7200,,,,,,,,,,,,,,,,,,,,,,,,,,,,,,,,,com.atlassian.servicedesk.plugins.approvals.internal.customfield.ApprovalsCFValue@ba53a26,,,,"Foi enviado um e-mail para a unidade, para sanarmos algumas dúvidas, no aguardo das informações.

Inativado os devidos usuarios e e-mail retornado.",,,,,,,,,,,,,,,,,,,,,,,,,,,,,,,,Difícil,,,,,,,,,,,,,,,,,,,,,,,,27/abr/26 4:09 PM,27/abr/26 3:46 PM,27/abr/26 3:48 PM,07/mai/26 10:22 AM,27/abr/26 3:48 PM,,,,27/abr/26 3:46 PM,,,,,,,,,,,{},,,,,,,,14053.0,2.0,21.0,,,,,,,,,,,,,,,,,,,Sim ,,,,,,,,,,,,,,,,,,,,,,,,,,,,,,,,,,,,,,,,E-mail,,,,,,,,,,,Suporte Técnico e Treinamento,,,,,,,,,,,,,,,,,,,,,,,,,,,,,,,,,,,,,,,,,,,,,,,,,,,,,,,,,,,,,,,,,,,,,,,,,,1|i046zk:,,,,,,,,,,,,,,,,,,,,,,,,,,,,,,,,,,,,,,,,,,,,,,,,,,,,,,,,,,,,,,,,,,,,,,,,,,,,,,,,,,,,,,,,,,,,,,,,,,,,,,,,,,,,,,,,,,,,,,6.300,,Sim,,,,,,,,,,,,,,,,,,,,,14838_*:*_1_*:*_29036_*|*_14518_*:*_1_*:*_1262820_*|*_14520_*:*_1_*:*_0,14838_*:*_1_*:*_29036_*|*_14518_*:*_1_*:*_1262820_*|*_14520_*:*_1_*:*_0,,,,,,Itens concluídos,07/mai/26 10:22 AM
6.800- Divergência OM - Inconsistência na plataforma  ,UNF2026-221,188438,Tarefa,Concluído,UNF2026,2026 - UNIDADE ESTRATÉGICA ,software,Adenilton Silva,633212a0fedc6169aed6fd7c,,,Itens concluídos,Adenilton Silva,633212a0fedc6169aed6fd7c,Adenilton Silva,633212a0fedc6169aed6fd7c,Adenilton Silva,633212a0fedc6169aed6fd7c,27/abr/26 2:21 PM,08/mai/26 3:03 PM,08/mai/26 2:26 PM,08/mai/26 3:03 PM,,0,"Necessário acompanhar a instabilidade identificada no processo de reprocessamento da plataforma e realizar retorno ao Gerente [~accountid:5feb2a8ff7ea2a01076738a9]  assim que houver normalização do ambiente.

*Contexto Técnico:*
Foi identificado pelo setor responsável um problema no reprocessamento que pode ocasionar a não readição de alguns dados aos relatórios, principalmente em cenários de reprocessamento em massa. A equipe técnica já está atuando nas tratativas.

*Objetivo:*
Garantir acompanhamento da ocorrência e posicionamento ao cliente após conclusão dos ajustes e estabilização do sistema.

*Ações Técnicas:*
Aguardar devolutiva técnica interna sobre correção aplicada.
Monitorar estabilização do processo de reprocessamento.
Aguardar confirmação de Guilherme Corrêa sobre normalização do ambiente.
Após confirmação, realizar retorno formal ao Ronaldo.",,Adenilton Silva,,633212a0fedc6169aed6fd7c,,,,,,,,,,,,,,,,,,,,,,,,,,,,,,,,,,,,,,,,,,,,,,,,,,,,,com.atlassian.servicedesk.plugins.approvals.internal.customfield.ApprovalsCFValue@e88608b,,,,"Finalizada a demanda, divergência estabilizada.
Retornado e-mail ao Ronaldo Soares.",,,,,,,,,,,,,,,,,,,,,,,,,,,,,,,,Difícil,,,,,,,,,,,,,,,,,,,,,,,27/abr/26 2:22 PM,,27/abr/26 2:19 PM,27/abr/26 2:21 PM,08/mai/26 3:03 PM,27/abr/26 2:22 PM,,,,27/abr/26 2:19 PM,,,,,,,,,,,{},,,,,,,15881.0,,3.0,1.0,,,,,,,,,,,,,,,,,,,Sim ,,,,,,,,,,,,,,,,,,,,,,,,,,,,,,,,,,,,,,,,E-mail,Teams,,,,,,,,,,Análise e Diagnóstico de Bugs na Plataforma,,,,,,,,,,,,,,,,,,,,,,,,,,,,,,,,,,,,,,,,,,,,,,,,,,,,,,,,,,,,,,,,,,,,,,,,,,1|i046xs:,,,,,,,,,,,,,,,,,,,,,,,,,,,,,,,,,,,,,,,,,,,,,,,,,,,,,,,,,,,,,,,,,,,,,,,,,,,,,,,,,,,,,,,,,,,,,,,,,,,,,,,,,,,,,,,,,,,,,,6.800,,Não,,,,,,,,,,,,,,,,,,,,,14838_*:*_1_*:*_7184_*|*_14518_*:*_1_*:*_23412_*|*_14522_*:*_1_*:*_0,14838_*:*_1_*:*_7184_*|*_14518_*:*_1_*:*_23412_*|*_14522_*:*_1_*:*_0,,,,,,Itens concluídos,08/mai/26 3:03 PM
6.400 - Recebimento de convite – Iteração Hexagon e Fieldeyes ,UNF2026-220,188347,Tarefa,Concluído,UNF2026,2026 - UNIDADE ESTRATÉGICA ,software,Adenilton Silva,633212a0fedc6169aed6fd7c,,,Itens concluídos,Adenilton Silva,633212a0fedc6169aed6fd7c,Adenilton Silva,633212a0fedc6169aed6fd7c,Adenilton Silva,633212a0fedc6169aed6fd7c,27/abr/26 10:58 AM,27/abr/26 11:39 AM,27/abr/26 10:58 AM,27/abr/26 11:39 AM,,0,"Email recebido com convite para a reunião [Iteração Hexagon e Fieldeyes|https://outlook.office365.com/owa/?ItemID=AAMkADNmYjliODY0LTA5ZjUtNDQzMC1hZTRkLWRkMzkwYmE1ZDU0YQBGAAAAAAA15eJ%2bpsOrTZX%2fs0SR2rwgBwCxubeHrBb6TrH5trr1i%2fWQAAAAAAFaAACxubeHrBb6TrH5trr1i%2fWQAAU5Efp8AAA%3d&exvsurl=1&viewmodel=ReadMessageItem&EntityRepresentationId=248ead9d-1165-40ce-97b8-8acd7afe970d], agendada para 27/04/2026, das 11:00 às 11:30 (BRT), via Microsoft Teams. Convite enviado por [SILVA Flavio|https://www.office.com/search?q=SILVA+Flavio&EntityRepresentationId=48f144ef-88fb-4744-9d03-250c13b350f6].


",,Adenilton Silva,,633212a0fedc6169aed6fd7c,,,,,,,,,,,,,,,1800,1800,,0%,1800,1800,,,,,,,,,,,,,,,,,,,,,,,,,,,,,,,,,com.atlassian.servicedesk.plugins.approvals.internal.customfield.ApprovalsCFValue@44283b69,,,,"Resposta enviada confirmando presença na reunião [Iteração Hexagon e Fieldeyes|https://outlook.office365.com/owa/?ItemID=AAMkADNmYjliODY0LTA5ZjUtNDQzMC1hZTRkLWRkMzkwYmE1ZDU0YQBGAAAAAAA15eJ%2bpsOrTZX%2fs0SR2rwgBwCxubeHrBb6TrH5trr1i%2fWQAAAAAAFaAACxubeHrBb6TrH5trr1i%2fWQAAU5Efp8AAA%3d&exvsurl=1&viewmodel=ReadMessageItem&EntityRepresentationId=248ead9d-1165-40ce-97b8-8acd7afe970d]. Confirmação realizada de forma direta e cordial, dentro do prazo.

Se quiser, posso:

* Ajustar para *um único ticket com histórico (Recebido → Respondido)*
* Adaptar para *modelo padrão do seu Jira (campos, rótulos, tipo de issue)*
* Gerar *texto pronto para colar no Jira* (sem formatação do Copilot)",,,,,,,,,,,,,,,,,,,,,,,,,,,,,,,,Médio,,,,,,,,,,,,,,,,,,,,,,,,,27/abr/26 10:57 AM,27/abr/26 10:59 AM,27/abr/26 11:39 AM,27/abr/26 10:59 AM,,,,27/abr/26 10:57 AM,,,,,,,,,,,{},,,,,,,,,2.0,40.0,,,,,,,,,,,,,,,,,,,Sim ,,,,,,,,,,,,,,,,,,,,,,,,,,,,,,,,,,,,,,,,E-mail,,,,,,,,,,,Suporte Técnico e Treinamento,,,,,,,,,,,,,,,,,,,,,,,,,,,,,,,,,,,,,,,,,,,,,,,,,,,,,,,,,,,,,,,,,,,,,,,,,,1|i046ug:,,,,,,,,,,,,,,,,,,,,,,,,,,,,,,,,,,,,,,,,,,,,,,,,,,,,,,,,,,,,,,,,,,,,,,,,,,,,,,,,,,,,,,,,,,,,,,,,,,,,,,,,,,,,,,,,,,,,,,6.400,,Talvez,,,,,,,,,,,,,,,,,,,,,14838_*:*_1_*:*_18725_*|*_14518_*:*_1_*:*_0,14838_*:*_1_*:*_18725_*|*_14518_*:*_1_*:*_0,,,,,,Itens concluídos,27/abr/26 11:39 AM
6.700 - Analisar Linhas de Plantio Plantar ,UNF2026-219,188231,Tarefa,Concluído,UNF2026,2026 - UNIDADE ESTRATÉGICA ,software,Adenilton Silva,633212a0fedc6169aed6fd7c,,,Itens concluídos,Adenilton Silva,633212a0fedc6169aed6fd7c,Adenilton Silva,633212a0fedc6169aed6fd7c,Adenilton Silva,633212a0fedc6169aed6fd7c,25/abr/26 12:02 PM,25/abr/26 12:10 PM,25/abr/26 12:10 PM,25/abr/26 12:10 PM,,0,"O coordenador Roniel Dias solicitou apoio para análise das linhas de plantio do cliente Plantar.

*Contexto Técnico:*
Foi reportada a necessidade de validação das informações relacionadas às linhas de plantio cadastradas/processadas no ambiente do cliente, visando identificar possíveis inconsistências ou necessidade de ajustes.

*Objetivo:*
Realizar análise técnica das linhas de plantio do cliente Plantar e identificar eventuais correções necessárias.

*Ações Técnicas:*

* Validar dados atuais vinculados às linhas de plantio.
* Verificar estrutura e consistência das informações disponíveis.
* Identificar possíveis divergências operacionais ou cadastrais.
* Direcionar ajustes, caso necessário.

*Critério de Encerramento:*
Análise concluída, inconsistências mapeadas e retorno realizado ao solicitante com posicionamento técnico.",,Adenilton Silva,,633212a0fedc6169aed6fd7c,,;25/abr/26 12:10 PM;633212a0fedc6169aed6fd7c;1320,,,,,,,,,,,,,1800,480,1320,73%,1800,480,1320,,,,,,,,,,,,,,,,,,,,,,,,,,,,,,,,com.atlassian.servicedesk.plugins.approvals.internal.customfield.ApprovalsCFValue@6e9534e,,,,"Foi identificado que o arquivo estava estruturado no formato multiline, sendo necessário que estivesse no formato line para compatibilidade com o processo. Foi realizada a conversão da geometria para o formato correto. Também foi verificado que não havia identificador único para cada linha. Como boa prática, orientamos que os próximos arquivos contenham um ID individual para cada linha, facilitando validações, rastreabilidade e futuros tratamentos.",,,,,,,,,,,,,,,,,,,,,,,,,,,,,,,,Médio,,,,,,,,,,,,,,,,,,,,,,,,,25/abr/26 11:04 AM,25/abr/26 12:02 PM,25/abr/26 12:10 PM,25/abr/26 12:02 PM,,,,25/abr/26 11:04 AM,,,,,,,,,,,{},,,,,,,,,58.0,8.0,,,,,,,,,,,,,,,,,,,Não,,,,,,,,,,,,,,,,,,,,,,,,,,,,,,,,,,,,,,,,WhatsApp - PV,,,,,,,,,,,Suporte Técnico e Treinamento,,,,,,,,,,,,,,,,,,,,,,,,,,,,,,,,,,,,,,,,,,,,,,,,,,,,,,,,,,,,,,,,,,,,,,,,,,1|i046s0:,,,,,,,,,,,,,,,,,,,,,,,,,,,,,,,,,,,,,,,,,,,,,,,,,,,,,,,,,,,,,,,,,,,,,,,,,,,,,,,,,,,,,,,,,,,,,,,,,,,,,,,,,,,,,,,,,,,,,,6.700,,Talvez,,,,,,,,,,,,,,,,,,,,,14838_*:*_1_*:*_10359_*|*_14518_*:*_1_*:*_0,14838_*:*_1_*:*_10359_*|*_14518_*:*_1_*:*_0,,,,,,Itens concluídos,25/abr/26 12:10 PM
6.500 - Cadastro da Fazenda Paranapitanga na plataforma ,UNF2026-218,188198,Tarefa,Dev. Cliente,UNF2026,2026 - UNIDADE ESTRATÉGICA ,software,Adenilton Silva,633212a0fedc6169aed6fd7c,,,,Adenilton Silva,633212a0fedc6169aed6fd7c,Adenilton Silva,633212a0fedc6169aed6fd7c,Adenilton Silva,633212a0fedc6169aed6fd7c,24/abr/26 4:48 PM,24/abr/26 5:24 PM,07/mai/26 10:59 AM,,,0,"Solicitação de cadastro da *Fazenda Paranapitanga* na plataforma Hexagon para viabilizar a geração de mapas e o fechamento das atividades operacionais da Suzano.

O cadastro *não deve ser feito de forma isolada*, pois novas atualizações de base inativam automaticamente a base anterior. Já ocorreram casos em MS e SP em que fazendas enviadas separadamente foram desativadas por não constarem na base mais recente.

Dessa forma, o cadastro deve ser realizado *junto com a base completa da Suzano*, com o envolvimento do *time responsável pelo GEO*, garantindo que a fazenda permaneça *ativa e integrada* nas próximas atualizações.

h3. *Escopo / Ações necessárias*

* Validar o envio da Fazenda Paranapitanga na *base completa da Suzano*
* Envolver o *time GEO Suzano* no processo
* Garantir que a fazenda permaneça *ativa após futuras atualizações de base*
* Evitar cadastro isolado fora do fluxo padrão

h3. *Anexos*

* KMZ/KML e PDFs das áreas Paranapitanga I e II (conforme e-mail)

h3. *Prioridade*

Média",,Adenilton Silva,,633212a0fedc6169aed6fd7c,,;24/abr/26 5:24 PM;633212a0fedc6169aed6fd7c;1200,,,,,,,,,,,,,3600,2400,1200,33%,3600,2400,1200,,,,,,,,,,,,,,,,,,,,,,,,,,,,,,,,com.atlassian.servicedesk.plugins.approvals.internal.customfield.ApprovalsCFValue@7d0eea1e,,,,"Arquivos que foram enviados para cadastros estão divergentes.

Retornado o e-mail para o cliente.",,,,,,,,,,,,,,,,,,,,,,,,,,,,,,,,Difícil,,,,,,,,,,,,,,,,,,,,,,24/abr/26 5:24 PM,,,24/abr/26 4:46 PM,24/abr/26 5:05 PM,,24/abr/26 5:05 PM,,,,24/abr/26 4:46 PM,,,,,,,,,,,{},,,,,,,,,19.0,19.0,,,,,,,,,,,,,,,,,,,Sim ,,,,,,,,,,,,,,,,,,,,,,,,,,,,,,,,,,,,,,,,E-mail,,,,,,,,,,,Cadastro e Gestão de Geometrias,,,,,,,,,,,,,,,,,,,,,,,,,,,,,,,,,,,,,,,,,,,,,,,,,,,,,,,,,,,,,,,,,,,,,,,,,,1|i046rs:,,,,,,,,,,,,,,,,,,,,,,,,,,,,,,,,,,,,,,,,,,,,,,,,,,,,,,,,,,,,,,,,,,,,,,,,,,,,,,,,,,,,,,,,,,,,,,,,,,,,,,,,,,,,,,,,,,,,,,6.500,,Não,,,,,,,,,,,,,,,,,,,,,,,,,,,,Em andamento,24/abr/26 4:48 PM
6.200 - Não é possível exportar arquivos CSV no OM  ,UNF2026-217,188195,Tarefa,Concluído,UNF2026,2026 - UNIDADE ESTRATÉGICA ,software,Adenilton Silva,633212a0fedc6169aed6fd7c,,,Itens concluídos,Adenilton Silva,633212a0fedc6169aed6fd7c,Adenilton Silva,633212a0fedc6169aed6fd7c,Adenilton Silva,633212a0fedc6169aed6fd7c,24/abr/26 3:57 PM,24/abr/26 4:11 PM,24/abr/26 4:10 PM,24/abr/26 4:11 PM,,0,"A usuária *Nídia* relatou que não está conseguindo *exportar arquivos CSV no OM*.
O problema foi encaminhado por *Fabio Costa*, solicitando verificação, pois os arquivos são necessários para a execução das atividades da usuária.

h3. *Solicitante*

Fabio Costa
(Em nome da usuária Nídia)

h3. *Impacto*

A usuária não consegue realizar seu trabalho por falta dos arquivos CSV exportados pelo sistema OM.

h3. *Passos para reproduzir*

# Acessar o OM
# Tentar exportar dados em formato CSV
# O sistema não gera ou não permite o download do arquivo

h3. *Resultado esperado*

O sistema deve permitir a exportação normal dos arquivos em formato CSV.

h3. ",,Adenilton Silva,,633212a0fedc6169aed6fd7c,,;24/abr/26 4:11 PM;633212a0fedc6169aed6fd7c;900,,,,,,,,,,,,,3600,2700,900,25%,3600,2700,900,,,,,,,,,,,,,,,,,,,,,,,,,,,,,,,,com.atlassian.servicedesk.plugins.approvals.internal.customfield.ApprovalsCFValue@271ccb39,,,,"Retornado e-mail ao cliente com as devidas informações, contendo envio do arquivo solicitado, validação do funcionamento da funcionalidade no momento e orientações iniciais para limpeza de cookies e novo teste em caso de recorrência. Também solicitado encaminhamento de registro da ocorrência caso a divergência persista.",,,,,,,,,,,,,,,,,,,,,,,,,,,,,,,,Fácil,,,,,,,,,,,,,,,,,,,,,,,,,24/abr/26 3:55 PM,24/abr/26 3:57 PM,24/abr/26 4:11 PM,24/abr/26 3:57 PM,,,,24/abr/26 3:55 PM,,,,,,,,,,,{},,,,,,,,,2.0,14.0,,,,,,,,,,,,,,,,,,,Sim ,,,,,,,,,,,,,,,,,,,,,,,,,,,,,,,,,,,,,,,,E-mail,,,,,,,,,,,Análise e Diagnóstico de Bugs na Plataforma,,,,,,,,,,,,,,,,,,,,,,,,,,,,,,,,,,,,,,,,,,,,,,,,,,,,,,,,,,,,,,,,,,,,,,,,,,1|i046rc:,,,,,,,,,,,,,,,,,,,,,,,,,,,,,,,,,,,,,,,,,,,,,,,,,,,,,,,,,,,,,,,,,,,,,,,,,,,,,,,,,,,,,,,,,,,,,,,,,,,,,,,,,,,,,,,,,,,,,,6.200,,Sim,,,,,,,,,,,,,,,,,,,,,14838_*:*_1_*:*_8905_*|*_14518_*:*_1_*:*_0,14838_*:*_1_*:*_8905_*|*_14518_*:*_1_*:*_0,,,,,,Itens concluídos,24/abr/26 4:11 PM
"Após tentativas sem sucesso quanto a resolução de problemas originários da empresa Eucaflora no contrato Eucatex, solicito apoio do setor analítico.",UNF2026-216,188107,Tarefa,Concluído,UNF2026,2026 - UNIDADE ESTRATÉGICA ,software,Adenilton Silva,633212a0fedc6169aed6fd7c,,,Itens concluídos,Adenilton Silva,633212a0fedc6169aed6fd7c,Johnny Nascimento,712020:6c42c3f9-35c5-48d4-9271-bfa26979c0c4,Johnny Nascimento,712020:6c42c3f9-35c5-48d4-9271-bfa26979c0c4,24/abr/26 12:41 PM,24/abr/26 2:20 PM,,24/abr/26 2:19 PM,,0,Várias tentativas de resolução de problemas de dados da empresa Eucaflora ,,Johnny Nascimento,,712020:6c42c3f9-35c5-48d4-9271-bfa26979c0c4,,;24/abr/26 2:20 PM;633212a0fedc6169aed6fd7c;5700,,,,,,,,,,,,,,0,5700,,,0,5700,,,,,,,,,,,,,,,,,,,,,,,,,,,,,,,,com.atlassian.servicedesk.plugins.approvals.internal.customfield.ApprovalsCFValue@6ba39620,,,,"Foram analisados todos os dados do cenário informado. Identificamos que os 64 arquivos enviados em 24/04/2026 alarmaram como duplicados, pois ainda possuíam registros efetivados no banco de dados. O técnico Johnny Nascimento havia realizado o relançamento dos arquivos, porém para o correto reprocessamento é necessário que não existam arquivos previamente cadastrados/efetivados na base. Orientações repassadas para seguimento do fluxo adequado.",,,,,,,,,,,,,,,,,,,,,,,,,,,,,,,,Fácil,Médio,,,,,,,,,,,,,,,,,,,,,,,,24/abr/26 12:40 PM,24/abr/26 12:44 PM,24/abr/26 2:19 PM,24/abr/26 12:44 PM,,,,24/abr/26 12:40 PM,,,,,,,,,,,{},,,,,,,,,4.0,95.0,,,,,,,,,,,,,,,,,,,Sim ,,,,,,,,,,,,,,,,,,,,,,,,,,,,,,,,,,,,,,,,JIRA ,,,,,,,,,,,Suporte Técnico e Treinamento,,,,,,,,,,,,,,,,,,,,,,,,,,,,,,,,,,,,,,,,,,,,,,,,,,,,,,,,,,,,,,,,,,,,,,,,,,1|i046mo:,,,,,,,,,,,,,,,,,,,,,,,,,,,,,,,,,,,,,,,,,,,,,,,,,,,,,,,,,,,,,,,,,,,,,,,,,,,,,,,,,,,,,,,,,,,,,,,,,,,,,,,,,,,,,,,,,,,,,,6.500,,Sim,,,,,,,,,,,,,,,,,,,,,14838_*:*_1_*:*_188146_*|*_14518_*:*_1_*:*_0,14838_*:*_1_*:*_188146_*|*_14518_*:*_1_*:*_0,,,,,,Itens concluídos,24/abr/26 2:19 PM
"Apoio quanto a problemas oriundos da empresa Eucaflora, no tocante dos lançamentos dos dados. Dados já foram excluídos do SWS2 e estão sendo excluídos novamente do OM, para entrar em call assim que possível.",UNF2026-215,187980,Tarefa,Concluído,UNF2026,2026 - UNIDADE ESTRATÉGICA ,software,Adenilton Silva,633212a0fedc6169aed6fd7c,,,Itens concluídos,Adenilton Silva,633212a0fedc6169aed6fd7c,Johnny Nascimento,712020:6c42c3f9-35c5-48d4-9271-bfa26979c0c4,Johnny Nascimento,712020:6c42c3f9-35c5-48d4-9271-bfa26979c0c4,24/abr/26 8:11 AM,24/abr/26 9:23 AM,,24/abr/26 9:23 AM,,0,"Problemas oriundos nos dados da empresaEucaflora, dados já foram lançados, excluídos e reprocessados, porém sem êxito",,Johnny Nascimento,,712020:6c42c3f9-35c5-48d4-9271-bfa26979c0c4,,;24/abr/26 9:23 AM;633212a0fedc6169aed6fd7c;1800,,,,,,,,,,,,,,0,1800,,,0,1800,,,,,,,,,,,,,,,,,,,,,,,,,,,,,,,,com.atlassian.servicedesk.plugins.approvals.internal.customfield.ApprovalsCFValue@45ea03dc,,,,"Realizada a Call conforme o solicitado.
E esclarecidas as devidas dúvidas.",,,,,,,,,,,,,,,,,,,,,,,,,,,,,,,,Médio,,,,,,,,,,,,,,,,,,,,,,,,,24/abr/26 8:07 AM,24/abr/26 8:57 AM,24/abr/26 9:23 AM,24/abr/26 8:57 AM,,,,24/abr/26 8:07 AM,,,,,,,,,,,{},,,,,,,,,50.0,26.0,,,,,,,,,,,,,,,,,,,Sim ,,,,,,,,,,,,,,,,,,,,,,,,,,,,,,,,,,,,,,,,JIRA ,,,,,,,,,,,Análise e Diagnóstico de Bugs na Plataforma,Suporte Técnico e Treinamento,,,,,,,,,,,,,,,,,,,,,,,,,,,,,,,,,,,,,,,,,,,,,,,,,,,,,,,,,,,,,,,,,,,,,,,,,1|i046iq:,,,,,,,,,,,,,,,,,,,,,,,,,,,,,,,,,,,,,,,,,,,,,,,,,,,,,,,,,,,,,,,,,,,,,,,,,,,,,,,,,,,,,,,,,,,,,,,,,,,,,,,,,,,,,,,,,,,,,,6.600,,Talvez,,,,,,,,,,,,,,,,,,,,,14838_*:*_1_*:*_2749004_*|*_14518_*:*_1_*:*_0,14838_*:*_1_*:*_2749004_*|*_14518_*:*_1_*:*_0,,,,,,Itens concluídos,24/abr/26 9:23 AM
6.500 - Solicitação de uma ativação,UNF2026-214,187739,Tarefa,Concluído,UNF2026,2026 - UNIDADE ESTRATÉGICA ,software,Adenilton Silva,633212a0fedc6169aed6fd7c,,,Itens concluídos,Adenilton Silva,633212a0fedc6169aed6fd7c,Welinton Silva,712020:21e2d9c9-0f61-4500-b7e0-312746cc1897,Welinton Silva,712020:21e2d9c9-0f61-4500-b7e0-312746cc1897,23/abr/26 1:05 PM,23/abr/26 1:16 PM,,23/abr/26 1:15 PM,,0,"Por gentileza, solicito apoio no encaminhamento da ativação, para liberação do acesso e validação dos parâmetros necessários, a fim de restabelecer a operacionalidade do sistema/equipamento conforme o esperado.

Display: 292148 

Versão: 4.0.7

Atiavação: JAN.",,Welinton Silva,,712020:21e2d9c9-0f61-4500-b7e0-312746cc1897,,;23/abr/26 1:16 PM;633212a0fedc6169aed6fd7c;600,,,,,,,,,,,,,,0,600,,,0,600,,23/abr/26 1:14 PM;633212a0fedc6169aed6fd7c;image-20260423-161423.png;https://agguidance.atlassian.net/rest/api/3/attachment/content/176301,,,,,,,,,,,,,,,,,,,,,,,,,,,,,,com.atlassian.servicedesk.plugins.approvals.internal.customfield.ApprovalsCFValue@54da7135,,,,"O coordenador [~accountid:60dc6c037d016900702ba63d], estava em outras demandas, fora do escritório e solicitou um apoio.

Arquivos enviados ao técnico conforme o solicitado.

Também foi enviada uma ativação remota.

!image-20260423-161423.png|width=332,alt=""image-20260423-161423.png""!",,,,,,,,,,,,,,,,,,,,,,,,,,,,,,,,Fácil,,,,,,,,,,,,,,,,,,,,,,,,,23/abr/26 12:58 PM,23/abr/26 1:07 PM,23/abr/26 1:15 PM,23/abr/26 1:07 PM,,,,23/abr/26 12:58 PM,,,,,,,,,,,{},,,,,,,,,9.0,8.0,,,,,,,,,,,,,,,,,,,Sim ,,,,,,,,,,,,,,,,,,,,,,,,,,,,,,,,,,,,,,,,JIRA ,,,,,,,,,,,Atualizações e Novas Funcionalidades,,,,,,,,,,,,,,,,,,,,,,,,,,,,,,,,,,,,,,,,,,,,,,,,,,,,,,,,,,,,,,,,,,,,,,,,,,1|i046bm:,,,,,,,,,,,,,,,,,,,,,,,,,,,,,,,,,,,,,,,,,,,,,,,,,,,,,,,,,,,,,,,,,,,,,,,,,,,,,,,,,,,,,,,,,,,,,,,,,,,,,,,,,,,,,,,,,,,,,,6.500,,Sim,,,,,,,,,,,,,,,,,,,,,14838_*:*_1_*:*_120642_*|*_14518_*:*_1_*:*_0,14838_*:*_1_*:*_120642_*|*_14518_*:*_1_*:*_0,,,,,,Itens concluídos,23/abr/26 1:15 PM
6.500 - Análise de dados Tecpar -  Suzano SP ,UNF2026-213,187598,Tarefa,Concluído,UNF2026,2026 - UNIDADE ESTRATÉGICA ,software,Adenilton Silva,633212a0fedc6169aed6fd7c,,,Itens concluídos,Adenilton Silva,633212a0fedc6169aed6fd7c,Adenilton Silva,633212a0fedc6169aed6fd7c,Adenilton Silva,633212a0fedc6169aed6fd7c,23/abr/26 8:51 AM,23/abr/26 10:20 AM,,23/abr/26 10:20 AM,,0,"O técnico Welinton Silva compareceu na base solicitando apoio para análise de dados relacionados ao provedor Tecpar, vinculado ao produtor Suzano SP.


* Foi identificado a necessidade de validação das informações e comportamento dos dados entre provedor e produtor, visando identificar possíveis inconsistências ou ajustes necessários no fluxo operacional.

Objetivo
Realizar análise técnica dos dados do provedor Tecpar no ambiente do produtor Suzano SP, verificando integrações, vínculos e eventuais divergências.

Ações Técnicas
Analisar registros e movimentações de dados do provedor Tecpar
Validar associação com o produtor Suzano SP
Identificar inconsistências ou falhas no processamento
Aplicar ou direcionar correções, se necessário

Critério de Encerramento
Análise concluída, causa identificada e retorno repassado ao solicitante com as devidas tratativas realizadas.",,Adenilton Silva,,633212a0fedc6169aed6fd7c,,;23/abr/26 10:20 AM;633212a0fedc6169aed6fd7c;5400,,,,,,,,,,,,,3600,0,5400,150%,3600,0,5400,,,,,,,,,,,,,,,,,,,,,,,,,,,,,,,,com.atlassian.servicedesk.plugins.approvals.internal.customfield.ApprovalsCFValue@5e8e3ee0,,,,"Foi prestado o devido apoio ao técnico, sendo identificadas as seguintes divergências durante a análise:

24489 - Cadastro incorreto no Admin. Constatado envio de arquivos no SWS contendo 2 ou mais funções.

23317 - Cadastro incorreto no Admin. Identificado MAC cadastrado como cac1000003dc2fc, contendo apenas 15 caracteres. Também constatadas 2 funções diferentes no mês 2.

Posteriormente, o setor responsável realizou a correção do MAC cadastrado incorretamente. Após o ajuste, os dados foram enviados no OM, processados e funcionando conforme o padrão esperado.",,,,,,,,,,,,,,,,,,,,,,,,,,,,,,,,Médio,,,,,,,,,,,,,,,,,,,,,,,,,23/abr/26 8:49 AM,23/abr/26 8:51 AM,23/abr/26 10:20 AM,23/abr/26 8:51 AM,,,,23/abr/26 8:49 AM,,,,,,,,,,,{},,,,,,,,,2.0,89.0,,,,,,,,,,,,,,,,,,,Sim ,,,,,,,,,,,,,,,,,,,,,,,,,,,,,,,,,,,,,,,,WhatsApp - PV,,,,,,,,,,,Suporte Técnico e Treinamento,,,,,,,,,,,,,,,,,,,,,,,,,,,,,,,,,,,,,,,,,,,,,,,,,,,,,,,,,,,,,,,,,,,,,,,,,,1|i0469e:,,,,,,,,,,,,,,,,,,,,,,,,,,,,,,,,,,,,,,,,,,,,,,,,,,,,,,,,,,,,,,,,,,,,,,,,,,,,,,,,,,,,,,,,,,,,,,,,,,,,,,,,,,,,,,,,,,,,,,6.500,,Talvez,,,,,,,,,,,,,,,,,,,,,14838_*:*_1_*:*_20735_*|*_14518_*:*_1_*:*_0,14838_*:*_1_*:*_20735_*|*_14518_*:*_1_*:*_0,,,,,,Itens concluídos,23/abr/26 10:20 AM
Erro na Consolidação de Dados OM,UNF2026-212,187529,Tarefa,Concluído,UNF2026,2026 - UNIDADE ESTRATÉGICA ,software,Adenilton Silva,633212a0fedc6169aed6fd7c,,,Itens concluídos,Adenilton Silva,633212a0fedc6169aed6fd7c,Marcelo Medina da Silva,712020:e15b2896-445b-477c-9eee-1230a94705b6,Marcelo Medina da Silva,712020:e15b2896-445b-477c-9eee-1230a94705b6,23/abr/26 12:22 AM,23/abr/26 11:34 AM,,23/abr/26 11:34 AM,,0,"Estamos enfrentando erro em um computador de bordo ao enviar arquivos para a plataforma OM. A mensagem apresentada é “computador não cadastrado”.
No entanto, no ADM o status consta como regular, com CTI ativo e sistema recentemente atualizado.

*Produtor:* Suzano – Cerrado
*Provedor:* J.S. Florestal",,Marcelo Medina da Silva,,712020:e15b2896-445b-477c-9eee-1230a94705b6,,;23/abr/26 10:24 AM;633212a0fedc6169aed6fd7c;540,;23/abr/26 11:34 AM;633212a0fedc6169aed6fd7c;840,,,,,,,,,,,,,0,1380,,,0,1380,,23/abr/26 12:22 AM;rk:0107cd48-bdde-4d7d-900b-1231edfa933b;Captura de tela 2026-04-22 231528.png;https://agguidance.atlassian.net/rest/api/3/attachment/content/176105,23/abr/26 12:22 AM;rk:0107cd48-bdde-4d7d-900b-1231edfa933b;Captura de tela 2026-04-22 231621.png;https://agguidance.atlassian.net/rest/api/3/attachment/content/176104,,,,,,,,,,,,,,,,,,,,,,,,,,,,,com.atlassian.servicedesk.plugins.approvals.internal.customfield.ApprovalsCFValue@1f8a7b2b,,,,"* Analisado o alarme gerado, foi identificado uma divergência no cadastro no Atom, MAC está com 15 caracteres, e o correto são 16.
* Solicitado a correção ao departamento responsável.
* Ajustado pelo setor responsável.
* Todos os dados relançados na plataforma OM.",,,,,,,,,,,,,,,,,,,,,,,,,,,,,,,,Difícil,,,,,,,,,,,,,,,,,,,,,,,23/abr/26 10:24 AM,,23/abr/26 12:17 AM,23/abr/26 10:21 AM,23/abr/26 11:34 AM,23/abr/26 10:21 AM,,,,23/abr/26 12:17 AM,,,,,,,,,,,{},,,,,,,70.0,,604.0,3.0,,,,,,,,,,,,,,,,,,,Não,Sim ,,,,,,,,,,,,,,,,,,,,,,,,,,,,,,,,,,,,,,,E-mail,JIRA ,Ligação,WhatsApp - Grupo,WhatsApp - PV,,,,,,,Gestão de Dados e Integração,,,,,,,,,,,,,,,,,,,,,,,,,,,,,,,,,,,,,,,,,,,,,,,,,,,,,,,,,,,,,,,,,,,,,,,,,,1|i0468a:,,,,,,,,,,,,,,,,,,,,,,,,,,,,,,,,,,,,,,,,,,,,,,,,,,,,,,,,,,,,,,,,,,,,,,,,,,,,,,,,,,,,,,,,,,,,,,,,,,,,,,,,,,,,,,,,,,,,,,6.300,,Não,,,,,,,,,,,,,,,,,,,,,14838_*:*_1_*:*_35903206_*|*_14518_*:*_1_*:*_209012_*|*_14522_*:*_1_*:*_0,14838_*:*_1_*:*_35903206_*|*_14518_*:*_1_*:*_209012_*|*_14522_*:*_1_*:*_0,,,,,,Itens concluídos,23/abr/26 11:34 AM
Sensor de inclinação Cenibra,UNF2026-211,186615,Tarefa,Concluído,UNF2026,2026 - UNIDADE ESTRATÉGICA ,software,Adenilton Silva,633212a0fedc6169aed6fd7c,,,Itens concluídos,Adenilton Silva,633212a0fedc6169aed6fd7c,Flavio Silva,5ffeffbb64208901414c5074,Flavio Silva,5ffeffbb64208901414c5074,17/abr/26 4:30 PM,06/mai/26 2:55 PM,06/mai/26 2:54 PM,06/mai/26 2:55 PM,,0,"Precisamos criar alarmes de inclinação frontal e lateral para Cenibra.
Precisamos gerar alertas quando o sensor captar inclinação maior que: 27°no ângulo Frontal, e 17° no ângulo lateral.
* Esse sensor já existe pra Cenibra e foi utilizado no passado.
* Incluir a mensagem de ""RISCO DE TOMBAMENTO*, ao ultrapassar os limites de inclinação.",,Flavio Silva,,5ffeffbb64208901414c5074,,;23/abr/26 11:30 AM;633212a0fedc6169aed6fd7c;3300,,,,,,,,,,,,,,0,3300,,,0,3300,,23/abr/26 11:29 AM;633212a0fedc6169aed6fd7c;image-20260423-142823.png;https://agguidance.atlassian.net/rest/api/3/attachment/content/176257,,,,,,,,,,,,,,,,,,,,,,,,,,,,,,com.atlassian.servicedesk.plugins.approvals.internal.customfield.ApprovalsCFValue@68eff280,,,,"Criado conforme o solicitado.

!image-20260423-142823.png|width=332,alt=""image-20260423-142823.png""!

Estamos sem os devidos componentes para validação em bancada. Após a validação em campo, por gentileza, nos comunicar.

As regras e alarmes foram mantidos ativos apenas para o equipamento Plantadeira, contemplando todas as atividades.

Em alinhamento com o técnico Jefferson, recebemos inicialmente as informações para criação das regras em todos os equipamentos, e os alarmes chegaram a ser configurados de forma geral. Contudo, após novos questionamentos e validações, identificamos que, com exceção do equipamento de plantio, os demais não possuem o componente (driver) responsável pela leitura de inclinação.

Diante desse cenário, foi necessária a inativação das configurações aplicadas aos demais equipamentos, mantendo ativo somente o que atende aos requisitos esperados.

Testado e Validado.",,,,,,,,,,,,,,,,,,,,,,,,,,,,,,,,Difícil,,,,,,,,,,,,,,,,,,,,,,,,23/abr/26 11:30 AM,17/abr/26 4:30 PM,23/abr/26 10:36 AM,06/mai/26 2:55 PM,23/abr/26 10:36 AM,,,,17/abr/26 4:30 PM,,,,,,,,,,,{},,,,,,,,18925.0,8286.0,54.0,,,,,,,,,,,,,,,,,,,Sim ,,,,,,,,,,,,,,,,,,,,,,,,,,,,,,,,,,,,,,,,JIRA ,,,,,,,,,,,Atualizações e Novas Funcionalidades,,,,,,,,,,,,,,,,,,,,,,,,,,,,,,,,,,,,,,,,,,,,,,,,,,,,,,,,,,,,,,,,,,,,,,,,,,1|i045oi:,,,,,,,,,,,,,,,,,,,,,,,,,,,,,,,,,,,,,,,,,,,,,,,,,,,,,,,,,,,,,,,,,,,,,,,,,,,,,,,,,,,,,,,,,,,,,,,,,,,,,,,,,,,,,,,,,,,,,,6.400,,Talvez,,,,,,,,,,,,,,,,,,,,,14838_*:*_1_*:*_497138589_*|*_14518_*:*_1_*:*_3207046_*|*_14520_*:*_1_*:*_0,14838_*:*_1_*:*_497138589_*|*_14518_*:*_1_*:*_3207046_*|*_14520_*:*_1_*:*_0,,,,,,Itens concluídos,06/mai/26 2:55 PM
6.600 - Reprocessamento do display 23700 ,UNF2026-210,186469,Tarefa,Dev.PD,UNF2026,2026 - UNIDADE ESTRATÉGICA ,software,Adenilton Silva,633212a0fedc6169aed6fd7c,,,,Adenilton Silva,633212a0fedc6169aed6fd7c,Adenilton Silva,633212a0fedc6169aed6fd7c,Adenilton Silva,633212a0fedc6169aed6fd7c,17/abr/26 8:27 AM,17/abr/26 11:50 AM,,,,0,"O técnico Antonio Jardel solicitou apoio para exclusão e relançamento dos dados do display 23700.

*Contexto Técnico:*
Os dados do display 23700 apresentam inconsistências, sendo necessário realizar a exclusão dos registros atuais para posterior reprocessamento correto.

*Objetivo:*
Garantir que os dados do display 23700 sejam processados corretamente no sistema, eliminando inconsistências existentes.

*Ações Técnicas:*

* Validar os dados atualmente processados do display 23700
* Realizar a exclusão dos registros vinculados ao display
* Executar o relançamento/reprocessamento dos arquivos
* Validar se os dados foram processados corretamente após o reenvio

*Critério de Encerramento:*
Dados do display 23700 reprocessados com sucesso, sem inconsistências, e validados em sistema.",,Adenilton Silva,,633212a0fedc6169aed6fd7c,,,,,,,,,,,,,,,1800,1800,,0%,1800,1800,,,,,,,,,,,,,,,,,,,,,,,,,,,,,,,,,com.atlassian.servicedesk.plugins.approvals.internal.customfield.ApprovalsCFValue@43b6f2dc,,,,"Plataforma OM, está instável, não sendo possível o envio e exclusão  de dados.

Aguardando Retorno PD",,,,,,,,,,,,,,,,,,,,,,,,,,,,,,,,Fácil,,,,,,,,,,,,,,,,,,,,,,,17/abr/26 11:49 AM,,17/abr/26 8:26 AM,17/abr/26 8:27 AM,,17/abr/26 8:27 AM,,,,17/abr/26 8:26 AM,,,,,,,,,,,{},,,,,,,,,1.0,202.0,,,,,,,,,,,,,,,,,,,Sim ,,,,,,,,,,,,,,,,,,,,,,,,,,,,,,,,,,,,,,,,WhatsApp - PV,,,,,,,,,,,Suporte Técnico e Treinamento,,,,,,,,,,,,,,,,,,,,,,,,,,,,,,,,,,,,,,,,,,,,,,,,,,,,,,,,,,,,,,,,,,,,,,,,,,1|i045du:,,,,,,,,,,,,,,,,,,,,,,,,,,,,,,,,,,,,,,,,,,,,,,,,,,,,,,,,,,,,,,,,,,,,,,,,,,,,,,,,,,,,,,,,,,,,,,,,,,,,,,,,,,,,,,,,,,,,,,6.600,,Sim,,,,,,,,,,,,,,,,,,,,,,,,,,,,Em andamento,17/abr/26 8:27 AM
6.600 - Levantamento de fazendas e usuários – Cliente Mombak ,UNF2026-209,186209,Tarefa,Concluído,UNF2026,2026 - UNIDADE ESTRATÉGICA ,software,Adenilton Silva,633212a0fedc6169aed6fd7c,,,Itens concluídos,Adenilton Silva,633212a0fedc6169aed6fd7c,Adenilton Silva,633212a0fedc6169aed6fd7c,Adenilton Silva,633212a0fedc6169aed6fd7c,16/abr/26 11:39 AM,17/abr/26 11:46 AM,,17/abr/26 11:45 AM,,0,"O colaborador Pedro, do cliente Mombak, solicitou a relação das fazendas cadastradas e dos usuários que possuem acesso às informações do cliente.

*Contexto Técnico:*
Necessidade de extração das informações diretamente da base do cliente, contemplando as estruturas cadastradas (fazendas) e os vínculos de acesso dos usuários (perfis/permissões).

*Objetivo:*
Disponibilizar ao cliente a listagem completa das fazendas cadastradas e dos usuários com seus respectivos acessos.

*Ações Técnicas:*

* Levantar todas as fazendas cadastradas para o cliente Mombak
* Identificar os usuários vinculados ao cliente
* Validar os níveis de acesso/permissões de cada usuário
* Consolidar as informações para envio ao solicitante

*Critério de Encerramento:*
Envio da listagem de fazendas e usuários com acesso ao cliente Mombak, validada e confirmada pelo solicitante.",,Adenilton Silva,,633212a0fedc6169aed6fd7c,,;17/abr/26 11:46 AM;633212a0fedc6169aed6fd7c;2160,,,,,,,,,,,,,3600,1440,2160,60%,3600,1440,2160,,,,,,,,,,,,,,,,,,,,,,,,,,,,,,,,com.atlassian.servicedesk.plugins.approvals.internal.customfield.ApprovalsCFValue@398ac499,,,,Compiladas as devidas informações e enviadas via e-mail ao cliente e outros envolvidos.,,,,,,,,,,,,,,,,,,,,,,,,,,,,,,,,Difícil,,,,,,,,,,,,,,,,,,,,,,,,,16/abr/26 11:37 AM,17/abr/26 11:09 AM,17/abr/26 11:45 AM,17/abr/26 11:09 AM,,,,16/abr/26 11:37 AM,,,,,,,,,,,{},,,,,,,,,1412.0,36.0,,,,,,,,,,,,,,,,,,,Sim ,,,,,,,,,,,,,,,,,,,,,,,,,,,,,,,,,,,,,,,,WhatsApp - PV,,,,,,,,,,,Suporte Técnico e Treinamento,,,,,,,,,,,,,,,,,,,,,,,,,,,,,,,,,,,,,,,,,,,,,,,,,,,,,,,,,,,,,,,,,,,,,,,,,,1|i044uq:,,,,,,,,,,,,,,,,,,,,,,,,,,,,,,,,,,,,,,,,,,,,,,,,,,,,,,,,,,,,,,,,,,,,,,,,,,,,,,,,,,,,,,,,,,,,,,,,,,,,,,,,,,,,,,,,,,,,,,6.600,,Não,,,,,,,,,,,,,,,,,,,,,14838_*:*_1_*:*_84589495_*|*_14518_*:*_1_*:*_0,14838_*:*_1_*:*_84589495_*|*_14518_*:*_1_*:*_0,,,,,,Itens concluídos,17/abr/26 11:45 AM
6.200 - Verificar acesso aos mapas de formiga – usuário raquel.santos@veracel.com.br ,UNF2026-207,186206,Tarefa,Concluído,UNF2026,2026 - UNIDADE ESTRATÉGICA ,software,Adenilton Silva,633212a0fedc6169aed6fd7c,,,Itens concluídos,Adenilton Silva,633212a0fedc6169aed6fd7c,Adenilton Silva,633212a0fedc6169aed6fd7c,Adenilton Silva,633212a0fedc6169aed6fd7c,16/abr/26 11:31 AM,17/abr/26 8:25 AM,,17/abr/26 8:25 AM,,0,"Usuária *Raquel Ribeiro dos Santos (*[*raquel.santos@veracel.com.br*|mailto:raquel.santos@veracel.com.br]*)* informou que *não consegue acessar os mapas de formiga na Veracel*.

Solicitação encaminhada por *Raphael Teixeira Pereira*, relatando indisponibilidade de acesso aos mapas no sistema.
A própria usuária confirmou o problema por resposta no e-mail.

h3. *Solicitante*

Raphael Teixeira Pereira – Hexagon

h3. *Usuário impactado*

Raquel Ribeiro dos Santos – Veracel

h3. *Empresa*

Veracel

h3. *Problema relatado*

* Falha de acesso aos mapas de formiga
* Possível problema de permissão, perfil de usuário ou configuração de acesso

h3. *Ações esperadas*

* Verificar cadastro do usuário
* Validar permissões e perfil de acesso
* Confirmar se o acesso aos mapas está corretamente habilitado
* Retornar ao solicitante com status da correção",,Adenilton Silva,,633212a0fedc6169aed6fd7c,,;16/abr/26 11:54 AM;633212a0fedc6169aed6fd7c;540,;17/abr/26 8:25 AM;633212a0fedc6169aed6fd7c;600,,,,,,,,,,,,3600,2460,1140,31%,3600,2460,1140,,,,,,,,,,,,,,,,,,,,,,,,,,,,,,,,com.atlassian.servicedesk.plugins.approvals.internal.customfield.ApprovalsCFValue@1cc25ab,,,,"Realizado o contato com o setor responsável, fomos informados que o Banco encontra-se passando por atualização internas, e devido a isso a plataforma encontrá-se fora do ar, iremos ser comunicados quando estabelecer.



PLataforma estabilizada, retornado aos envolvidos.",,,,,,,,,,,,,,,,,,,,,,,,,,,,,,,,Médio,,,,,,,,,,,,,,,,,,,,,,,16/abr/26 11:54 AM,,16/abr/26 11:29 AM,16/abr/26 11:40 AM,17/abr/26 8:25 AM,16/abr/26 11:40 AM,,,,16/abr/26 11:29 AM,,,,,,,,,,,{},,,,,,,1231.0,,11.0,14.0,,,,,,,,,,,,,,,,,,,Sim ,,,,,,,,,,,,,,,,,,,,,,,,,,,,,,,,,,,,,,,,E-mail,,,,,,,,,,,Suporte Técnico e Treinamento,,,,,,,,,,,,,,,,,,,,,,,,,,,,,,,,,,,,,,,,,,,,,,,,,,,,,,,,,,,,,,,,,,,,,,,,,,1|i044u2:,,,,,,,,,,,,,,,,,,,,,,,,,,,,,,,,,,,,,,,,,,,,,,,,,,,,,,,,,,,,,,,,,,,,,,,,,,,,,,,,,,,,,,,,,,,,,,,,,,,,,,,,,,,,,,,,,,,,,,6.200,,Talvez,,,,,,,,,,,,,,,,,,,,,14838_*:*_1_*:*_555393_*|*_14518_*:*_1_*:*_840265_*|*_14522_*:*_1_*:*_0,14838_*:*_1_*:*_555393_*|*_14518_*:*_1_*:*_840265_*|*_14522_*:*_1_*:*_0,,,,,,Itens concluídos,17/abr/26 8:25 AM
Atualização da base geográfica – Abril/2026 (Smurfit Westrock)  ,UNF2026-205,186204,Tarefa,Concluído,UNF2026,2026 - UNIDADE ESTRATÉGICA ,software,Adenilton Silva,633212a0fedc6169aed6fd7c,,,Itens concluídos,Adenilton Silva,633212a0fedc6169aed6fd7c,Adenilton Silva,633212a0fedc6169aed6fd7c,Adenilton Silva,633212a0fedc6169aed6fd7c,16/abr/26 11:24 AM,23/abr/26 4:22 PM,,23/abr/26 4:22 PM,,0,"Base completa geográfica disponibilizada pela Smurfit Westrock, atualizada no mês de *abril/2026*, considerando *áreas próprias, parceria direta e arrendamento*.

Arquivos recebidos por e‑mail da Renata Rodrigues (SIG – Smurfit Westrock), incluindo:

* Base geográfica compactada
* Planilha Excel com os dados atualizados

A base deve ser utilizada para atualização/cadastro conforme fluxo padrão do projeto.

h3. *Origem*

E‑mail: _RE: Base – Atualização_
Remetente: Renata Rodrigues – Smurfit Westrock
Data do recebimento: 14/04/2026",,Adenilton Silva,,633212a0fedc6169aed6fd7c,,;23/abr/26 4:22 PM;633212a0fedc6169aed6fd7c;2280,,,,,,,,,,,,,7200,4920,2280,31%,7200,4920,2280,,,,,,,,,,,,,,,,,,,,,,,,,,,,,,,,com.atlassian.servicedesk.plugins.approvals.internal.customfield.ApprovalsCFValue@2e92f9ce,,,,Base Tratada e cadastrada.,,,,,,,,,,,,,,,,,,,,,,,,,,,,,,,,Difícil,,,,,,,,,,,,,,,,,,,,,,,,,16/abr/26 11:23 AM,23/abr/26 4:22 PM,23/abr/26 4:22 PM,23/abr/26 4:22 PM,,,,16/abr/26 11:23 AM,,,,,,,,,,,{},,,,,,,,,10379.0,0.0,,,,,,,,,,,,,,,,,,,Sim ,,,,,,,,,,,,,,,,,,,,,,,,,,,,,,,,,,,,,,,,E-mail,,,,,,,,,,,Cadastro e Gestão de Geometrias,,,,,,,,,,,,,,,,,,,,,,,,,,,,,,,,,,,,,,,,,,,,,,,,,,,,,,,,,,,,,,,,,,,,,,,,,,1|i044tm:,,,,,,,,,,,,,,,,,,,,,,,,,,,,,,,,,,,,,,,,,,,,,,,,,,,,,,,,,,,,,,,,,,,,,,,,,,,,,,,,,,,,,,,,,,,,,,,,,,,,,,,,,,,,,,,,,,,,,,6.700,,Não,,,,,,,,,,,,,,,,,,,,,14838_*:*_1_*:*_622675664_*|*_14518_*:*_1_*:*_0,14838_*:*_1_*:*_622675664_*|*_14518_*:*_1_*:*_0,,,,,,Itens concluídos,23/abr/26 4:22 PM
Arquivos com efetivo 0.0,UNF2026-204,186127,Tarefa,Concluído,UNF2026,2026 - UNIDADE ESTRATÉGICA ,software,Adenilton Silva,633212a0fedc6169aed6fd7c,,,Itens concluídos,Adenilton Silva,633212a0fedc6169aed6fd7c,Marcelo Medina da Silva,712020:e15b2896-445b-477c-9eee-1230a94705b6,Marcelo Medina da Silva,712020:e15b2896-445b-477c-9eee-1230a94705b6,16/abr/26 7:40 AM,16/abr/26 4:46 PM,,16/abr/26 4:46 PM,,0,"Foi identificado que os dados de preparo de solo enviados a partir de 01/04 até o momento estão sendo devidamente processados pelo sistema; entretanto, permanecem registrados com efetivo zero.

No período de 01/04 a 13/04, as atividades foram executadas na Fazenda Planalto, a qual se encontra devidamente cadastrada no banco de dados. No entanto, o erro persiste, com o registro de efetivo permanecendo zero.",,Marcelo Medina da Silva,,712020:e15b2896-445b-477c-9eee-1230a94705b6,,;16/abr/26 4:46 PM;633212a0fedc6169aed6fd7c;7200,,,,,,,,,,,,,,0,7200,,,0,7200,,16/abr/26 7:38 AM;rk:0107cd48-bdde-4d7d-900b-1231edfa933b;Captura de tela 2026-04-16 060225.png;https://agguidance.atlassian.net/rest/api/3/attachment/content/174674,16/abr/26 7:38 AM;rk:0107cd48-bdde-4d7d-900b-1231edfa933b;Captura de tela 2026-04-16 060603.png;https://agguidance.atlassian.net/rest/api/3/attachment/content/174675,16/abr/26 7:38 AM;rk:0107cd48-bdde-4d7d-900b-1231edfa933b;Captura de tela 2026-04-16 060623.png;https://agguidance.atlassian.net/rest/api/3/attachment/content/174673,,,,,,,,,,,,,,,,,,,,,,,,,,,,com.atlassian.servicedesk.plugins.approvals.internal.customfield.ApprovalsCFValue@41d34361,,,,"Analisando os dados, haviam vários arquivos duplicados.

Tivemos que excluir os mesmos, a área não estava cadastrada, porém ja continha na nova base do cliente, realizamos os cadatsros e os devidos reprocessamentos.",,,,,,,,,,,,,,,,,,,,,,,,,,,,,,,,Difícil,,,,,,,,,,,,,,,,,,,,,,,,,16/abr/26 7:31 AM,16/abr/26 11:56 AM,16/abr/26 4:46 PM,16/abr/26 11:56 AM,,,,16/abr/26 8:30 AM,,,,,,,,,,,{},,,,,,,,,265.0,290.0,,,,,,,,,,,,,,,,,,,Sim ,,,,,,,,,,,,,,,,,,,,,,,,,,,,,,,,,,,,,,,,E-mail,Ligação,WhatsApp - Grupo,WhatsApp - PV,,,,,,,,Análise e Diagnóstico de Bugs na Plataforma,Gestão de Dados e Integração,,,,,,,,,,,,,,,,,,,,,,,,,,,,,,,,,,,,,,,,,,,,,,,,,,,,,,,,,,,,,,,,,,,,,,,,,1|i044r6:,,,,,,,,,,,,,,,,,,,,,,,,,,,,,,,,,,,,,,,,,,,,,,,,,,,,,,,,,,,,,,,,,,,,,,,,,,,,,,,,,,,,,,,,,,,,,,,,,,,,,,,,,,,,,,,,,,,,,,6.300,,Não,,,,,,,,,,,,,,,,,,,,,14838_*:*_1_*:*_15329052_*|*_14518_*:*_1_*:*_0,14838_*:*_1_*:*_15329052_*|*_14518_*:*_1_*:*_0,,,,,,Itens concluídos,16/abr/26 4:46 PM
6.600 - Análise de erro em arquivos de displays – 23700 e 21555,UNF2026-203,185775,Tarefa,Concluído,UNF2026,2026 - UNIDADE ESTRATÉGICA ,software,Adenilton Silva,633212a0fedc6169aed6fd7c,,,Itens concluídos,Adenilton Silva,633212a0fedc6169aed6fd7c,Adenilton Silva,633212a0fedc6169aed6fd7c,Adenilton Silva,633212a0fedc6169aed6fd7c,15/abr/26 7:57 AM,15/abr/26 8:28 AM,,15/abr/26 8:28 AM,,0,"O técnico Antonio Jardel entrou em contato solicitando a análise de erros identificados nos arquivos provenientes dos displays 23700 e 21555.

*Contexto Técnico:*
Foram reportadas inconsistências no processamento dos arquivos desses displays, sendo necessário avaliar possíveis falhas na geração, envio ou ingestão dos dados na plataforma.

*Objetivo:*
Identificar a causa dos erros apresentados nos arquivos dos displays 23700 e 21555 e propor a correção adequada.

*Ações Técnicas:*

* Verificar os arquivos recebidos dos displays 23700 e 21555
* Analisar logs de processamento (OM/Atom/SWS)
* Validar integridade e estrutura dos arquivos
* Identificar possíveis falhas de vínculo (device, produtor, provider)
* Avaliar necessidade de reprocessamento

*Critério de Encerramento:*
Chamado será considerado concluído após identificação da causa raiz, validação da correção e normalização do processamento dos arquivos dos displays envolvidos.",,Adenilton Silva,,633212a0fedc6169aed6fd7c,,;15/abr/26 8:08 AM;633212a0fedc6169aed6fd7c;600,,,,,,,,,,,,,3600,3000,600,16%,3600,3000,600,,,,,,,,,,,,,,,,,,,,,,,,,,,,,,,,com.atlassian.servicedesk.plugins.approvals.internal.customfield.ApprovalsCFValue@78c5a301,,,,"* 23700 - 9ac1000003dc2fc - Mac Incorreto, solicitada correção ao setor responsável.
* 21555 - af610100003dc2fc - Dados nunca chegaram a plataforma OM

Ajustado o MAC do display divergente pelo Guilherme Correa.",,,,,,,,,,,,,,,,,,,,,,,,,,,,,,,,Médio,,,,,,,,,,,,,,,,,,,,,,,15/abr/26 8:07 AM,,15/abr/26 7:56 AM,15/abr/26 7:57 AM,15/abr/26 8:28 AM,15/abr/26 7:57 AM,,,,15/abr/26 7:56 AM,,,,,,,,,,,{},,,,,,,21.0,,1.0,10.0,,,,,,,,,,,,,,,,,,,Sim ,,,,,,,,,,,,,,,,,,,,,,,,,,,,,,,,,,,,,,,,WhatsApp - PV,,,,,,,,,,,Suporte Técnico e Treinamento,,,,,,,,,,,,,,,,,,,,,,,,,,,,,,,,,,,,,,,,,,,,,,,,,,,,,,,,,,,,,,,,,,,,,,,,,,1|i044m2:,,,,,,,,,,,,,,,,,,,,,,,,,,,,,,,,,,,,,,,,,,,,,,,,,,,,,,,,,,,,,,,,,,,,,,,,,,,,,,,,,,,,,,,,,,,,,,,,,,,,,,,,,,,,,,,,,,,,,,6.600,,Talvez,,,,,,,,,,,,,,,,,,,,,14838_*:*_1_*:*_7059_*|*_14518_*:*_1_*:*_621041_*|*_14522_*:*_1_*:*_0,14838_*:*_1_*:*_7059_*|*_14518_*:*_1_*:*_621041_*|*_14522_*:*_1_*:*_0,,,,,,Itens concluídos,15/abr/26 8:28 AM
6.400 - Associação de regras do CTi – Aperam  Tipo  Solicitação ,UNF2026-202,185708,Tarefa,Concluído,UNF2026,2026 - UNIDADE ESTRATÉGICA ,software,Adenilton Silva,633212a0fedc6169aed6fd7c,,,Itens concluídos,Adenilton Silva,633212a0fedc6169aed6fd7c,Adenilton Silva,633212a0fedc6169aed6fd7c,Adenilton Silva,633212a0fedc6169aed6fd7c,14/abr/26 4:26 PM,06/mai/26 2:53 PM,06/mai/26 2:52 PM,06/mai/26 2:53 PM,,0,"Solicitação de apoio para realizar a *associação de regras do CTi Aperam*.
O solicitante informa que *todas as informações já estão devidamente cadastradas* e necessita de orientação para execução do procedimento.

Solicita, se possível:

* Envio de um *passo a passo* detalhado do processo de associação das regras
*ou*
* Agendamento de uma *call* para acompanhamento e esclarecimento, com o objetivo de ampliar o conhecimento sobre o procedimento.

h3. *Solicitante*

Jefferson Luis de Oliveira
Técnico de Operação Florestal – Hexagon Agriculture

h3. *Prioridade*

Média

h3. *Observações*

A solicitação tem caráter de apoio técnico e capacitação operacional.",,Adenilton Silva,,633212a0fedc6169aed6fd7c,,,,,,,,,,,,,,,3600,3600,,0%,3600,3600,,,,,,,,,,,,,,,,,,,,,,,,,,,,,,,,,com.atlassian.servicedesk.plugins.approvals.internal.customfield.ApprovalsCFValue@18443cdf,,,,"Retornado um e-mail para a unidade devido a pendencias de informações e cadastro.

Concluido",,,,,,,,,,,,,,,,,,,,,,,,,,,,,,,,Difícil,,,,,,,,,,,,,,,,,,,,,,,,14/abr/26 4:48 PM,14/abr/26 4:22 PM,14/abr/26 4:27 PM,06/mai/26 2:53 PM,14/abr/26 4:27 PM,,,,14/abr/26 4:22 PM,,,,,,,,,,,{},,,,,,,,31565.0,5.0,21.0,,,,,,,,,,,,,,,,,,,Sim ,,,,,,,,,,,,,,,,,,,,,,,,,,,,,,,,,,,,,,,,E-mail,,,,,,,,,,,Suporte Técnico e Treinamento,,,,,,,,,,,,,,,,,,,,,,,,,,,,,,,,,,,,,,,,,,,,,,,,,,,,,,,,,,,,,,,,,,,,,,,,,,1|i044lm:,,,,,,,,,,,,,,,,,,,,,,,,,,,,,,,,,,,,,,,,,,,,,,,,,,,,,,,,,,,,,,,,,,,,,,,,,,,,,,,,,,,,,,,,,,,,,,,,,,,,,,,,,,,,,,,,,,,,,,6.400,,Não,,,,,,,,,,,,,,,,,,,,,14838_*:*_1_*:*_25670_*|*_14518_*:*_1_*:*_1285784_*|*_14520_*:*_1_*:*_0,14838_*:*_1_*:*_25670_*|*_14518_*:*_1_*:*_1285784_*|*_14520_*:*_1_*:*_0,,,,,,Itens concluídos,06/mai/26 2:53 PM
6.400 - Análise de associação Funções x Relatórios no OM – Produtor Gerdau  ,UNF2026-201,185639,Tarefa,Concluído,UNF2026,2026 - UNIDADE ESTRATÉGICA ,software,Adenilton Silva,633212a0fedc6169aed6fd7c,,,Itens concluídos,Adenilton Silva,633212a0fedc6169aed6fd7c,Adenilton Silva,633212a0fedc6169aed6fd7c,Adenilton Silva,633212a0fedc6169aed6fd7c,14/abr/26 2:08 PM,06/mai/26 2:52 PM,11/mai/26 9:10 AM,06/mai/26 2:52 PM,,0,"O coordenador Flavio Silva solicitou a análise dos vínculos entre funções e relatórios no ambiente OM para o produtor Gerdau.

*Contexto Técnico:*
Foi identificado possível inconsistência ou necessidade de ajuste na associação entre funções de usuários e os relatórios disponíveis no OM. Essa relação impacta diretamente na visualização e acesso às informações operacionais por parte dos usuários vinculados ao produtor Gerdau.

*Objetivo:*
Validar e, se necessário, corrigir as associações entre funções e relatórios no OM, garantindo que os usuários tenham acesso adequado conforme suas permissões.

*Ações Técnicas:*

* Levantar as funções atualmente associadas aos usuários do produtor Gerdau
* Mapear os relatórios disponíveis e suas respectivas permissões
* Validar divergências entre o esperado e o configurado
* Ajustar vínculos de funções x relatórios conforme necessidade
* Realizar testes de validação com usuário final ou ambiente controlado

*Critério de Encerramento:*

* Associações revisadas e corrigidas conforme necessidade
* Validação confirmada com acesso correto aos relatórios
* Evidência de teste ou validação anexada ao ticket
* Retorno ao solicitante com conclusão da análise",,Adenilton Silva,,633212a0fedc6169aed6fd7c,,,,,,,,,,,,,,,3600,3600,,0%,3600,3600,,,,,,,,,,,,,,,,,,,,,,,,,,,,,,,,,com.atlassian.servicedesk.plugins.approvals.internal.customfield.ApprovalsCFValue@21a1fdac,,,,"Foi solicitado para a unidade a lógica das funções, para os ajustes dos relatórios.

Finalizado.",,,,,,,,,,,,,,,,,,,,,,,,,,,,,,,,Médio,,,,,,,,,,,,,,,,,,,,,,,,14/abr/26 2:52 PM,14/abr/26 2:07 PM,14/abr/26 2:09 PM,06/mai/26 2:52 PM,14/abr/26 2:09 PM,,,,14/abr/26 2:07 PM,,,,,,,,,,,{},,,,,,,,31680.0,2.0,43.0,,,,,,,,,,,,,,,,,,,Sim ,,,,,,,,,,,,,,,,,,,,,,,,,,,,,,,,,,,,,,,,WhatsApp - PV,,,,,,,,,,,Gestão de Dados e Integração,,,,,,,,,,,,,,,,,,,,,,,,,,,,,,,,,,,,,,,,,,,,,,,,,,,,,,,,,,,,,,,,,,,,,,,,,,1|i044ky:,,,,,,,,,,,,,,,,,,,,,,,,,,,,,,,,,,,,,,,,,,,,,,,,,,,,,,,,,,,,,,,,,,,,,,,,,,,,,,,,,,,,,,,,,,,,,,,,,,,,,,,,,,,,,,,,,,,,,,6.400,,Talvez,,,,,,,,,,,,,,,,,,,,,14838_*:*_1_*:*_27734_*|*_14518_*:*_1_*:*_2622413_*|*_14520_*:*_1_*:*_0,14838_*:*_1_*:*_27734_*|*_14518_*:*_1_*:*_2622413_*|*_14520_*:*_1_*:*_0,,,,,,Itens concluídos,06/mai/26 2:52 PM
6.600 - Análise de dados de displays vinculados incorretamente entre Gerdau e Suzano-MA ,UNF2026-200,185545,Tarefa,Concluído,UNF2026,2026 - UNIDADE ESTRATÉGICA ,software,Adenilton Silva,633212a0fedc6169aed6fd7c,,,Itens concluídos,Adenilton Silva,633212a0fedc6169aed6fd7c,Adenilton Silva,633212a0fedc6169aed6fd7c,Adenilton Silva,633212a0fedc6169aed6fd7c,14/abr/26 9:33 AM,14/abr/26 9:58 AM,,14/abr/26 9:58 AM,,0,"O técnico Jonas Pereira solicitou uma análise devido ao recebimento indevido de dados dos displays 24648 e 24110 no cliente Gerdau.

*Contexto Técnico:*
Foi identificado que os displays 24648 e 24110 estão enviando dados para o ambiente da Gerdau, porém os mesmos pertencem à estrutura da Suzano – Maranhão. Esse comportamento indica possível inconsistência no vínculo entre dispositivos, produtores/provedores ou associação de contas no ambiente OM/integração.

*Objetivo:*
Validar a origem dos dados, identificar a causa do direcionamento incorreto e corrigir o vínculo para garantir que os dados sejam processados apenas no cliente correto (Suzano – Maranhão).

*Ações Técnicas:*

* Verificar vínculo dos displays 24648 e 24110 na tabela de associação (devices_producers_providers)
* Validar o id_producer e id_agron_account associados aos dispositivos
* Conferir se há duplicidade ou associação incorreta entre Gerdau e Suzano-MA
* Analisar arquivos recebidos (uploaded_files / file_applications) para confirmar o destino do processamento
* Validar possíveis integrações cruzadas ou configurações incorretas no ambiente
* Caso necessário, ajustar diretamente em base e realizar reprocessamento avançado dos arquivos

*Critério de Encerramento:*

* Displays vinculados corretamente à Suzano – Maranhão
* Dados deixando de ser enviados/processados no ambiente Gerdau
* Validação com o solicitante de que o fluxo está normalizado
* Evidência da correção registrada no ticket",,Adenilton Silva,,633212a0fedc6169aed6fd7c,,;14/abr/26 9:58 AM;633212a0fedc6169aed6fd7c;1200,,,,,,,,,,,,,7200,6000,1200,16%,7200,6000,1200,,,,,,,,,,,,,,,,,,,,,,,,,,,,,,,,com.atlassian.servicedesk.plugins.approvals.internal.customfield.ApprovalsCFValue@7a3261c0,,,,"Foram realizadas as devidas analises e constato que : 

* 24648 - Operando com BD errado - produtor 50301 - Gerdau.
* 24110 - Operando com BD SQL, o correto é CTI.",,,,,,,,,,,,,,,,,,,,,,,,,,,,,,,,Médio,,,,,,,,,,,,,,,,,,,,,,,,,14/abr/26 9:30 AM,14/abr/26 9:39 AM,14/abr/26 9:58 AM,14/abr/26 9:39 AM,,,,14/abr/26 9:30 AM,,,,,,,,,,,{},,,,,,,,,9.0,19.0,,,,,,,,,,,,,,,,,,,Sim ,,,,,,,,,,,,,,,,,,,,,,,,,,,,,,,,,,,,,,,,E-mail,,,,,,,,,,,Cadastro e Gestão de Geometrias,,,,,,,,,,,,,,,,,,,,,,,,,,,,,,,,,,,,,,,,,,,,,,,,,,,,,,,,,,,,,,,,,,,,,,,,,,1|i044i2:,,,,,,,,,,,,,,,,,,,,,,,,,,,,,,,,,,,,,,,,,,,,,,,,,,,,,,,,,,,,,,,,,,,,,,,,,,,,,,,,,,,,,,,,,,,,,,,,,,,,,,,,,,,,,,,,,,,,,,6.300,,Talvez,,,,,,,,,,,,,,,,,,,,,14838_*:*_1_*:*_335410_*|*_14518_*:*_1_*:*_0,14838_*:*_1_*:*_335410_*|*_14518_*:*_1_*:*_0,,,,,,Itens concluídos,14/abr/26 9:58 AM
6.300 - Atualização da Base Geométrica – SHP Consolidado Fazendas TRF MS ,UNF2026-199,185544,Tarefa,Concluído,UNF2026,2026 - UNIDADE ESTRATÉGICA ,software,Adenilton Silva,633212a0fedc6169aed6fd7c,,,Itens concluídos,Adenilton Silva,633212a0fedc6169aed6fd7c,Adenilton Silva,633212a0fedc6169aed6fd7c,Adenilton Silva,633212a0fedc6169aed6fd7c,14/abr/26 9:24 AM,22/abr/26 8:29 AM,,22/abr/26 8:29 AM,,0,"Recebimento e validação do arquivo *SHP consolidado* contendo todos os *talhões produtivos e áreas aprovadas para plantio* das fazendas *TRF – Mato Grosso do Sul*, encaminhado pela equipe da *TTG*.

A solicitação está relacionada ao processo de *migração do sistema SWS para o sistema OM*, que possui *API integrada*, exigindo a manutenção de uma *base geométrica única e atualizada*, substituindo o modelo anterior de envio de SHP por fazenda.

O arquivo foi enviado pela TTG com a *tabela de atributos conforme padrão acordado*. Caso sejam identificadas inconsistências ou necessidade de ajustes, a equipe da TTG se colocou à disposição para correção.

Também está em andamento a *avaliação interna da Hexagon* quanto a possíveis *restrições contratuais para liberação da API*, com retorno previsto até *17/04/2026*.

----

h3. ✅ *Atividades*

* Validar integridade e estrutura do SHP consolidado
* Conferir tabela de atributos conforme padrão esperado
* Atualizar base geométrica no ambiente Hexagon (OM)
* Apoiar avaliação técnica para disponibilização via API
* Retornar à TTG em caso de necessidade de ajustes

----

h3. 👥 *Envolvidos*

* *Solicitante:* TTG Brasil – Letícia Molinari
* *Responsável Hexagon:* Adenilton Silva
* *Apoio:* Operações Florestais / Contratos (Hexagon)",,Adenilton Silva,,633212a0fedc6169aed6fd7c,,;22/abr/26 8:29 AM;633212a0fedc6169aed6fd7c;6900,,,,,,,,,,,,,3600,0,6900,191%,3600,0,6900,,,,,,,,,,,,,,,,,,,,,,,,,,,,,,,,com.atlassian.servicedesk.plugins.approvals.internal.customfield.ApprovalsCFValue@10bade32,,,,"Base do MS tratada, porém não foi possível a atualização devido ser um banco aonde integra MG e MS.

Necessário o restante da base, para uma atualização completa.

Einviada solicitação va e-mail para o cliente.

Recebido, tratado e cadastrado.",,,,,,,,,,,,,,,,,,,,,,,,,,,,,,,,Difícil,,,,,,,,,,,,,,,,,,,,,,14/abr/26 1:32 PM,,14/abr/26 11:20 AM,14/abr/26 9:22 AM,14/abr/26 10:26 AM,22/abr/26 8:29 AM,14/abr/26 10:26 AM,,,,14/abr/26 9:22 AM,,,,,,,,,,,{},,,,,,11217.0,,132.0,64.0,54.0,,,,,,,,,,,,,,,,,,,Sim ,,,,,,,,,,,,,,,,,,,,,,,,,,,,,,,,,,,,,,,,E-mail,,,,,,,,,,,Cadastro e Gestão de Geometrias,,,,,,,,,,,,,,,,,,,,,,,,,,,,,,,,,,,,,,,,,,,,,,,,,,,,,,,,,,,,,,,,,,,,,,,,,,1|i044hu:,,,,,,,,,,,,,,,,,,,,,,,,,,,,,,,,,,,,,,,,,,,,,,,,,,,,,,,,,,,,,,,,,,,,,,,,,,,,,,,,,,,,,,,,,,,,,,,,,,,,,,,,,,,,,,,,,,,,,,6.300,,Não,,,,,,,,,,,,,,,,,,,,,14838_*:*_1_*:*_3731739_*|*_14518_*:*_1_*:*_3210095_*|*_14520_*:*_1_*:*_7960805_*|*_14521_*:*_1_*:*_0,14838_*:*_1_*:*_3731739_*|*_14518_*:*_1_*:*_3210095_*|*_14520_*:*_1_*:*_7960805_*|*_14521_*:*_1_*:*_0,,,,,,Itens concluídos,22/abr/26 8:29 AM
Ajuste cti LD Celulose - Brago,UNF2026-198,185145,Tarefa,Concluído,UNF2026,2026 - UNIDADE ESTRATÉGICA ,software,Adenilton Silva,633212a0fedc6169aed6fd7c,,,Itens concluídos,Adenilton Silva,633212a0fedc6169aed6fd7c,Flavio Silva,5ffeffbb64208901414c5074,Flavio Silva,5ffeffbb64208901414c5074,13/abr/26 8:41 AM,17/abr/26 8:40 AM,,17/abr/26 8:40 AM,,0,"Favor verificar/ajustar cadastro do controlroom do cliente LD, provedor Brago.

O mesmo apresenta um cadastro equivocado do prestador brago na seção centro de custo.

!image-20260413-114122.png|width=671,alt=""image-20260413-114122.png""!",,Flavio Silva,,5ffeffbb64208901414c5074,,;17/abr/26 8:40 AM;633212a0fedc6169aed6fd7c;1980,,,,,,,,,,,,,,0,1980,,,0,1980,,13/abr/26 8:41 AM;ug:1457e13d-305a-40c9-946e-ad5882a5ee31;image-20260413-114122.png;https://agguidance.atlassian.net/rest/api/3/attachment/content/173753,17/abr/26 8:40 AM;633212a0fedc6169aed6fd7c;image-20260417-114018.png;https://agguidance.atlassian.net/rest/api/3/attachment/content/174950,,,,,,,,,,,,,,,,,,,,,,,,,,,,,com.atlassian.servicedesk.plugins.approvals.internal.customfield.ApprovalsCFValue@9da6ff9,,,,"* CC criado por terceiros, o CC implica apenas em agrupamentos de algumas particularidades.
* Por gentileza pontuar, para ajustarmos para qual nomenclatura, o que será atribuído a esse CC .
* Feito conforme o solicitado

!image-20260417-114018.png|width=332,alt=""image-20260417-114018.png""!",,,,,,,,,,,,,,,,,,,,,,,,,,,,,,,,Médio,,,,,,,,,,,,,,,,,,,,,,,,13/abr/26 10:27 AM,13/abr/26 8:39 AM,13/abr/26 10:27 AM,17/abr/26 8:40 AM,13/abr/26 10:27 AM,,,,13/abr/26 8:39 AM,,,,,,,,,,,{},,,,,,,,5653.0,108.0,0.0,,,,,,,,,,,,,,,,,,,Sim ,,,,,,,,,,,,,,,,,,,,,,,,,,,,,,,,,,,,,,,,JIRA ,,,,,,,,,,,Gestão de Dados e Integração,,,,,,,,,,,,,,,,,,,,,,,,,,,,,,,,,,,,,,,,,,,,,,,,,,,,,,,,,,,,,,,,,,,,,,,,,,1|i044ay:,,,,,,,,,,,,,,,,,,,,,,,,,,,,,,,,,,,,,,,,,,,,,,,,,,,,,,,,,,,,,,,,,,,,,,,,,,,,,,,,,,,,,,,,,,,,,,,,,,,,,,,,,,,,,,,,,,,,,,6.400,,Talvez,,,,,,,,,,,,,,,,,,,,,14838_*:*_1_*:*_6353483_*|*_14518_*:*_1_*:*_4382_*|*_14520_*:*_1_*:*_0,14838_*:*_1_*:*_6353483_*|*_14518_*:*_1_*:*_4382_*|*_14520_*:*_1_*:*_0,,"14/abr/26 3:03 PM;5ffeffbb64208901414c5074;O Centro de custo deve ser ajustado para o mesmo do cliente. "" Silvicultura"".",,,,Itens concluídos,17/abr/26 8:40 AM
Criar fluxo de regra Arcelor Mittal,UNF2026-197,185143,Tarefa,Concluído,UNF2026,2026 - UNIDADE ESTRATÉGICA ,software,Adenilton Silva,633212a0fedc6169aed6fd7c,,,Itens concluídos,Adenilton Silva,633212a0fedc6169aed6fd7c,Flavio Silva,5ffeffbb64208901414c5074,Flavio Silva,5ffeffbb64208901414c5074,13/abr/26 8:25 AM,06/mai/26 2:52 PM,06/mai/26 2:51 PM,06/mai/26 2:52 PM,,0,"Com a migração do sws para o cr, preciso que verifique o cadastro ja realizado no cr , para inserir o fluxo de trabalho e operacionalizarmos o cti.",,Flavio Silva,,5ffeffbb64208901414c5074,,,,,,,,,,,,,,,,,,,,,,,13/abr/26 10:25 AM;633212a0fedc6169aed6fd7c;image-20260413-131756.png;https://agguidance.atlassian.net/rest/api/3/attachment/content/173792,,,,,,,,,,,,,,,,,,,,,,,,,,,,,,com.atlassian.servicedesk.plugins.approvals.internal.customfield.ApprovalsCFValue@6239da03,,,,"* Passar a regra para cada Tipo de Veículo :   

!image-20260413-131756.png|width=332,alt=""image-20260413-131756.png""!



* Tempo de manobra e outras aplicações de regras.
* Agrupamentos de atividades ( Grupos de paradas).



* Comportamento do fluxo ( ex. Produtivo > manobra, manobra>Produtivo, Produtivo > deslocamento, Deslocamento > Produtivo.

Ajustado.",,,,,,,,,,,,,,,,,,,,,,,,,,,,,,,,Médio,,,,,,,,,,,,,,,,,,,,,,,,13/abr/26 10:25 AM,13/abr/26 8:22 AM,13/abr/26 9:56 AM,06/mai/26 2:52 PM,13/abr/26 9:56 AM,,,,13/abr/26 8:22 AM,,,,,,,,,,,{},,,,,,,,33387.0,94.0,29.0,,,,,,,,,,,,,,,,,,,Sim ,,,,,,,,,,,,,,,,,,,,,,,,,,,,,,,,,,,,,,,,JIRA ,,,,,,,,,,,Gestão de Dados e Integração,,,,,,,,,,,,,,,,,,,,,,,,,,,,,,,,,,,,,,,,,,,,,,,,,,,,,,,,,,,,,,,,,,,,,,,,,,1|i044ai:,,,,,,,,,,,,,,,,,,,,,,,,,,,,,,,,,,,,,,,,,,,,,,,,,,,,,,,,,,,,,,,,,,,,,,,,,,,,,,,,,,,,,,,,,,,,,,,,,,,,,,,,,,,,,,,,,,,,,,6.400,,Talvez,,,,,,,,,,,,,,,,,,,,,14838_*:*_1_*:*_5432310_*|*_14518_*:*_1_*:*_1763005_*|*_14520_*:*_1_*:*_0,14838_*:*_1_*:*_5432310_*|*_14518_*:*_1_*:*_1763005_*|*_14520_*:*_1_*:*_0,,,,,,Itens concluídos,06/mai/26 2:52 PM
Acesso a clientes Om,UNF2026-196,185142,Tarefa,Concluído,UNF2026,2026 - UNIDADE ESTRATÉGICA ,software,Adenilton Silva,633212a0fedc6169aed6fd7c,,,Itens concluídos,Adenilton Silva,633212a0fedc6169aed6fd7c,Flavio Silva,5ffeffbb64208901414c5074,Flavio Silva,5ffeffbb64208901414c5074,13/abr/26 8:13 AM,22/abr/26 8:33 AM,,22/abr/26 8:33 AM,,0,"O Colaborador Carlos Alberto, não consegue acessar os clientes cadastrados no CR, quando acessa a pagina do OM, so aparece cliente Hexagon.",,Adenilton Silva,Flavio Silva,633212a0fedc6169aed6fd7c,5ffeffbb64208901414c5074,;22/abr/26 8:32 AM;633212a0fedc6169aed6fd7c;1500,,,,,,,,,,,,,,0,1500,,,0,1500,,17/abr/26 9:02 AM;ug:1457e13d-305a-40c9-946e-ad5882a5ee31;IMG-20260410-WA0129.jpg;https://agguidance.atlassian.net/rest/api/3/attachment/content/174952,17/abr/26 9:02 AM;ug:1457e13d-305a-40c9-946e-ad5882a5ee31;IMG-20260410-WA0130.jpg;https://agguidance.atlassian.net/rest/api/3/attachment/content/174953,13/abr/26 9:54 AM;633212a0fedc6169aed6fd7c;image-20260413-125055.png;https://agguidance.atlassian.net/rest/api/3/attachment/content/173786,17/abr/26 8:45 AM;633212a0fedc6169aed6fd7c;image-20260417-114534.png;https://agguidance.atlassian.net/rest/api/3/attachment/content/174951,17/abr/26 9:10 AM;ug:1457e13d-305a-40c9-946e-ad5882a5ee31;image-20260417-121029.png;https://agguidance.atlassian.net/rest/api/3/attachment/content/174955,,,,,,,,,,,,,,,,,,,,,,,,,,com.atlassian.servicedesk.plugins.approvals.internal.customfield.ApprovalsCFValue@79767f39,,,,"* Necassário mais informações.
* Clientes disponíveis para o usuàrio : [carlos.castro@hexagon.com|mailto:carlos.castro@hexagon.com]

!image-20260413-125055.png|width=332,alt=""image-20260413-125055.png""!

Quais clientes será necessário integrar ao usuario ?

* Enviar registro do que está ocorrendo.
* Conversando com o Guilherme Correa, o mesmo realizou os devidos ajustes.
* Aguardando retorno da Unidade.
* Ajustado",,,,,,,,,,,,,,,,,,,,,,,,,,,,,,,,Difícil,,,,,,,,,,,,,,,,,,,,,,,,13/abr/26 9:55 AM,13/abr/26 8:11 AM,13/abr/26 9:39 AM,22/abr/26 8:33 AM,13/abr/26 9:39 AM,,,,13/abr/26 8:11 AM,,,,,,,,,,,{},,,,,,,,12878.0,88.0,16.0,,,,,,,,,,,,,,,,,,,Sim ,,,,,,,,,,,,,,,,,,,,,,,,,,,,,,,,,,,,,,,,JIRA ,,,,,,,,,,,Gestão de Dados e Integração,,,,,,,,,,,,,,,,,,,,,,,,,,,,,,,,,,,,,,,,,,,,,,,,,,,,,,,,,,,,,,,,,,,,,,,,,,1|i044aa:,,,,,,,,,,,,,,,,,,,,,,,,,,,,,,,,,,,,,,,,,,,,,,,,,,,,,,,,,,,,,,,,,,,,,,,,,,,,,,,,,,,,,,,,,,,,,,,,,,,,,,,,,,,,,,,,,,,,,,6.400,,Não,,,,,,,,,,,,,,,,,,,,2026-04-17 11:45:40.208,14838_*:*_1_*:*_5185957_*|*_14518_*:*_1_*:*_921517_*|*_14520_*:*_1_*:*_0,14838_*:*_1_*:*_5185957_*|*_14518_*:*_1_*:*_921517_*|*_14520_*:*_1_*:*_0,,"14/abr/26 3:06 PM;5ffeffbb64208901414c5074;Denis, os mesmo clientes que já estão inseridos no CR. 

Mesmo implementando os clientes no CR o login do colaborador não atualiza com esses clientes no OM. Só aparecem clientes Hexagon.

Já habilite Faber, Cenibra, LD Dexco, mas no OM não funciona","17/abr/26 8:45 AM;633212a0fedc6169aed6fd7c;Necessário envio do registro do acesso para entendermos o que está acontacendo, pois todo cliente que está associado no CR, ele terá acesso no OM.

Enviar esse registro:

!image-20260417-114534.png|width=618,alt=""image-20260417-114534.png""!","17/abr/26 9:06 AM;5ffeffbb64208901414c5074;Segue registro, pelas imagens pode ver que não aparece no OM.","17/abr/26 9:10 AM;5ffeffbb64208901414c5074;!image-20260417-121029.png|width=824,alt=""image-20260417-121029.png""!",Itens concluídos,22/abr/26 8:33 AM
Criar acesso CR ,UNF2026-195,184963,Tarefa,Concluído,UNF2026,2026 - UNIDADE ESTRATÉGICA ,software,Adenilton Silva,633212a0fedc6169aed6fd7c,,,Itens concluídos,Adenilton Silva,633212a0fedc6169aed6fd7c,Roniel Dias,60dc6c037d016900702ba63d,Roniel Dias,60dc6c037d016900702ba63d,10/abr/26 3:58 PM,15/abr/26 8:24 AM,,15/abr/26 8:24 AM,,0,"Não foi possível criar acesso ao CR para usuário do cliente EUCATEX, segue video.

!20260410-1853-24.6637515.mp4|width=671,alt=""20260410-1853-24.6637515.mp4""!",,Roniel Dias,,60dc6c037d016900702ba63d,,,,,,,,,,,,,,,,,,,,,,,10/abr/26 3:58 PM;ug:2126caef-0ff0-4d14-9145-c218d77df147;20260410-1853-24.6637515.mp4;https://agguidance.atlassian.net/rest/api/3/attachment/content/173675,10/abr/26 4:18 PM;633212a0fedc6169aed6fd7c;image-20260410-191658.png;https://agguidance.atlassian.net/rest/api/3/attachment/content/173676,10/abr/26 4:18 PM;633212a0fedc6169aed6fd7c;image-20260410-191728.png;https://agguidance.atlassian.net/rest/api/3/attachment/content/173677,,,,,,,,,,,,,,,,,,,,,,,,,,,,com.atlassian.servicedesk.plugins.approvals.internal.customfield.ApprovalsCFValue@3572fb80,,,,"Usuario criado apenas no OM, CR não contém cadastros.

!image-20260410-191658.png|width=332,alt=""image-20260410-191658.png""!



!image-20260410-191728.png|width=332,alt=""image-20260410-191728.png""!



Necessario uma exclusão e um recadastro.

Guilherme Correarealizou o devido apoio, e cadastramos o usuário.",,,,,,,,,,,,,,,,,,,,,,,,,,,,,,,,Difícil,,,,,,,,,,,,,,,,,,,,,,,10/abr/26 4:49 PM,,10/abr/26 3:56 PM,10/abr/26 4:03 PM,15/abr/26 8:24 AM,10/abr/26 4:03 PM,,,,10/abr/26 3:56 PM,,,,,,,,,,,{},,,,,,,6695.0,,7.0,46.0,,,,,,,,,,,,,,,,,,,Sim ,,,,,,,,,,,,,,,,,,,,,,,,,,,,,,,,,,,,,,,,WhatsApp - PV,,,,,,,,,,,Cadastro e Gestão de Geometrias,,,,,,,,,,,,,,,,,,,,,,,,,,,,,,,,,,,,,,,,,,,,,,,,,,,,,,,,,,,,,,,,,,,,,,,,,,1|i04482:,,,,,,,,,,,,,,,,,,,,,,,,,,,,,,,,,,,,,,,,,,,,,,,,,,,,,,,,,,,,,,,,,,,,,,,,,,,,,,,,,,,,,,,,,,,,,,,,,,,,,,,,,,,,,,,,,,,,,,6.500,,Não,,,,,,,,,,,,,,,,,,,,,14838_*:*_1_*:*_309709_*|*_14518_*:*_1_*:*_2726629_*|*_14522_*:*_1_*:*_0,14838_*:*_1_*:*_309709_*|*_14518_*:*_1_*:*_2726629_*|*_14522_*:*_1_*:*_0,,,,,,Itens concluídos,15/abr/26 8:24 AM
Associações da Plantar PR na plataforma CR.,UNF2026-194,184890,Tarefa,Concluído,UNF2026,2026 - UNIDADE ESTRATÉGICA ,software,Adenilton Silva,633212a0fedc6169aed6fd7c,,,Itens concluídos,Adenilton Silva,633212a0fedc6169aed6fd7c,Johnny Nascimento,712020:6c42c3f9-35c5-48d4-9271-bfa26979c0c4,Johnny Nascimento,712020:6c42c3f9-35c5-48d4-9271-bfa26979c0c4,10/abr/26 1:28 PM,15/abr/26 7:49 AM,,15/abr/26 7:49 AM,,0,"Associações da Plantar CR na plataforma CR,  o cadastro das informações da empresa foi realizado na plataforma e resta apenas as associações cabíveis ",,Johnny Nascimento,,712020:6c42c3f9-35c5-48d4-9271-bfa26979c0c4,,;15/abr/26 7:49 AM;633212a0fedc6169aed6fd7c;2400,,,,,,,,,,,,,,0,2400,,,0,2400,,,,,,,,,,,,,,,,,,,,,,,,,,,,,,,,com.atlassian.servicedesk.plugins.approvals.internal.customfield.ApprovalsCFValue@78334035,,,,"* Demos inicio a parte de assocaições, está pendente a criação do veículo para darmos seguimento.
* Ajustado e aguardando teste e devolutiva da unidade.
* Validado pela equipe técnica.",,,,,,,,,,,,,,,,,,,,,,,,,,,,,,,,Médio,,,,,,,,,,,,,,,,,,,,,,,,10/abr/26 2:11 PM,10/abr/26 1:25 PM,10/abr/26 1:43 PM,15/abr/26 7:49 AM,10/abr/26 1:43 PM,,,,10/abr/26 1:25 PM,,,,,,,,,,,{},,,,,,,,6818.0,18.0,28.0,,,,,,,,,,,,,,,,,,,Sim ,,,,,,,,,,,,,,,,,,,,,,,,,,,,,,,,,,,,,,,,JIRA ,WhatsApp - PV,,,,,,,,,,Gestão de Dados e Integração,Suporte Técnico e Treinamento,,,,,,,,,,,,,,,,,,,,,,,,,,,,,,,,,,,,,,,,,,,,,,,,,,,,,,,,,,,,,,,,,,,,,,,,,1|i0446a:,,,,,,,,,,,,,,,,,,,,,,,,,,,,,,,,,,,,,,,,,,,,,,,,,,,,,,,,,,,,,,,,,,,,,,,,,,,,,,,,,,,,,,,,,,,,,,,,,,,,,,,,,,,,,,,,,,,,,,6.700,,Talvez,,,,,,,,,,,,,,,,,,,,,14838_*:*_1_*:*_904174_*|*_14518_*:*_1_*:*_1644917_*|*_14520_*:*_1_*:*_0,14838_*:*_1_*:*_904174_*|*_14518_*:*_1_*:*_1644917_*|*_14520_*:*_1_*:*_0,,,,,,Itens concluídos,15/abr/26 7:49 AM
Cadastro novo cliente _ PLANTAR - PR,UNF2026-193,184427,Tarefa,Concluído,UNF2026,2026 - UNIDADE ESTRATÉGICA ,software,Adenilton Silva,633212a0fedc6169aed6fd7c,,,Itens concluídos,Adenilton Silva,633212a0fedc6169aed6fd7c,Roniel Dias,60dc6c037d016900702ba63d,Roniel Dias,60dc6c037d016900702ba63d,09/abr/26 9:05 AM,09/abr/26 10:16 AM,,09/abr/26 10:16 AM,,0,Necessário cadastro de novo cliente (PLANTAR - PR) no HxGN AgrOn.,,Roniel Dias,,60dc6c037d016900702ba63d,,;09/abr/26 10:16 AM;633212a0fedc6169aed6fd7c;900,,,,,,,,,,,,,,0,900,,,0,900,,,,,,,,,,,,,,,,,,,,,,,,,,,,,,,,com.atlassian.servicedesk.plugins.approvals.internal.customfield.ApprovalsCFValue@7d45df87,,,,"Criado conforme o solicitado cliente com o ID Atom: 50458.



Os usuarios, [~accountid:712020:6c42c3f9-35c5-48d4-9271-bfa26979c0c4] , [~accountid:60dc6c037d016900702ba63d]  já estão com  acesso ao novo cliente.",,,,,,,,,,,,,,,,,,,,,,,,,,,,,,,,Difícil,,,,,,,,,,,,,,,,,,,,,,,,,09/abr/26 9:03 AM,09/abr/26 10:02 AM,09/abr/26 10:16 AM,09/abr/26 10:02 AM,,,,09/abr/26 9:03 AM,,,,,,,,,,,{},,,,,,,,,59.0,14.0,,,,,,,,,,,,,,,,,,,Sim ,,,,,,,,,,,,,,,,,,,,,,,,,,,,,,,,,,,,,,,,WhatsApp - PV,,,,,,,,,,,Cadastro e Gestão de Geometrias,,,,,,,,,,,,,,,,,,,,,,,,,,,,,,,,,,,,,,,,,,,,,,,,,,,,,,,,,,,,,,,,,,,,,,,,,,1|i043r6:,,,,,,,,,,,,,,,,,,,,,,,,,,,,,,,,,,,,,,,,,,,,,,,,,,,,,,,,,,,,,,,,,,,,,,,,,,,,,,,,,,,,,,,,,,,,,,,,,,,,,,,,,,,,,,,,,,,,,,6.700,,Não,,,,,,,,,,,,,,,,,,,,,14838_*:*_1_*:*_3396964_*|*_14518_*:*_1_*:*_0,14838_*:*_1_*:*_3396964_*|*_14518_*:*_1_*:*_0,,,,,,Itens concluídos,09/abr/26 10:16 AM
6.400 - Análise de arquivos com erro na plataforma OM ,UNF2026-192,184342,Tarefa,DV. Unidade,UNF2026,2026 - UNIDADE ESTRATÉGICA ,software,Adenilton Silva,633212a0fedc6169aed6fd7c,,,,Adenilton Silva,633212a0fedc6169aed6fd7c,Adenilton Silva,633212a0fedc6169aed6fd7c,Adenilton Silva,633212a0fedc6169aed6fd7c,08/abr/26 5:04 PM,15/abr/26 8:12 AM,11/mai/26 9:10 AM,,,0,"Solicitação de análise de arquivos que estão apresentando erro na plataforma OM - Cliente Cenibra.

*Contexto Técnico:*
O coordenador Flavio Silva reportou a existência de arquivos com falha no processamento dentro da plataforma OM, sendo necessário identificar a causa dos erros e possíveis inconsistências nos dados ou no fluxo de ingestão.

*Objetivo:*
Identificar a origem dos erros nos arquivos processados na OM e propor ou aplicar as correções necessárias para normalização do processamento.

*Ações Técnicas:*

* Levantar os arquivos com status de erro na OM
* Analisar logs de processamento (uploaded_files / file_applications)
* Validar integridade dos arquivos (formato, estrutura, conteúdo)
* Verificar associação de dispositivos, produtores e provedores
* Identificar se há falhas sistêmicas ou dados inconsistentes
* Realizar reprocessamento, se necessário (normal ou avançado)",,Adenilton Silva,,633212a0fedc6169aed6fd7c,,,,,,,,,,,,,,,3600,3600,,0%,3600,3600,,,,,,,,,,,,,,,,,,,,,,,,,,,,,,,,,com.atlassian.servicedesk.plugins.approvals.internal.customfield.ApprovalsCFValue@55724aa6,,,,"Foram identificadas várias funções que estavam inativas, e estão ativadas.

Foi baixada a tabela e enviada a unidade responsável, para estar pontuando para nós ajustarmos.",,,,,,,,,,,,,,,,,,,,,,,,,,,,,,,,Médio,,,,,,,,,,,,,,,,,,,,,,,,08/abr/26 5:28 PM,08/abr/26 5:01 PM,08/abr/26 5:04 PM,,08/abr/26 5:04 PM,,,,08/abr/26 5:01 PM,,,,,,,,,,,{},,,,,,,,,3.0,24.0,,,,,,,,,,,,,,,,,,,Sim ,,,,,,,,,,,,,,,,,,,,,,,,,,,,,,,,,,,,,,,,WhatsApp - Grupo,,,,,,,,,,,Suporte Técnico e Treinamento,,,,,,,,,,,,,,,,,,,,,,,,,,,,,,,,,,,,,,,,,,,,,,,,,,,,,,,,,,,,,,,,,,,,,,,,,,1|i043n6:,,,,,,,,,,,,,,,,,,,,,,,,,,,,,,,,,,,,,,,,,,,,,,,,,,,,,,,,,,,,,,,,,,,,,,,,,,,,,,,,,,,,,,,,,,,,,,,,,,,,,,,,,,,,,,,,,,,,,,6.400,,Talvez,,,,,,,,,,,,,,,,,,,,,,,,,,,,Em andamento,08/abr/26 5:04 PM
ACESSO AO SWS E OM,UNF2026-191,184340,Tarefa,Concluído,UNF2026,2026 - UNIDADE ESTRATÉGICA ,software,Adenilton Silva,633212a0fedc6169aed6fd7c,,,Itens concluídos,Adenilton Silva,633212a0fedc6169aed6fd7c,Claudinei de Souza,712020:12e19774-84e9-4521-b90a-d1846e93f38f,Claudinei de Souza,712020:12e19774-84e9-4521-b90a-d1846e93f38f,08/abr/26 4:16 PM,08/abr/26 5:46 PM,,08/abr/26 5:46 PM,,0,"preciso de liberação de funcionalidades no meu usuário tanto no sws quanto no OM. nao consigo fazer quase nada fico barrado, nem usuario consigo criar.

fico no aguardo",,Claudinei de Souza,,712020:12e19774-84e9-4521-b90a-d1846e93f38f,,;08/abr/26 5:46 PM;633212a0fedc6169aed6fd7c;3720,,,,,,,,,,,,,,0,3720,,,0,3720,,08/abr/26 5:45 PM;633212a0fedc6169aed6fd7c;image-20260408-203507.png;https://agguidance.atlassian.net/rest/api/3/attachment/content/173179,08/abr/26 5:45 PM;633212a0fedc6169aed6fd7c;image-20260408-203607.png;https://agguidance.atlassian.net/rest/api/3/attachment/content/173183,08/abr/26 5:45 PM;633212a0fedc6169aed6fd7c;image-20260408-203918.png;https://agguidance.atlassian.net/rest/api/3/attachment/content/173180,08/abr/26 5:45 PM;633212a0fedc6169aed6fd7c;image-20260408-204218.png;https://agguidance.atlassian.net/rest/api/3/attachment/content/173181,08/abr/26 5:45 PM;633212a0fedc6169aed6fd7c;image-20260408-204512.png;https://agguidance.atlassian.net/rest/api/3/attachment/content/173182,,,,,,,,,,,,,,,,,,,,,,,,,,com.atlassian.servicedesk.plugins.approvals.internal.customfield.ApprovalsCFValue@2178f0d0,,,,"

* Cadastrado na empresa incorreta.

!image-20260408-203507.png|width=332,alt=""image-20260408-203507.png""!

* Ajustado.

!image-20260408-203607.png|width=332,alt=""image-20260408-203607.png""!





* SWS 2 - Incorreto 

!image-20260408-203918.png|width=332,alt=""image-20260408-203918.png""!



* Ajustado

!image-20260408-204218.png|width=332,alt=""image-20260408-204218.png""!



Cadastrado no Atom está ok.

!image-20260408-204512.png|width=332,alt=""image-20260408-204512.png""!



Segue Link:

[HxGN AgrOn Sala de Controle | Módulo de autorização|https://auth-controlroom.hxgnagron.com/#/users]",,,,,,,,,,,,,,,,,,,,,,,,,,,,,,,,Fácil,,,,,,,,,,,,,,,,,,,,,,,,,08/abr/26 4:14 PM,08/abr/26 4:31 PM,08/abr/26 5:46 PM,08/abr/26 4:31 PM,,,,08/abr/26 4:14 PM,,,,,,,,,,,{},,,,,,,,,17.0,75.0,,,,,,,,,,,,,,,,,,,Sim ,,,,,,,,,,,,,,,,,,,,,,,,,,,,,,,,,,,,,,,,JIRA ,,,,,,,,,,,Suporte Técnico e Treinamento,,,,,,,,,,,,,,,,,,,,,,,,,,,,,,,,,,,,,,,,,,,,,,,,,,,,,,,,,,,,,,,,,,,,,,,,,,1|i043my:,,,,,,,,,,,,,,,,,,,,,,,,,,,,,,,,,,,,,,,,,,,,,,,,,,,,,,,,,,,,,,,,,,,,,,,,,,,,,,,,,,,,,,,,,,,,,,,,,,,,,,,,,,,,,,,,,,,,,,6.300,,Sim,,,,,,,,,,,,,,,,,,,,,14838_*:*_1_*:*_909722_*|*_14518_*:*_1_*:*_0,14838_*:*_1_*:*_909722_*|*_14518_*:*_1_*:*_0,,,,,,Itens concluídos,08/abr/26 5:46 PM
6.300 - Atualização de Base COPA – Inclusão de Projetos na Plataforma SWS ,UNF2026-190,184107,Tarefa,Concluído,UNF2026,2026 - UNIDADE ESTRATÉGICA ,software,Adenilton Silva,633212a0fedc6169aed6fd7c,,,Itens concluídos,Adenilton Silva,633212a0fedc6169aed6fd7c,Adenilton Silva,633212a0fedc6169aed6fd7c,Adenilton Silva,633212a0fedc6169aed6fd7c,08/abr/26 9:21 AM,08/abr/26 12:53 PM,,08/abr/26 12:53 PM,,0,"Solicitação de atualização da base cadastral/vetorial COPA na plataforma SWS, conforme demanda do cliente Mantenaflorestal.

Foram enviados arquivos shapefile em anexo para inclusão dos seguintes projetos:

* Conquista I
* Conquista II
* Conquista III
* São Pedro Bonini
* Simaro I

*Atividades solicitadas:*

* Validar os arquivos shapefile recebidos
* Realizar a inclusão dos projetos na base COPA
* Atualizar a base vetorial na plataforma SWS
* Confirmar conclusão da atualização ao solicitante

Solicitante: *Fabio Moreno*
Empresa: *Mantenaflorestal*",,Adenilton Silva,,633212a0fedc6169aed6fd7c,,;08/abr/26 12:53 PM;633212a0fedc6169aed6fd7c;1560,,,,,,,,,,,,,3600,2040,1560,43%,3600,2040,1560,,,,,,,,,,,,,,,,,,,,,,,,,,,,,,,,com.atlassian.servicedesk.plugins.approvals.internal.customfield.ApprovalsCFValue@7212b0f2,,,,"Dados tratador e inseridos a PLataforma SWS, conforme o solicitado.",,,,,,,,,,,,,,,,,,,,,,,,,,,,,,,,Difícil,,,,,,,,,,,,,,,,,,,,,,,,,08/abr/26 9:19 AM,08/abr/26 12:29 PM,08/abr/26 12:53 PM,08/abr/26 12:29 PM,,,,08/abr/26 9:19 AM,,,,,,,,,,,{},,,,,,,,,190.0,24.0,,,,,,,,,,,,,,,,,,,Sim ,,,,,,,,,,,,,,,,,,,,,,,,,,,,,,,,,,,,,,,,E-mail,,,,,,,,,,,Cadastro e Gestão de Geometrias,,,,,,,,,,,,,,,,,,,,,,,,,,,,,,,,,,,,,,,,,,,,,,,,,,,,,,,,,,,,,,,,,,,,,,,,,,1|i043ii:,,,,,,,,,,,,,,,,,,,,,,,,,,,,,,,,,,,,,,,,,,,,,,,,,,,,,,,,,,,,,,,,,,,,,,,,,,,,,,,,,,,,,,,,,,,,,,,,,,,,,,,,,,,,,,,,,,,,,,6.300,,Não,,,,,,,,,,,,,,,,,,,,,14838_*:*_1_*:*_11293720_*|*_14518_*:*_1_*:*_0,14838_*:*_1_*:*_11293720_*|*_14518_*:*_1_*:*_0,,,,,,Itens concluídos,08/abr/26 12:53 PM
"6.400 - Recebimento dos mapas TMA, TMA2, CRV e MOC – Base Cartográfica Gerdau  ",UNF2026-189,184074,Tarefa,Concluído,UNF2026,2026 - UNIDADE ESTRATÉGICA ,software,Adenilton Silva,633212a0fedc6169aed6fd7c,,,Itens concluídos,Adenilton Silva,633212a0fedc6169aed6fd7c,Adenilton Silva,633212a0fedc6169aed6fd7c,Adenilton Silva,633212a0fedc6169aed6fd7c,08/abr/26 8:47 AM,13/abr/26 3:58 PM,,13/abr/26 3:58 PM,,0,"A Gerdau, por meio da Emelly Kamile de Barros, encaminhou os mapas *TMA, TMA2, CRV e MOC*, conforme solicitado anteriormente.

Os arquivos foram disponibilizados em um *ZIP via SharePoint*, contendo a *base cartográfica da Gerdau*, para uso nas análises e atividades relacionadas.

O e-mail foi reencaminhado pelo Flávio Silva (Hexagon), reforçando o envio do material.
A remetente permanece à disposição para esclarecimento de dúvidas.",,Adenilton Silva,,633212a0fedc6169aed6fd7c,,,,,,,,,,,,,,,7200,7200,,0%,7200,7200,,,08/abr/26 10:42 AM;633212a0fedc6169aed6fd7c;image-20260408-134216.png;https://agguidance.atlassian.net/rest/api/3/attachment/content/173051,,,,,,,,,,,,,,,,,,,,,,,,,,,,,,com.atlassian.servicedesk.plugins.approvals.internal.customfield.ApprovalsCFValue@575c5820,,,,"Sem acesso aos arquivos: 

!image-20260408-134216.png|width=332,alt=""image-20260408-134216.png""!



Solicitado acesso via e-mail.

Retornado o e-mail da unidade.

Foi concluído conforme o esperado.",,,,,,,,,,,,,,,,,,,,,,,,,,,,,,,,Difícil,,,,,,,,,,,,,,,,,,,,,,09/abr/26 1:46 PM,08/abr/26 10:42 AM,,08/abr/26 8:45 AM,09/abr/26 1:30 PM,13/abr/26 3:58 PM,08/abr/26 10:42 AM,,,,08/abr/26 8:45 AM,,,,,,,,,,,{},,,,,,5892.0,0.0,,117.0,16.0,,,,,,,,,,,,,,,,,,,Sim ,,,,,,,,,,,,,,,,,,,,,,,,,,,,,,,,,,,,,,,,E-mail,,,,,,,,,,,Cadastro e Gestão de Geometrias,,,,,,,,,,,,,,,,,,,,,,,,,,,,,,,,,,,,,,,,,,,,,,,,,,,,,,,,,,,,,,,,,,,,,,,,,,1|i043ia:,,,,,,,,,,,,,,,,,,,,,,,,,,,,,,,,,,,,,,,,,,,,,,,,,,,,,,,,,,,,,,,,,,,,,,,,,,,,,,,,,,,,,,,,,,,,,,,,,,,,,,,,,,,,,,,,,,,,,,6.400,,Não,,,,,,,,,,,,,,,,,,,,,14838_*:*_1_*:*_6903917_*|*_14518_*:*_2_*:*_971352_*|*_14522_*:*_1_*:*_96489098_*|*_14521_*:*_1_*:*_0,14838_*:*_1_*:*_6903917_*|*_14518_*:*_2_*:*_971352_*|*_14522_*:*_1_*:*_96489098_*|*_14521_*:*_1_*:*_0,,09/abr/26 1:45 PM;633212a0fedc6169aed6fd7c;1608 - retorno do cliente.,,,,Itens concluídos,13/abr/26 3:58 PM
6.200 - Ajuste de associação de usuário – Antonio Jardel  Resumo da Solicitação:,UNF2026-188,184073,Tarefa,Concluído,UNF2026,2026 - UNIDADE ESTRATÉGICA ,software,Adenilton Silva,633212a0fedc6169aed6fd7c,,,Itens concluídos,Adenilton Silva,633212a0fedc6169aed6fd7c,Adenilton Silva,633212a0fedc6169aed6fd7c,Adenilton Silva,633212a0fedc6169aed6fd7c,08/abr/26 8:39 AM,08/abr/26 8:42 AM,,08/abr/26 8:42 AM,,0,"O coordenador Raphael Pereira solicitou a correção da associação do usuário Antonio Jardel, que atualmente está vinculado incorretamente.

*Contexto Técnico:*
O usuário Antonio Jardel encontra-se configurado como pertencente à conta ""Suzano - Cerrado"", porém o correto é que esteja associado à ""Hexagon Agriculture"". Essa inconsistência pode impactar acessos, visibilidade de dados e permissões dentro da plataforma.

*Objetivo:*
Realizar a correção da associação do usuário, garantindo que esteja vinculado à conta correta.

*Ações Técnicas:*

* Validar a associação atual do usuário no banco/plataforma
* Atualizar o vínculo de ""Suzano - Cerrado"" para ""Hexagon Agriculture""
* Verificar possíveis impactos em permissões e acessos após a alteração
* Garantir que o usuário esteja com as permissões adequadas à nova associação

*Critério de Encerramento:*
Usuário Antonio Jardel associado corretamente à ""Hexagon Agriculture"", com acessos validados e sem inconsistências no ambiente.",,Adenilton Silva,,633212a0fedc6169aed6fd7c,,;08/abr/26 8:41 AM;633212a0fedc6169aed6fd7c;1320,,,,,,,,,,,,,3600,2280,1320,36%,3600,2280,1320,,,,,,,,,,,,,,,,,,,,,,,,,,,,,,,,com.atlassian.servicedesk.plugins.approvals.internal.customfield.ApprovalsCFValue@150544a3,,,,"Realizado contato com Guilherme Correa, na data  07/04/2026, o mesmo ja havia finalizado o expediente e realizou no dia posterior.



Usuario ajustado conforme o esperado.",,,,,,,,,,,,,,,,,,,,,,,,,,,,,,,,Difícil,,,,,,,,,,,,,,,,,,,,,,,08/abr/26 8:40 AM,,08/abr/26 8:37 AM,08/abr/26 8:39 AM,08/abr/26 8:42 AM,08/abr/26 8:39 AM,,,,07/abr/26 4:00 PM,,,,,,,,,,,{},,,,,,,2.0,,2.0,1.0,,,,,,,,,,,,,,,,,,,Sim ,,,,,,,,,,,,,,,,,,,,,,,,,,,,,,,,,,,,,,,,WhatsApp - PV,,,,,,,,,,,Análise e Diagnóstico de Bugs na Plataforma,,,,,,,,,,,,,,,,,,,,,,,,,,,,,,,,,,,,,,,,,,,,,,,,,,,,,,,,,,,,,,,,,,,,,,,,,,1|i043i2:,,,,,,,,,,,,,,,,,,,,,,,,,,,,,,,,,,,,,,,,,,,,,,,,,,,,,,,,,,,,,,,,,,,,,,,,,,,,,,,,,,,,,,,,,,,,,,,,,,,,,,,,,,,,,,,,,,,,,,6.200,,Não,,,,,,,,,,,,,,,,,,,,,14838_*:*_1_*:*_9605_*|*_14518_*:*_1_*:*_96564_*|*_14522_*:*_1_*:*_0,14838_*:*_1_*:*_9605_*|*_14518_*:*_1_*:*_96564_*|*_14522_*:*_1_*:*_0,,,,,,Itens concluídos,08/abr/26 8:42 AM
6.400 - Criar Cliente Metalsider no BD Atom,UNF2026-187,183517,Tarefa,Concluído,UNF2026,2026 - UNIDADE ESTRATÉGICA ,software,Adenilton Silva,633212a0fedc6169aed6fd7c,,,Itens concluídos,Adenilton Silva,633212a0fedc6169aed6fd7c,Adenilton Silva,633212a0fedc6169aed6fd7c,Adenilton Silva,633212a0fedc6169aed6fd7c,02/abr/26 4:33 PM,08/abr/26 11:04 AM,11/mai/26 9:09 AM,08/abr/26 11:03 AM,,0,"O coordenador [~accountid:5ffeffbb64208901414c5074], solicitou a criação de um novo cliente para as plataformas CR e OM, cliente Metalsider.",,Adenilton Silva,,633212a0fedc6169aed6fd7c,,;08/abr/26 11:04 AM;633212a0fedc6169aed6fd7c;1200,,,,,,,,,,,,,,0,1200,,,0,1200,,,,,,,,,,,,,,,,,,,,,,,,,,,,,,,,com.atlassian.servicedesk.plugins.approvals.internal.customfield.ApprovalsCFValue@45c87509,,,,"Já haviam criado um cliente Metalsider, só demos continuidade ao processo no CR, notando no admin haviam criado uma empresa com o ID 50075, solicitamos a exclusão e assim manter apenas o ID: 50427, devido a criação padrão pelo CR, e não direto pelo OM.

Adcionamos a nova empresa aos usuarios Flavio e Adenilton.",,,,,,,,,,,,,,,,,,,,,,,,,,,,,,,,Difícil,,,,,,,,,,,,,,,,,,,,,,,,,02/abr/26 4:30 PM,08/abr/26 10:43 AM,08/abr/26 11:03 AM,08/abr/26 10:43 AM,,,,02/abr/26 4:30 PM,,,,,,,,,,,{},,,,,,,,,8293.0,20.0,,,,,,,,,,,,,,,,,,,Sim ,,,,,,,,,,,,,,,,,,,,,,,,,,,,,,,,,,,,,,,,Teams,,,,,,,,,,,Gestão de Dados e Integração,,,,,,,,,,,,,,,,,,,,,,,,,,,,,,,,,,,,,,,,,,,,,,,,,,,,,,,,,,,,,,,,,,,,,,,,,,1|i042qi:,,,,,,,,,,,,,,,,,,,,,,,,,,,,,,,,,,,,,,,,,,,,,,,,,,,,,,,,,,,,,,,,,,,,,,,,,,,,,,,,,,,,,,,,,,,,,,,,,,,,,,,,,,,,,,,,,,,,,,6.400,,Não,,,,,,,,,,,,,,,,,,,,,14838_*:*_1_*:*_497394829_*|*_14518_*:*_1_*:*_0,14838_*:*_1_*:*_497394829_*|*_14518_*:*_1_*:*_0,,,,,,Itens concluídos,08/abr/26 11:03 AM
6.500 - Análise de arquivos com área e efetivo zerado no cliente Eucatex  ,UNF2026-185,183438,Tarefa,Concluído,UNF2026,2026 - UNIDADE ESTRATÉGICA ,software,Adenilton Silva,633212a0fedc6169aed6fd7c,,,Itens concluídos,Adenilton Silva,633212a0fedc6169aed6fd7c,Adenilton Silva,633212a0fedc6169aed6fd7c,Adenilton Silva,633212a0fedc6169aed6fd7c,02/abr/26 1:09 PM,14/abr/26 3:19 PM,,14/abr/26 3:18 PM,,0,"O técnico Johnny Kevim solicitou apoio para análise dos dados do cliente Eucatex, pois foram identificados vários arquivos que apresentam área processada, porém com o efetivo zerado.

Contexto Técnico
Foi reportado um comportamento inconsistente nos dados integrados/processados do cliente Eucatex, em que determinados arquivos demonstram presença de área, mas sem registro de efetivo. O cenário precisa ser analisado para identificar se a origem está relacionada à configuração operacional, regra de processamento, associação cadastral, estrutura do arquivo ou possível inconsistência sistêmica.

Objetivo
Investigar a origem da divergência entre área e efetivo nos arquivos do cliente Eucatex, validar o impacto do problema e definir a ação corretiva necessária para regularização dos dados.

Ações Técnicas
Realizar levantamento dos arquivos impactados e validar o período da ocorrência
Analisar os dados brutos e processados para identificar o motivo do efetivo estar zerado mesmo com área registrada
Validar possíveis inconsistências de cadastro, associação, função operacional, regra aplicada ou parâmetros de processamento
Verificar se o comportamento ocorre de forma pontual ou recorrente em outros arquivos do mesmo cliente
Documentar a causa identificada e, se necessário, direcionar tratativa corretiva para o time responsável",,Adenilton Silva,,633212a0fedc6169aed6fd7c,,,,,,,,,,,,,,,7200,7200,,0%,7200,7200,,,,,,,,,,,,,,,,,,,,,,,,,,,,,,,,,com.atlassian.servicedesk.plugins.approvals.internal.customfield.ApprovalsCFValue@4b64a6ae,,,,"* Analisado os dados.
* Identificado área produtiva + dose.
* Efetivo Zerado
* Dados excluidos e lançados novamente.
* Provavel causa função configurada errada anteriormente.",,,,,,,,,,,,,,,,,,,,,,,,,,,,,,,,Médio,,,,,,,,,,,,,,,,,,,,,,,,03/abr/26 11:38 AM,02/abr/26 1:09 PM,02/abr/26 1:10 PM,14/abr/26 3:18 PM,02/abr/26 1:10 PM,,,,02/abr/26 1:09 PM,,,,,,,,,,,{},,,,,,,,16061.0,1.0,1348.0,,,,,,,,,,,,,,,,,,,Sim ,,,,,,,,,,,,,,,,,,,,,,,,,,,,,,,,,,,,,,,,WhatsApp - PV,,,,,,,,,,,Suporte Técnico e Treinamento,,,,,,,,,,,,,,,,,,,,,,,,,,,,,,,,,,,,,,,,,,,,,,,,,,,,,,,,,,,,,,,,,,,,,,,,,,1|i042oa:,,,,,,,,,,,,,,,,,,,,,,,,,,,,,,,,,,,,,,,,,,,,,,,,,,,,,,,,,,,,,,,,,,,,,,,,,,,,,,,,,,,,,,,,,,,,,,,,,,,,,,,,,,,,,,,,,,,,,,6.500,,Talvez,,,,,,,,,,,,,,,,,,,,,14838_*:*_1_*:*_22438_*|*_14518_*:*_1_*:*_80905517_*|*_14520_*:*_1_*:*_0,14838_*:*_1_*:*_22438_*|*_14518_*:*_1_*:*_80905517_*|*_14520_*:*_1_*:*_0,,,,,,Itens concluídos,14/abr/26 3:18 PM
6.300 - Falhas de Leitura nos Shapes — Teste PC240 Duplo Cabeçote (Fazenda Alegria),UNF2026-184,183364,Tarefa,Concluído,UNF2026,2026 - UNIDADE ESTRATÉGICA ,software,Adenilton Silva,633212a0fedc6169aed6fd7c,,,Itens concluídos,Adenilton Silva,633212a0fedc6169aed6fd7c,Adenilton Silva,633212a0fedc6169aed6fd7c,Adenilton Silva,633212a0fedc6169aed6fd7c,02/abr/26 10:21 AM,02/abr/26 11:36 AM,,02/abr/26 11:35 AM,,0,"Durante o teste realizado hoje na *PC240 duplo cabeçote* na *Fazenda Alegria*, foram identificadas *falhas na leitura dos shapes enviados pela Suzano*.
Segundo a equipe da Suzano, foi utilizado o *mesmo padrão de shapes das assistentes de plantio em SP*.

*Problema Reportado:*

* Shapes apresentando *falhas de leitura* durante o teste em campo.
* Possível existência de *atributos pendentes ou incompatíveis* no modelo utilizado.

*Anexos recebidos:*

* C3AG11.zip
* C3AG12.zip
* C3AG13.zip

*Solicitação:*
Realizar *validação completa dos shapes* para identificar:

# Atributos ausentes, inconsistentes ou fora do padrão;
# Incompatibilidades com o modelo utilizado na PC240 duplo cabeçote;
# Possíveis ajustes necessários no processo de geração ou preparo dos shapes.

*Origem da Solicitação:*

* Contato via e-mail do cliente Suzano.
* Enviado por Fabrício Ladeira Milagres e repassado internamente.

*Responsável pelo acompanhamento (Hexagon):*

* Equipe em campo designada para suporte aos testes na Fazenda Alegria.",,Adenilton Silva,,633212a0fedc6169aed6fd7c,,;02/abr/26 11:35 AM;633212a0fedc6169aed6fd7c;4500,,,,,,,,,,,,,7200,2700,4500,62%,7200,2700,4500,,,,,,,,,,,,,,,,,,,,,,,,,,,,,,,,com.atlassian.servicedesk.plugins.approvals.internal.customfield.ApprovalsCFValue@4927b13c,,,,"Todos o SHP estão operacionais.

* Traslocadas as geometrias.
* TEstadas e estão aptadas.
* Retornado via e-mail, com as seguintes recomendações.
* Inserir arquivos descompactados.",,,,,,,,,,,,,,,,,,,,,,,,,,,,,,,,Médio,,,,,,,,,,,,,,,,,,,,,,,,,02/abr/26 10:20 AM,02/abr/26 10:21 AM,02/abr/26 11:35 AM,02/abr/26 10:21 AM,,,,02/abr/26 10:20 AM,,,,,,,,,,,{},,,,,,,,,1.0,74.0,,,,,,,,,,,,,,,,,,,Sim ,,,,,,,,,,,,,,,,,,,,,,,,,,,,,,,,,,,,,,,,E-mail,,,,,,,,,,,Suporte Técnico e Treinamento,,,,,,,,,,,,,,,,,,,,,,,,,,,,,,,,,,,,,,,,,,,,,,,,,,,,,,,,,,,,,,,,,,,,,,,,,,1|i042mi:,,,,,,,,,,,,,,,,,,,,,,,,,,,,,,,,,,,,,,,,,,,,,,,,,,,,,,,,,,,,,,,,,,,,,,,,,,,,,,,,,,,,,,,,,,,,,,,,,,,,,,,,,,,,,,,,,,,,,,6.300,,Talvez,,,,,,,,,,,,,,,,,,,,,14838_*:*_1_*:*_29520_*|*_14518_*:*_1_*:*_0,14838_*:*_1_*:*_29520_*|*_14518_*:*_1_*:*_0,,,,,,Itens concluídos,02/abr/26 11:35 AM
6.400 - Dúvida sobre coluna “Nome da Fazenda” no item 3 – Dados Alfanuméricos (Migração de Relatórios SWS – OM),UNF2026-183,183083,Tarefa,Concluído,UNF2026,2026 - UNIDADE ESTRATÉGICA ,software,Adenilton Silva,633212a0fedc6169aed6fd7c,,,Itens concluídos,Adenilton Silva,633212a0fedc6169aed6fd7c,Adenilton Silva,633212a0fedc6169aed6fd7c,Adenilton Silva,633212a0fedc6169aed6fd7c,01/abr/26 11:26 AM,01/abr/26 11:33 AM,,01/abr/26 11:33 AM,,0,"Recebemos um e-mail da usuária *Mikaela Ramos Santana (ArcelorMittal BioFlorestas)* solicitando esclarecimento durante a elaboração dos mapas para a migração dos relatórios SWS – OM.

No *item 3 – Dados Alfanuméricos* do PDF enviado por nós, é mencionado como obrigatório o preenchimento da coluna *“Nome da Fazenda”*.
A dúvida é se esse nome deve corresponder a:

* *Nome da Propriedade (Imóvel)*
ou
* *Unidade Geral Básica (UGB)*

A usuária também solicita *algum material antigo* para utilizar como referência.

h2. ✅ *Ação necessária*

* Confirmar qual nomenclatura é a correta para preenchimento da coluna.
* Verificar e encaminhar materiais de referência antigos, se disponíveis.
* Responder a solicitação da usuária.

h2. ✅ *Origem*

E-mail encaminhado no tópico *Re: Migração de relatórios SWS - OM*. [[Re: Migraç...s SWS - OM | Outlook]|https://outlook.office365.com/owa/?ItemID=AAMkADNmYjliODY0LTA5ZjUtNDQzMC1hZTRkLWRkMzkwYmE1ZDU0YQBGAAAAAAA15eJ%2bpsOrTZX%2fs0SR2rwgBwCxubeHrBb6TrH5trr1i%2fWQAAAAAAEMAACxubeHrBb6TrH5trr1i%2fWQAAUoQm%2bEAAA%3d&exvsurl=1&viewmodel=ReadMessageItem]",,Adenilton Silva,,633212a0fedc6169aed6fd7c,,;01/abr/26 11:33 AM;633212a0fedc6169aed6fd7c;600,,,,,,,,,,,,,3600,3000,600,16%,3600,3000,600,,,,,,,,,,,,,,,,,,,,,,,,,,,,,,,,com.atlassian.servicedesk.plugins.approvals.internal.customfield.ApprovalsCFValue@3ae15f35,,,,* Enviado o e-mail conforme a solicitação do cliente.,,,,,,,,,,,,,,,,,,,,,,,,,,,,,,,,Fácil,,,,,,,,,,,,,,,,,,,,,,,,,01/abr/26 11:25 AM,01/abr/26 11:33 AM,01/abr/26 11:33 AM,01/abr/26 11:33 AM,,,,01/abr/26 11:25 AM,,,,,,,,,,,{},,,,,,,,,8.0,0.0,,,,,,,,,,,,,,,,,,,Sim ,,,,,,,,,,,,,,,,,,,,,,,,,,,,,,,,,,,,,,,,E-mail,,,,,,,,,,,Cadastro e Gestão de Geometrias,,,,,,,,,,,,,,,,,,,,,,,,,,,,,,,,,,,,,,,,,,,,,,,,,,,,,,,,,,,,,,,,,,,,,,,,,,1|i042eq:,,,,,,,,,,,,,,,,,,,,,,,,,,,,,,,,,,,,,,,,,,,,,,,,,,,,,,,,,,,,,,,,,,,,,,,,,,,,,,,,,,,,,,,,,,,,,,,,,,,,,,,,,,,,,,,,,,,,,,6.400,,Sim,,,,,,,,,,,,,,,,,,,,,14838_*:*_1_*:*_387090_*|*_14518_*:*_1_*:*_0,14838_*:*_1_*:*_387090_*|*_14518_*:*_1_*:*_0,,,,,,Itens concluídos,01/abr/26 11:33 AM
6.500 - Relatórios de Operações exibem apenas plantas após 16/03/2026 na área Falsa,UNF2026-182,183082,Tarefa,Concluído,UNF2026,2026 - UNIDADE ESTRATÉGICA ,software,Adenilton Silva,633212a0fedc6169aed6fd7c,,,Itens concluídos,Adenilton Silva,633212a0fedc6169aed6fd7c,Adenilton Silva,633212a0fedc6169aed6fd7c,Adenilton Silva,633212a0fedc6169aed6fd7c,01/abr/26 11:23 AM,02/abr/26 9:50 AM,,02/abr/26 9:50 AM,,0,"O cliente _The Navigator Company_ informou que, nos *Relatórios de Operações* gerados na plataforma, estão sendo consideradas *somente as plantas instaladas após 16/03/2026*, apesar de o processo de plantação ter iniciado em *janeiro de 2026*. [[RE: Nova á...or - Falsa | Outlook]|https://outlook.office365.com/owa/?ItemID=AAMkADNmYjliODY0LTA5ZjUtNDQzMC1hZTRkLWRkMzkwYmE1ZDU0YQBGAAAAAAA15eJ%2bpsOrTZX%2fs0SR2rwgBwCxubeHrBb6TrH5trr1i%2fWQAAAAAAEMAACxubeHrBb6TrH5trr1i%2fWQAAUoQm%2bDAAA%3d&exvsurl=1&viewmodel=ReadMessageItem]

*Impacto:*
Os relatórios atuais não representam a totalidade da produção/plantio realizada na propriedade *Falsa*, ocasionando divergências nas análises operacionais do cliente.

*Ação já executada:*
– Foi realizado um *update no Control Room*, e a nova base estará disponível no *OM* em aproximadamente 6 horas. [[RE: Nova á...or - Falsa | Outlook]|https://outlook.office365.com/owa/?ItemID=AAMkADNmYjliODY0LTA5ZjUtNDQzMC1hZTRkLWRkMzkwYmE1ZDU0YQBGAAAAAAA15eJ%2bpsOrTZX%2fs0SR2rwgBwCxubeHrBb6TrH5trr1i%2fWQAAAAAAEJAACxubeHrBb6TrH5trr1i%2fWQAAUi1LcaAAA%3d&exvsurl=1&viewmodel=ReadMessageItem]

*Solicitação:*

# Verificar por que os relatórios estão ignorando os dados operacionais anteriores a 16/03/2026.
# Validar se existe problema no processamento, vinculação de áreas ou na sincronização entre CR/OM.
# Ajustar o processamento para que todos os dados desde janeiro sejam corretamente considerados nos relatórios.
# Após correção, confirmar com o cliente a disponibilidade e integridade dos dados atualizados.

*Anexos relevantes:*
– Não aplicável neste e-mail específico.

*Contato cliente:*
Filipe Louro – Inovação e Desenvolvimento Florestal
The Navigator Company
E-mail: [filipe.louro@thenavigatorcompany.com|mailto:filipe.louro@thenavigatorcompany.com]",,Adenilton Silva,,633212a0fedc6169aed6fd7c,,;02/abr/26 9:50 AM;633212a0fedc6169aed6fd7c;3360,,,,,,,,,,,,,5400,2040,3360,62%,5400,2040,3360,,,,,,,,,,,,,,,,,,,,,,,,,,,,,,,,com.atlassian.servicedesk.plugins.approvals.internal.customfield.ApprovalsCFValue@29989324,,,,"* Realizado o rastreio dos dados, foi notado que há dados enviados porém os mesmos não constam no Relatório.
* Realizado contato com Samuel Ferreira para entendermos o assunto.
* Os dados estavam nos arquivos enviados, porém não constavam nos relatórios, os mesmo foram reprocessados e encontram-se ok.",,,,,,,,,,,,,,,,,,,,,,,,,,,,,,,,Médio,,,,,,,,,,,,,,,,,,,,,,,01/abr/26 2:33 PM,,01/abr/26 11:22 AM,01/abr/26 2:32 PM,02/abr/26 9:50 AM,01/abr/26 2:32 PM,,,,01/abr/26 11:22 AM,,,,,,,,,,,{},,,,,,,1157.0,,190.0,1.0,,,,,,,,,,,,,,,,,,,Sim ,,,,,,,,,,,,,,,,,,,,,,,,,,,,,,,,,,,,,,,,E-mail,,,,,,,,,,,Gestão de Dados e Integração,,,,,,,,,,,,,,,,,,,,,,,,,,,,,,,,,,,,,,,,,,,,,,,,,,,,,,,,,,,,,,,,,,,,,,,,,,1|i042ei:,,,,,,,,,,,,,,,,,,,,,,,,,,,,,,,,,,,,,,,,,,,,,,,,,,,,,,,,,,,,,,,,,,,,,,,,,,,,,,,,,,,,,,,,,,,,,,,,,,,,,,,,,,,,,,,,,,,,,,6.500,,Talvez,,,,,,,,,,,,,,,,,,,,,14838_*:*_1_*:*_11364500_*|*_14518_*:*_1_*:*_72489_*|*_14522_*:*_1_*:*_0,14838_*:*_1_*:*_11364500_*|*_14518_*:*_1_*:*_72489_*|*_14522_*:*_1_*:*_0,,,,,,Itens concluídos,02/abr/26 9:50 AM
6.400 - Migração dos mapas e relatórios SWS para plataforma OM – Atualização da base Faber-Castell ,UNF2026-181,183081,Tarefa,Dev. Cliente,UNF2026,2026 - UNIDADE ESTRATÉGICA ,software,Adenilton Silva,633212a0fedc6169aed6fd7c,,,,Adenilton Silva,633212a0fedc6169aed6fd7c,Adenilton Silva,633212a0fedc6169aed6fd7c,Adenilton Silva,633212a0fedc6169aed6fd7c,01/abr/26 11:12 AM,15/abr/26 8:26 AM,11/mai/26 9:08 AM,,,0,"A migração dos dados da Faber-Castell da plataforma *SWS* para o *OM* está em andamento. Conforme comunicado pelo time Florestal da Hexagon, o SWS será descontinuado em breve, sendo necessário garantir que toda a base esteja atualizada e alinhada com os requisitos do OM.

*Demandas recebidas:*
A Faber-Castell enviou os arquivos solicitados para possibilitar a migração:

* *Base cartográfica (Shapefile)* conforme especificações técnicas: projeção *WGS84 – EPSG:4326*, presença dos arquivos {{.shp}}, {{.shx}}, {{.dbf}}, {{.prj}} e campos obrigatórios (FAZENDA, TALHAO, CDFAZENDA).
* *Códigos de atividades e motivos de parada* organizados em planilhas Excel.

*Status atual:*

* Faber-Castell confirmou envio de todos os documentos solicitados.
* É necessário validar se a *base está completa* e, se estiver conforme, prosseguir com a atualização do banco e com a migração.

h2. ✅ *Tarefas / Checklist*

* Validar a integridade da base cartográfica enviada.
* Verificar se todos os atributos obrigatórios estão presentes.
* Conferir tabelas de códigos de atividades e paradas.
* Atualizar banco de dados do OM com as informações aprovadas.
* Realizar testes de migração.
* Confirmar com Faber-Castell conclusão e disponibilidade no OM.

h2. ✅ *Anexos relacionados ao ticket*

* _Códigos de atividades e motivos de paradas.xlsx_
* _motivos de paradas por categoria (2).xlsx_
* _Cad_Mapa_Formato.pdf_
* _Parques FC.zip_

_(Todos extraídos das mensagens citadas no thread original.)_",,Adenilton Silva,,633212a0fedc6169aed6fd7c,,;02/abr/26 10:12 AM;633212a0fedc6169aed6fd7c;1380,,,,,,,,,,,,,5400,4020,1380,25%,5400,4020,1380,,,,,,,,,,,,,,,,,,,,,,,,,,,,,,,,com.atlassian.servicedesk.plugins.approvals.internal.customfield.ApprovalsCFValue@683bf82f,,,,"* Dados não atendem as premissas solicitadas.
* Aguardando retorno do cliente com o material correto.",,,,,,,,,,,,,,,,,,,,,,,,,,,,,,,,,,,,,,,,,,,,,,,,,,,,,,15/abr/26 8:25 AM,02/abr/26 4:18 PM,02/abr/26 4:18 PM,01/abr/26 10:30 AM,02/abr/26 9:57 AM,,02/abr/26 9:57 AM,,,,01/abr/26 10:30 AM,,,,,,,,,,,{},,,,,,18614.0,18247.0,0.0,1407.0,14.0,,,,,,,,,,,,,,,,,,,Sim ,,,,,,,,,,,,,,,,,,,,,,,,,,,,,,,,,,,,,,,,E-mail,,,,,,,,,,,Cadastro e Gestão de Geometrias,,,,,,,,,,,,,,,,,,,,,,,,,,,,,,,,,,,,,,,,,,,,,,,,,,,,,,,,,,,,,,,,,,,,,,,,,,1|i042ea:,,,,,,,,,,,,,,,,,,,,,,,,,,,,,,,,,,,,,,,,,,,,,,,,,,,,,,,,,,,,,,,,,,,,,,,,,,,,,,,,,,,,,,,,,,,,,,,,,,,,,,,,,,,,,,,,,,,,,,6.400,,,,,,,,,,,,,,,,,,,,,,,,,,02/abr/26 4:18 PM;633212a0fedc6169aed6fd7c;Dev. Cliente + 367,,,,Em andamento,01/abr/26 11:12 AM
6.200 - Análise urgente de integração de dados – Suzano Bahia  ,UNF2026-180,183031,Tarefa,Concluído,UNF2026,2026 - UNIDADE ESTRATÉGICA ,software,Adenilton Silva,633212a0fedc6169aed6fd7c,,,Itens concluídos,Adenilton Silva,633212a0fedc6169aed6fd7c,Adenilton Silva,633212a0fedc6169aed6fd7c,Adenilton Silva,633212a0fedc6169aed6fd7c,01/abr/26 7:58 AM,08/abr/26 9:57 AM,,08/abr/26 9:56 AM,,0,"O coordenador [~accountid:610144220b454a0068b8d3cb]  solicitou, via grupo de WhatsApp, uma análise urgente referente às integrações de dados do cliente Suzano Bahia.

*Contexto Técnico:*
Foi reportada uma possível inconsistência ou falha no processo de integração de dados do cliente Suzano Bahia. Segundo o coordenador, a situação está gerando desgaste na relação com o cliente, impactando diretamente a operação e a percepção do serviço prestado. Há menção de possível impacto negativo na imagem da Hexagon caso não haja tratativa rápida.

*Objetivo:*
Realizar análise técnica completa do fluxo de integração de dados, identificar a causa raiz do problema e propor/implementar solução com máxima prioridade, garantindo a estabilidade do processo e mitigando impactos ao cliente.

*Ações Técnicas:*

* Levantar e validar o fluxo atual de integração de dados do cliente Suzano Bahia
* Analisar logs de processamento (SWS/OM/integrações envolvidas)
* Verificar possíveis falhas em associação de produtor/provedor, arquivos ou cadastros
* Identificar inconsistências nos dados enviados/recebidos
* Propor correção técnica e alinhar plano de ação com as áreas envolvidas
* Acompanhar reprocessamento (se necessário) e validar normalização dos dados

*Critério de Encerramento:*

* Causa raiz identificada e documentada
* Integração de dados estabilizada e validada
* Cliente e coordenador confirmam normalização do cenário
* Registro das ações e evidências anexadas ao chamado",,Adenilton Silva,,633212a0fedc6169aed6fd7c,,;08/abr/26 9:30 AM;633212a0fedc6169aed6fd7c;1140,;08/abr/26 9:56 AM;633212a0fedc6169aed6fd7c;2280,,,,,,,,,,,,3600,180,3420,95%,3600,180,3420,,,,,,,,,,,,,,,,,,,,,,,,,,,,,,,,com.atlassian.servicedesk.plugins.approvals.internal.customfield.ApprovalsCFValue@7e6ac2b7,,,,"Retornamos o coordenador [~accountid:610144220b454a0068b8d3cb] , via grupo de whatsApp, reportando como prosseguir e o que está ocorrendo.

Foi aberto o [+GDC-17131+|https://agguidance.atlassian.net/servicedesk/customer/portal/3/GDC-17131], para apoio do setor responsável.

08/04/3036 - 09:40 - realizadas ás devidas ánalises, dados integrando conforme o esperado.",,,,,,,,,,,,,,,,,,,,,,,,,,,,,,,,Difícil,,,,,,,,,,,,,,,,,,,,,,,01/abr/26 8:18 AM,,01/abr/26 7:56 AM,08/abr/26 9:30 AM,08/abr/26 9:56 AM,01/abr/26 7:59 AM,,,,01/abr/26 7:56 AM,,,,,,,,,,,{},,,,,,,10152.0,,3.0,45.0,,,,,,,,,,,,,,,,,,,Sim ,,,,,,,,,,,,,,,,,,,,,,,,,,,,,,,,,,,,,,,,WhatsApp - Grupo,,,,,,,,,,,Gestão de Dados e Integração,,,,,,,,,,,,,,,,,,,,,,,,,,,,,,,,,,,,,,,,,,,,,,,,,,,,,,,,,,,,,,,,,,,,,,,,,,1|i042aq:,,,,,,,,,,,,,,,,,,,,,,,,,,,,,,,,,,,,,,,,,,,,,,,,,,,,,,,,,,,,,,,,,,,,,,,,,,,,,,,,,,,,,,,,,,,,,,,,,,,,,,,,,,,,,,,,,,,,,,6.200,,Não,,,,,,,,,,,,,,,,,,,,,14838_*:*_1_*:*_12067_*|*_14518_*:*_2_*:*_1173608_*|*_14522_*:*_1_*:*_609088794,14838_*:*_1_*:*_12067_*|*_14518_*:*_2_*:*_1173608_*|*_14522_*:*_1_*:*_609088794,,,,,,Itens concluídos,08/abr/26 9:56 AM
6.400 - Validação e Ajustes dos Mapas de Covas para Assistente de Plantio (CENIBRA)  ,UNF2026-179,182946,Tarefa,Concluído,UNF2026,2026 - UNIDADE ESTRATÉGICA ,software,Adenilton Silva,633212a0fedc6169aed6fd7c,,,Itens concluídos,Adenilton Silva,633212a0fedc6169aed6fd7c,Adenilton Silva,633212a0fedc6169aed6fd7c,Adenilton Silva,633212a0fedc6169aed6fd7c,31/mar/26 2:28 PM,01/abr/26 10:24 AM,,01/abr/26 10:24 AM,,0,"Recebidos mapas de covas fornecidos pela equipe de GEO da CENIBRA para testes no Assistente de Plantio Hexagon.
Solicita-se:

# *Verificar se os arquivos atendem às especificações necessárias*, incluindo:
#* Formato: *Shapefile*
#* Projeção: *WGS84*
# Avaliar necessidade de *correções ou ajustes* nos dados dos talhões enviados (Lagoa Redonda T013, T022 e Ribeirão do Boi).
# Criar e fornecer um *passo a passo para próximas confecções de mapas*, conforme boas práticas exigidas pela solução Hexagon.
# Suporte na integração dos dados com o *computador de bordo*, garantindo compatibilidade operacional.

Arquivos enviados em anexo no e‑mail original (formato _.7z_).",,Adenilton Silva,,633212a0fedc6169aed6fd7c,,;01/abr/26 10:24 AM;633212a0fedc6169aed6fd7c;7620,,,,,,,,,,,,,7200,0,7620,105%,7200,0,7620,,,,,,,,,,,,,,,,,,,,,,,,,,,,,,,,com.atlassian.servicedesk.plugins.approvals.internal.customfield.ApprovalsCFValue@6d960d8b,,,,"* O mapar foi translocada para nossa região de atuação.
* O mesmo está funcional.
* Retornado ao gestor respánsavel, que o mapa está funcional, porém com várias poluições de atributos indevidos e colunas lunas.
* Orientados a enxugar essas informações.",,,,,,,,,,,,,,,,,,,,,,,,,,,,,,,,Médio,,,,,,,,,,,,,,,,,,,,,,,,,31/mar/26 2:26 PM,31/mar/26 2:48 PM,01/abr/26 10:24 AM,31/mar/26 2:48 PM,,,,31/mar/26 2:26 PM,,,,,,,,,,,{},,,,,,,,,22.0,1176.0,,,,,,,,,,,,,,,,,,,Sim ,,,,,,,,,,,,,,,,,,,,,,,,,,,,,,,,,,,,,,,,E-mail,,,,,,,,,,,Suporte Técnico e Treinamento,,,,,,,,,,,,,,,,,,,,,,,,,,,,,,,,,,,,,,,,,,,,,,,,,,,,,,,,,,,,,,,,,,,,,,,,,,1|i0427m:,,,,,,,,,,,,,,,,,,,,,,,,,,,,,,,,,,,,,,,,,,,,,,,,,,,,,,,,,,,,,,,,,,,,,,,,,,,,,,,,,,,,,,,,,,,,,,,,,,,,,,,,,,,,,,,,,,,,,,6.400,,Talvez,,,,,,,,,,,,,,,,,,,,,14838_*:*_1_*:*_1193489_*|*_14518_*:*_1_*:*_0,14838_*:*_1_*:*_1193489_*|*_14518_*:*_1_*:*_0,,,,,,Itens concluídos,01/abr/26 10:24 AM
6.800 - Desvincular Terceiros de Função,UNF2026-178,182763,Tarefa,Dev.PD,UNF2026,2026 - UNIDADE ESTRATÉGICA ,software,Adenilton Silva,633212a0fedc6169aed6fd7c,,,,Adenilton Silva,633212a0fedc6169aed6fd7c,Adenilton Silva,633212a0fedc6169aed6fd7c,Adenilton Silva,633212a0fedc6169aed6fd7c,31/mar/26 9:02 AM,31/mar/26 9:04 AM,,,,0,"Foi criado o [GDC-1712|https://agguidance.atlassian.net/servicedesk/customer/portal/3/GDC-17125], para desvincularem terceiros de funções, ja tinhamos um chamado em aberto. ",,Adenilton Silva,,633212a0fedc6169aed6fd7c,,,,,,,,,,,,,,,3600,3600,,0%,3600,3600,,,,,,,,,,,,,,,,,,,,,,,,,,,,,,,,,com.atlassian.servicedesk.plugins.approvals.internal.customfield.ApprovalsCFValue@73e4c831,,,,Aberto chamado para direcionamento ou ajuste.,,,,,,,,,,,,,,,,,,,,,,,,,,,,,,,,Difícil,,,,,,,,,,,,,,,,,,,,,,,31/mar/26 9:04 AM,,31/mar/26 9:01 AM,31/mar/26 9:02 AM,,31/mar/26 9:02 AM,,,,31/mar/26 9:01 AM,,,,,,,,,,,{},,,,,,,,,1.0,2.0,,,,,,,,,,,,,,,,,,,Sim ,,,,,,,,,,,,,,,,,,,,,,,,,,,,,,,,,,,,,,,,JIRA ,,,,,,,,,,,Gestão de Dados e Integração,,,,,,,,,,,,,,,,,,,,,,,,,,,,,,,,,,,,,,,,,,,,,,,,,,,,,,,,,,,,,,,,,,,,,,,,,,1|i04242:,,,,,,,,,,,,,,,,,,,,,,,,,,,,,,,,,,,,,,,,,,,,,,,,,,,,,,,,,,,,,,,,,,,,,,,,,,,,,,,,,,,,,,,,,,,,,,,,,,,,,,,,,,,,,,,,,,,,,,6.800,,Sim,,,,,,,,,,,,,,,,,,,,,,,,,,,,Em andamento,31/mar/26 9:02 AM
"Alteração banco de dados Eucatex, necessário substituição da nomenclatura de atividades",UNF2026-177,182727,Tarefa,Concluído,UNF2026,2026 - UNIDADE ESTRATÉGICA ,software,Adenilton Silva,633212a0fedc6169aed6fd7c,,,Itens concluídos,Adenilton Silva,633212a0fedc6169aed6fd7c,Johnny Nascimento,712020:6c42c3f9-35c5-48d4-9271-bfa26979c0c4,Johnny Nascimento,712020:6c42c3f9-35c5-48d4-9271-bfa26979c0c4,31/mar/26 8:07 AM,14/abr/26 3:18 PM,,14/abr/26 3:18 PM,,0,"Alteração banco de dados Eucatex, necessário substituição da nomenclatura de atividades ",,Johnny Nascimento,,712020:6c42c3f9-35c5-48d4-9271-bfa26979c0c4,,,,,,,,,,,,,,,,,,,,,,,,,,,,,,,,,,,,,,,,,,,,,,,,,,,,,com.atlassian.servicedesk.plugins.approvals.internal.customfield.ApprovalsCFValue@5b151409,,,,"Será realizada uma call com o técnico [~accountid:712020:6c42c3f9-35c5-48d4-9271-bfa26979c0c4], para os devidos ajustes.

Foi realizado o bate papo  com [~accountid:712020:6c42c3f9-35c5-48d4-9271-bfa26979c0c4] , ajustamos juntos os parâmetros solicitados.

O mesmo irá realizar o teste em bancada.",,,,,,,,,,,,,,,,,,,,,,,,,,,,,,,,Médio,,,,,,,,,,,,,,,,,,,,,,,,31/mar/26 10:09 AM,31/mar/26 8:05 AM,31/mar/26 8:37 AM,14/abr/26 3:18 PM,31/mar/26 8:37 AM,,,,31/mar/26 8:05 AM,,,,,,,,,,,{},,,,,,,,20469.0,32.0,92.0,,,,,,,,,,,,,,,,,,,Sim ,,,,,,,,,,,,,,,,,,,,,,,,,,,,,,,,,,,,,,,,WhatsApp - PV,,,,,,,,,,,Suporte Técnico e Treinamento,,,,,,,,,,,,,,,,,,,,,,,,,,,,,,,,,,,,,,,,,,,,,,,,,,,,,,,,,,,,,,,,,,,,,,,,,,1|i0423e:,,,,,,,,,,,,,,,,,,,,,,,,,,,,,,,,,,,,,,,,,,,,,,,,,,,,,,,,,,,,,,,,,,,,,,,,,,,,,,,,,,,,,,,,,,,,,,,,,,,,,,,,,,,,,,,,,,,,,,6.500,,Talvez,,,,,,,,,,,,,,,,,,,,,14838_*:*_1_*:*_1800694_*|*_14518_*:*_1_*:*_5575084_*|*_14520_*:*_1_*:*_0,14838_*:*_1_*:*_1800694_*|*_14518_*:*_1_*:*_5575084_*|*_14520_*:*_1_*:*_0,,,,,,Itens concluídos,14/abr/26 3:18 PM
6.600 - Ajuste de vínculo do usuário ygorda@jsfflorestal.com.br ,UNF2026-176,182694,Tarefa,Concluído,UNF2026,2026 - UNIDADE ESTRATÉGICA ,software,Adenilton Silva,633212a0fedc6169aed6fd7c,,,Itens concluídos,Adenilton Silva,633212a0fedc6169aed6fd7c,Adenilton Silva,633212a0fedc6169aed6fd7c,Adenilton Silva,633212a0fedc6169aed6fd7c,30/mar/26 9:04 PM,31/mar/26 8:36 AM,,31/mar/26 8:36 AM,,0,"O técnico Jonas Pereira solicitou a análise do usuário [ygorda@jsfflorestal.com.br|mailto:ygorda@jsfflorestal.com.br], pois há indícios de que o mesmo esteja vinculado incorretamente ao produtor.

*Contexto Técnico:*
Foi identificado que o usuário [ygorda@jsfflorestal.com.br|mailto:ygorda@jsfflorestal.com.br] aparenta estar associado ao produtor, quando o correto seria o vínculo com o provedor. Essa inconsistência pode impactar permissões de acesso e visualização de dados nas plataformas.

*Objetivo:*
Validar o vínculo atual do usuário e realizar a correção para associação ao provedor, garantindo o funcionamento adequado das permissões e acessos.

*Ações Técnicas:*

* Verificar o vínculo atual do usuário na base de dados
* Validar associação com produtor/provedor
* Ajustar o vínculo para o provedor correto, se necessário
* Testar acesso após ajuste

*Critério de Encerramento:*
Usuário [ygorda@jsfflorestal.com.br|mailto:ygorda@jsfflorestal.com.br] corretamente vinculado ao provedor, com acesso validado e sem inconsistências nas permissões.",,Adenilton Silva,,633212a0fedc6169aed6fd7c,,;31/mar/26 8:36 AM;633212a0fedc6169aed6fd7c;2700,,,,,,,,,,,,,3600,900,2700,75%,3600,900,2700,,,,,,,,,,,,,,,,,,,,,,,,,,,,,,,,com.atlassian.servicedesk.plugins.approvals.internal.customfield.ApprovalsCFValue@632bb11,,,,"Solicitado a exclusão so usuario, devido não haver cadastro no CR, apenas no OM, e o memso está associado ao Produtor e não ao Provedor.



Foi criado um novo usuario para o e-mail, conforme o padrão de um e-mail que está funcional.



Aguardando retorno do provedor.

Usuario funcionando conforme o padrão.",,,,,,,,,,,,,,,,,,,,,,,,,,,,,,,,Difícil,,,,,,,,,,,,,,,,,,,,,,31/mar/26 8:31 AM,30/mar/26 9:10 PM,,30/mar/26 9:02 PM,30/mar/26 9:04 PM,31/mar/26 8:36 AM,30/mar/26 9:04 PM,,,,30/mar/26 9:02 PM,,,,,,,,,,,{},,,,,,5.0,681.0,,2.0,6.0,,,,,,,,,,,,,,,,,,,Sim ,,,,,,,,,,,,,,,,,,,,,,,,,,,,,,,,,,,,,,,,WhatsApp - PV,,,,,,,,,,,Suporte Técnico e Treinamento,,,,,,,,,,,,,,,,,,,,,,,,,,,,,,,,,,,,,,,,,,,,,,,,,,,,,,,,,,,,,,,,,,,,,,,,,,1|i04236:,,,,,,,,,,,,,,,,,,,,,,,,,,,,,,,,,,,,,,,,,,,,,,,,,,,,,,,,,,,,,,,,,,,,,,,,,,,,,,,,,,,,,,,,,,,,,,,,,,,,,,,,,,,,,,,,,,,,,,6.600,,Não,,,,,,,,,,,,,,,,,,,,,14838_*:*_1_*:*_9131_*|*_14518_*:*_1_*:*_399435_*|*_14522_*:*_1_*:*_40829324_*|*_14521_*:*_1_*:*_0,14838_*:*_1_*:*_9131_*|*_14518_*:*_1_*:*_399435_*|*_14522_*:*_1_*:*_40829324_*|*_14521_*:*_1_*:*_0,,,,,,Itens concluídos,31/mar/26 8:36 AM
6.300 - Erro ao finalizar cadastro do usuário vhsantos@suzano.com.br  ,UNF2026-175,182380,Tarefa,Concluído,UNF2026,2026 - UNIDADE ESTRATÉGICA ,software,Adenilton Silva,633212a0fedc6169aed6fd7c,,,Itens concluídos,Adenilton Silva,633212a0fedc6169aed6fd7c,Adenilton Silva,633212a0fedc6169aed6fd7c,Adenilton Silva,633212a0fedc6169aed6fd7c,27/mar/26 4:21 PM,27/mar/26 4:24 PM,,27/mar/26 4:23 PM,,0,"O técnico Vinicius Vieira solicitou apoio para análise do cadastro do usuário [vhsantos@suzano.com.br|mailto:vhsantos@suzano.com.br], pois está ocorrendo erro no momento da finalização do processo.

Contexto Técnico
Durante a tentativa de criação do cadastro do usuário [vhsantos@suzano.com.br|mailto:vhsantos@suzano.com.br], o processo não está sendo concluído com sucesso, apresentando erro ao finalizar. Até o momento, o cadastro não pôde ser efetivado, sendo necessária validação para identificar a causa do comportamento.

Objetivo
Analisar o erro apresentado na finalização do cadastro do usuário [vhsantos@suzano.com.br|mailto:vhsantos@suzano.com.br] e realizar os ajustes necessários para permitir a conclusão do registro.

Ações Técnicas
Verificar o fluxo de criação do usuário e identificar em qual etapa ocorre a falha
Analisar possíveis inconsistências cadastrais, permissões ou validações bloqueando a finalização
Realizar os ajustes necessários para concluir o cadastro com sucesso
Validar após correção se o acesso foi criado corretamente

Critério de Encerramento
Chamado poderá ser encerrado após a identificação e correção da causa do erro, com o cadastro do usuário [vhsantos@suzano.com.br|mailto:vhsantos@suzano.com.br] finalizado com sucesso.",,Adenilton Silva,,633212a0fedc6169aed6fd7c,,;27/mar/26 4:23 PM;633212a0fedc6169aed6fd7c;2820,,,,,,,,,,,,,3600,780,2820,78%,3600,780,2820,,,,,,,,,,,,,,,,,,,,,,,,,,,,,,,,com.atlassian.servicedesk.plugins.approvals.internal.customfield.ApprovalsCFValue@53424408,,,,"Foi analisado e identificado que foi criado 2 usuários para o mesmo e-mail.

Excluímos um usuário devido duplicidade e falha de direcionamento, é necessario finalizar o preenchimento das permissões.",,,,,,,,,,,,,,,,,,,,,,,,,,,,,,,,Médio,,,,,,,,,,,,,,,,,,,,,,,,,27/mar/26 4:20 PM,27/mar/26 4:21 PM,27/mar/26 4:23 PM,27/mar/26 4:21 PM,,,,27/mar/26 4:20 PM,,,,,,,,,,,{},,,,,,,,,1.0,2.0,,,,,,,,,,,,,,,,,,,Sim ,,,,,,,,,,,,,,,,,,,,,,,,,,,,,,,,,,,,,,,,WhatsApp - PV,,,,,,,,,,,Suporte Técnico e Treinamento,,,,,,,,,,,,,,,,,,,,,,,,,,,,,,,,,,,,,,,,,,,,,,,,,,,,,,,,,,,,,,,,,,,,,,,,,,1|i041ua:,,,,,,,,,,,,,,,,,,,,,,,,,,,,,,,,,,,,,,,,,,,,,,,,,,,,,,,,,,,,,,,,,,,,,,,,,,,,,,,,,,,,,,,,,,,,,,,,,,,,,,,,,,,,,,,,,,,,,,6.300,,Talvez,,,,,,,,,,,,,,,,,,,,,14838_*:*_1_*:*_7377_*|*_14518_*:*_1_*:*_0,14838_*:*_1_*:*_7377_*|*_14518_*:*_1_*:*_0,,,,,,Itens concluídos,27/mar/26 4:23 PM
Alinhamento de nomenclaturas de atividades por provedor + call técnica solicitada,UNF2026-174,182308,Tarefa,Concluído,UNF2026,2026 - UNIDADE ESTRATÉGICA ,software,Adenilton Silva,633212a0fedc6169aed6fd7c,,,Itens concluídos,Adenilton Silva,633212a0fedc6169aed6fd7c,Adenilton Silva,633212a0fedc6169aed6fd7c,Adenilton Silva,633212a0fedc6169aed6fd7c,27/mar/26 2:02 PM,14/abr/26 3:17 PM,,14/abr/26 3:17 PM,,0,"O técnico Johnny solicitou a realização de uma call via Teams para alinhamento e ajuste das nomenclaturas de atividades conforme e-mail encaminhado pelo cliente.

----

*Contexto Técnico:*
O cliente encaminhou a padronização das nomenclaturas de atividades por provedor, sendo necessário ajustar as atividades disponíveis no bordo conforme cada cenário:

Para o provedor JFI, devem ser mantidas apenas as seguintes atividades:
1601 - Subsolagem Base
1604 - Subsolagem
1624 - Adubação Base
107 - Calagem Mecanizada
Gradagem
Rolo Faca
1706 - Roçada Mecanizada Entrelinha

Para os provedores Eucaflora e KBS, devem ser mantidas:
1601 - Subsolagem Base
1604 - Subsolagem
1624 - Adubação Base
107 - Calagem Mecanizada
Gradagem
Rolo Faca
1706 - Roçada Mecanizada Entrelinha
314 - Capina Química Pré Plantio Mecanizada
315 - Capina Química Pré Emergente Mecanizada Manutenção 1º Ano
312 - Capina Química Pré Emergente Mecanizada Implantação
322 - Capina Química Pós Emergente Seletivo

O cliente solicitou também que todas as atividades não listadas sejam desativadas no bordo, com o objetivo de melhorar a visualização para os operadores.

----

*Objetivo:*
Garantir a padronização correta das atividades por provedor no sistema, conforme definido pelo cliente, e alinhar tecnicamente os ajustes necessários através de call com o time envolvido.

----

*Ações Técnicas:*

* Agendar call via Teams com o técnico Johnny e envolvidos
* Validar estrutura atual de atividades cadastradas por provedor
* Ajustar nomenclaturas conforme lista enviada pelo cliente
* Desativar atividades não listadas no bordo
* Validar impacto nos dispositivos e sincronização
* Realizar testes após ajustes para garantir correta visualização no campo

----

*Critério de Encerramento:*

* Call realizada com alinhamento técnico concluído
* Nomenclaturas ajustadas conforme solicitado
* Atividades não previstas desativadas no bordo
* Validação confirmada com o cliente ou responsável técnico
* Operação refletindo corretamente no campo sem inconsistências",,Adenilton Silva,,633212a0fedc6169aed6fd7c,,,,,,,,,,,,,,,5400,5400,,0%,5400,5400,,,,,,,,,,,,,,,,,,,,,,,,,,,,,,,,,com.atlassian.servicedesk.plugins.approvals.internal.customfield.ApprovalsCFValue@534c1a2e,,,,"No aguardo do contato do técnico [~accountid:712020:6c42c3f9-35c5-48d4-9271-bfa26979c0c4], para apoio.

Relizando a call e apoio, foram realizados os devidos ajustes.",,,,,,,,,,,,,,,,,,,,,,,,,,,,,,,,Médio,,,,,,,,,,,,,,,,,,,,,,,,27/mar/26 2:03 PM,27/mar/26 2:01 PM,27/mar/26 2:03 PM,14/abr/26 3:17 PM,27/mar/26 2:03 PM,,,,27/mar/26 2:01 PM,,,,,,,,,,,{},,,,,,,,25994.0,2.0,0.0,,,,,,,,,,,,,,,,,,,Sim ,,,,,,,,,,,,,,,,,,,,,,,,,,,,,,,,,,,,,,,,E-mail,WhatsApp - PV,,,,,,,,,,Suporte Técnico e Treinamento,,,,,,,,,,,,,,,,,,,,,,,,,,,,,,,,,,,,,,,,,,,,,,,,,,,,,,,,,,,,,,,,,,,,,,,,,,1|i041te:,,,,,,,,,,,,,,,,,,,,,,,,,,,,,,,,,,,,,,,,,,,,,,,,,,,,,,,,,,,,,,,,,,,,,,,,,,,,,,,,,,,,,,,,,,,,,,,,,,,,,,,,,,,,,,,,,,,,,,6.500,,Talvez,,,,,,,,,,,,,,,,,,,,,14838_*:*_1_*:*_26846_*|*_14518_*:*_1_*:*_28700_*|*_14520_*:*_1_*:*_0,14838_*:*_1_*:*_26846_*|*_14518_*:*_1_*:*_28700_*|*_14520_*:*_1_*:*_0,,,,,,Itens concluídos,14/abr/26 3:17 PM
6.300 - Atualização cadastral da base geométrica – Cliente TTG  ,UNF2026-173,182254,Tarefa,Concluído,UNF2026,2026 - UNIDADE ESTRATÉGICA ,software,Adenilton Silva,633212a0fedc6169aed6fd7c,,,Itens concluídos,Adenilton Silva,633212a0fedc6169aed6fd7c,Adenilton Silva,633212a0fedc6169aed6fd7c,Adenilton Silva,633212a0fedc6169aed6fd7c,27/mar/26 9:42 AM,27/mar/26 10:12 AM,,27/mar/26 10:12 AM,,0,"Foi solicitado ao cliente TTG o envio da base geométrica completa para realização de atualização cadastral.

*Contexto Técnico:*
O cliente encaminhou a base completa conforme solicitado. A atualização se faz necessária para garantir consistência cadastral e evitar divergências relacionadas a geometrias parciais ou duplicadas.

*Objetivo:*
Realizar o tratamento da base recebida e efetuar a atualização da base geométrica no ambiente.

*Ações Técnicas:*

* Validar integridade da base enviada (arquivos SHP, SHX, DBF, PRJ)
* Identificar e tratar possíveis inconsistências (duplicidades, sobreposições, geometrias inválidas)
* Preparar base final para importação
* Executar atualização cadastral no sistema
* Validar dados após atualização

*Critério de Encerramento:*
Base geométrica atualizada com sucesso no sistema, sem inconsistências, e validada conforme esperado.",,Adenilton Silva,,633212a0fedc6169aed6fd7c,,;27/mar/26 10:12 AM;633212a0fedc6169aed6fd7c;1680,,,,,,,,,,,,,5400,3720,1680,31%,5400,3720,1680,,,,,,,,,,,,,,,,,,,,,,,,,,,,,,,,com.atlassian.servicedesk.plugins.approvals.internal.customfield.ApprovalsCFValue@54ca8619,,,,"Arquivos Poluídos com área não produtivas.

Foi enviado um e-mail ao coordenado [~accountid:62d69f3a1834ae63caf7dcb4]  para o mesmo solicitar ao cliente.



Estaremos no aguardo para seguri com os devidos prcedimentos assim que recermos a base completa.",,,,,,,,,,,,,,,,,,,,,,,,,,,,,,,,Difícil,,,,,,,,,,,,,,,,,,,,,,,,,27/mar/26 9:42 AM,27/mar/26 9:43 AM,27/mar/26 10:12 AM,27/mar/26 9:43 AM,,,,27/mar/26 9:42 AM,,,,,,,,,,,{},,,,,,,,,1.0,29.0,,,,,,,,,,,,,,,,,,,Sim ,,,,,,,,,,,,,,,,,,,,,,,,,,,,,,,,,,,,,,,,E-mail,,,,,,,,,,,Cadastro e Gestão de Geometrias,,,,,,,,,,,,,,,,,,,,,,,,,,,,,,,,,,,,,,,,,,,,,,,,,,,,,,,,,,,,,,,,,,,,,,,,,,1|i041pu:,,,,,,,,,,,,,,,,,,,,,,,,,,,,,,,,,,,,,,,,,,,,,,,,,,,,,,,,,,,,,,,,,,,,,,,,,,,,,,,,,,,,,,,,,,,,,,,,,,,,,,,,,,,,,,,,,,,,,,6.300,,Não,,,,,,,,,,,,,,,,,,,,,14838_*:*_1_*:*_15565_*|*_14518_*:*_1_*:*_0,14838_*:*_1_*:*_15565_*|*_14518_*:*_1_*:*_0,,,,,,Itens concluídos,27/mar/26 10:12 AM
6.300 - Exclusão de usuário criado diretamente no OM  ,UNF2026-172,182253,Tarefa,Concluído,UNF2026,2026 - UNIDADE ESTRATÉGICA ,software,Adenilton Silva,633212a0fedc6169aed6fd7c,,,Itens concluídos,Adenilton Silva,633212a0fedc6169aed6fd7c,Adenilton Silva,633212a0fedc6169aed6fd7c,Adenilton Silva,633212a0fedc6169aed6fd7c,27/mar/26 9:35 AM,27/mar/26 12:44 PM,,27/mar/26 12:44 PM,,0,"O técnico Vinicius Vieira solicitou a exclusão do usuário [vhsantos@suzano.com.br|mailto:vhsantos@suzano.com.br], que foi criado diretamente na plataforma OM.

*Contexto Técnico:*
Foi identificado que o cadastro do usuário foi realizado diretamente no OM, o que não segue o fluxo correto de criação de acessos. Para garantir integração adequada entre os sistemas, os usuários devem ser cadastrados via Control Room (CR), permitindo o acesso consistente tanto no OM quanto nas demais plataformas.

*Objetivo:*
Remover o usuário criado incorretamente no OM e garantir que o novo cadastro seja realizado via Control Room (CR), conforme padrão estabelecido.

*Ações Técnicas:*

* Realizar a exclusão do usuário [vhsantos@suzano.com.br|mailto:vhsantos@suzano.com.br] no OM
* Validar que não existam vínculos ativos que possam impactar a exclusão
* Orientar a recriação do usuário via Control Room (CR)
* Garantir que o acesso funcione corretamente em ambas as plataformas após o novo cadastro

*Critério de Encerramento:*

* Usuário removido com sucesso do OM
* Novo cadastro realizado via CR
* Acesso validado e funcionando corretamente no OM e demais plataformas integradas",,Adenilton Silva,,633212a0fedc6169aed6fd7c,,;27/mar/26 12:44 PM;633212a0fedc6169aed6fd7c;2700,,,,,,,,,,,,,3600,900,2700,75%,3600,900,2700,,,,,,,,,,,,,,,,,,,,,,,,,,,,,,,,com.atlassian.servicedesk.plugins.approvals.internal.customfield.ApprovalsCFValue@60b291ff,,,,"* Exclusão solicitada para Guilherme Correa, e assim o técnico poderá prosseguir com o cadastro da forma correta.

*Resumo da Solicitação*
Ajuste de inconsistência na associação entre máquinas e produtor/provedor, impactando o direcionamento correto dos arquivos no SWS.

*Contexto Técnico*
Foi identificada divergência na associação de máquinas com produtor/provedor, ocasionando inconsistência no processamento dos arquivos. O ajuste foi realizado diretamente no banco de dados pelo responsável, alinhando os registros ao padrão esperado, garantindo o correto direcionamento dos arquivos.

Cenários como esse podem ocorrer quando há alteração de propriedade do veículo (máquina) sem a devida atualização estrutural no sistema, gerando conflitos de associação.

*Objetivo*
Garantir a correta associação entre máquinas e produtor/provedor, assegurando o processamento adequado dos arquivos no SWS.

*Ações Técnicas*

* Ajuste direto no banco de dados para correção da associação máquina x produtor/provedor
* Validação do direcionamento dos arquivos após correção
* Orientação para reprocessamento dos dados já existentes no SWS em modo avançado
* Abertura de issue para tratativa definitiva do cenário junto ao time responsável
* Recomendação de criação de novo veículo com associações corretas como mitigação temporária

*Critério de Encerramento*

* Arquivos sendo direcionados corretamente conforme provedor responsável
* Reprocessamento realizado com sucesso no modo avançado
* Ausência de divergências na associação máquina x produtor/provedor para novos processamentos",,,,,,,,,,,,,,,,,,,,,,,,,,,,,,,,Difícil,,,,,,,,,,,,,,,,,,,,,,,27/mar/26 9:36 AM,,27/mar/26 9:34 AM,27/mar/26 9:35 AM,27/mar/26 12:44 PM,27/mar/26 9:35 AM,,,,27/mar/26 9:34 AM,,,,,,,,,,,{},,,,,,,188.0,,1.0,1.0,,,,,,,,,,,,,,,,,,,Sim ,,,,,,,,,,,,,,,,,,,,,,,,,,,,,,,,,,,,,,,,WhatsApp - PV,,,,,,,,,,,Suporte Técnico e Treinamento,,,,,,,,,,,,,,,,,,,,,,,,,,,,,,,,,,,,,,,,,,,,,,,,,,,,,,,,,,,,,,,,,,,,,,,,,,1|i041pm:,,,,,,,,,,,,,,,,,,,,,,,,,,,,,,,,,,,,,,,,,,,,,,,,,,,,,,,,,,,,,,,,,,,,,,,,,,,,,,,,,,,,,,,,,,,,,,,,,,,,,,,,,,,,,,,,,,,,,,6.300,,Não,,,,,,,,,,,,,,,,,,,,,14838_*:*_1_*:*_7061_*|*_14518_*:*_1_*:*_52286_*|*_14522_*:*_1_*:*_0,14838_*:*_1_*:*_7061_*|*_14518_*:*_1_*:*_52286_*|*_14522_*:*_1_*:*_0,,,,,,Itens concluídos,27/mar/26 12:44 PM
6.200 - Ajuste de acesso – Usuário Fabiano na plataforma Agron ,UNF2026-171,182220,Tarefa,Concluído,UNF2026,2026 - UNIDADE ESTRATÉGICA ,software,Adenilton Silva,633212a0fedc6169aed6fd7c,,,Itens concluídos,Adenilton Silva,633212a0fedc6169aed6fd7c,Adenilton Silva,633212a0fedc6169aed6fd7c,Adenilton Silva,633212a0fedc6169aed6fd7c,27/mar/26 8:22 AM,27/mar/26 9:30 AM,,27/mar/26 9:30 AM,,0,"O colaborador Fabiano Souza reportou dificuldades de acesso à plataforma Agron, solicitando análise e correção do problema.

*Contexto Técnico:*
Usuário: Fabiano Souza
E-mail: [fabiano.souza@hexagon.com|mailto:fabiano.souza@hexagon.com]
Relato de falha no acesso à plataforma Agron, sem detalhamento inicial do erro apresentado.

*Objetivo:*
Identificar a causa da falha de acesso e restabelecer o funcionamento normal do login do usuário.

*Ações Técnicas:*

* Validar existência do usuário na base (Agron/CR/OM se aplicável)
* Verificar vínculo com empresa/produtor e permissões associadas
* Conferir status do usuário (ativo/inativo)
* Validar credenciais e possível necessidade de redefinição de senha
* Analisar logs de tentativa de login para identificar erro
* Ajustar permissões ou vínculos, se necessário
* Realizar teste de acesso após correções",,Adenilton Silva,,633212a0fedc6169aed6fd7c,,;27/mar/26 9:30 AM;633212a0fedc6169aed6fd7c;1380,,,,,,,,,,,,,3600,2220,1380,38%,3600,2220,1380,,,,,,,,,,,,,,,,,,,,,,,,,,,,,,,,com.atlassian.servicedesk.plugins.approvals.internal.customfield.ApprovalsCFValue@6a4dd1b3,,,,"Haviam 2 usuarios com o memso e-mail.
Foi solicitado um ajuste para o Guilherme Correa, que ajustou de imediato, está funcionando o acesso do técnico conforme o esperado.",,,,,,,,,,,,,,,,,,,,,,,,,,,,,,,,Médio,,,,,,,,,,,,,,,,,,,,,,,,,27/mar/26 8:12 AM,27/mar/26 8:25 AM,27/mar/26 9:30 AM,27/mar/26 8:25 AM,,,,27/mar/26 8:12 AM,,,,,,,,,,,{},,,,,,,,,13.0,65.0,,,,,,,,,,,,,,,,,,,Sim ,,,,,,,,,,,,,,,,,,,,,,,,,,,,,,,,,,,,,,,,WhatsApp - PV,,,,,,,,,,,Suporte Técnico e Treinamento,,,,,,,,,,,,,,,,,,,,,,,,,,,,,,,,,,,,,,,,,,,,,,,,,,,,,,,,,,,,,,,,,,,,,,,,,,1|i041pe:,,,,,,,,,,,,,,,,,,,,,,,,,,,,,,,,,,,,,,,,,,,,,,,,,,,,,,,,,,,,,,,,,,,,,,,,,,,,,,,,,,,,,,,,,,,,,,,,,,,,,,,,,,,,,,,,,,,,,,6.600,,Talvez,,,,,,,,,,,,,,,,,,,,,14838_*:*_1_*:*_174927_*|*_14518_*:*_1_*:*_0,14838_*:*_1_*:*_174927_*|*_14518_*:*_1_*:*_0,,,,,,Itens concluídos,27/mar/26 9:30 AM
6.200 - Erro de compilação de arquivos no Sws para equipes Suzano mesmo após atualização dos providers  ,UNF2026-170,181984,Tarefa,Concluído,UNF2026,2026 - UNIDADE ESTRATÉGICA ,software,Adenilton Silva,633212a0fedc6169aed6fd7c,,,Itens concluídos,Adenilton Silva,633212a0fedc6169aed6fd7c,Adenilton Silva,633212a0fedc6169aed6fd7c,Adenilton Silva,633212a0fedc6169aed6fd7c,26/mar/26 10:56 AM,15/abr/26 8:23 AM,,15/abr/26 8:23 AM,,0,"Os arquivos enviados para a plataforma *Sws* continuam compilando com erro, mesmo após a aplicação de todas as correções recomendadas pelo time técnico.
Conforme alinhado em call e registrado por Danilo:

* As equipes da Suzano própria estavam configuradas como _provider terceiro_, causando erro ao trocar computadores de bordo.
* O provider foi ajustado para *Suzano (único)*.
* A _provider list_ foi atualizada.
* Um novo *CTI* foi baixado.
* Todas as atualizações de CBs em campo foram concluídas.
* Ainda assim, os arquivos seguem *compilando com erro na plataforma Sws*.

O coordenador Raphael informou necessidade de *suporte urgente*, pois a *Suzano ES está cobrando os mapas*.
Foi criado o *grupo 6200* para agilizar o repasse de informações.

h3. *Solicitação*

# Verificar causa raiz dos erros de compilação no Sws.
# Validar se há inconsistências residuais no provider, CTI ou na sincronização dos CBs.
# Propor correção definitiva e informar próximos passos.",,Adenilton Silva,,633212a0fedc6169aed6fd7c,,,,,,,,,,,,,,,3600,3600,,0%,3600,3600,,,,,,,,,,,,,,,,,,,,,,,,,,,,,,,,,com.atlassian.servicedesk.plugins.approvals.internal.customfield.ApprovalsCFValue@5160ddcc,,,,"Analisado e toda a parte de configurações estão ok.

Feito contato com Guilherme Correa para as devidas analises direno no banco.

Ajustado.",,,,,,,,,,,,,,,,,,,,,,,,,,,,,,,,Difícil,,,,,,,,,,,,,,,,,,,,,,,26/mar/26 11:36 AM,,26/mar/26 10:55 AM,26/mar/26 10:56 AM,15/abr/26 8:23 AM,26/mar/26 10:56 AM,,,,26/mar/26 10:55 AM,,,,,,,,,,,{},,,,,,,28607.0,,1.0,40.0,,,,,,,,,,,,,,,,,,,Sim ,,,,,,,,,,,,,,,,,,,,,,,,,,,,,,,,,,,,,,,,E-mail,,,,,,,,,,,Suporte Técnico e Treinamento,,,,,,,,,,,,,,,,,,,,,,,,,,,,,,,,,,,,,,,,,,,,,,,,,,,,,,,,,,,,,,,,,,,,,,,,,,1|i041ei:,,,,,,,,,,,,,,,,,,,,,,,,,,,,,,,,,,,,,,,,,,,,,,,,,,,,,,,,,,,,,,,,,,,,,,,,,,,,,,,,,,,,,,,,,,,,,,,,,,,,,,,,,,,,,,,,,,,,,,6.200,,Não,,,,,,,,,,,,,,,,,,,,,14838_*:*_1_*:*_8213_*|*_14518_*:*_1_*:*_2346690_*|*_14522_*:*_1_*:*_0,14838_*:*_1_*:*_8213_*|*_14518_*:*_1_*:*_2346690_*|*_14522_*:*_1_*:*_0,,,,,,Itens concluídos,15/abr/26 8:23 AM
6.200 - Solicitação de geração de códigos de ativação – Controle de Corte de Seção (computadores TI7) ,UNF2026-169,181983,Tarefa,Concluído,UNF2026,2026 - UNIDADE ESTRATÉGICA ,software,Adenilton Silva,633212a0fedc6169aed6fd7c,,,Itens concluídos,Adenilton Silva,633212a0fedc6169aed6fd7c,Adenilton Silva,633212a0fedc6169aed6fd7c,Adenilton Silva,633212a0fedc6169aed6fd7c,26/mar/26 10:53 AM,26/mar/26 11:44 AM,,26/mar/26 11:44 AM,,0,"*Solicitante:* Fabio Costa – Forest Operations Technician
*Assunto:* Ativação de funções no TI7

*Resumo da solicitação:*
O solicitante pede a geração dos *códigos de ativação de Controle de Corte de Seção* para os seguintes computadores TI7:

* 292333
* 292342
* 292194
* 292193 [[Solicitaçã...ões do TI7 | Outlook]|https://outlook.office365.com/owa/?ItemID=AAMkADNmYjliODY0LTA5ZjUtNDQzMC1hZTRkLWRkMzkwYmE1ZDU0YQBGAAAAAAA15eJ%2bpsOrTZX%2fs0SR2rwgBwCxubeHrBb6TrH5trr1i%2fWQAAAAAAEMAACxubeHrBb6TrH5trr1i%2fWQAAUkQ5FWAAA%3d&exvsurl=1&viewmodel=ReadMessageItem]

*Ação esperada:*
Gerar os códigos de ativação e retornar ao solicitante.",,Adenilton Silva,,633212a0fedc6169aed6fd7c,,;26/mar/26 11:44 AM;633212a0fedc6169aed6fd7c;900,,,,,,,,,,,,,3600,2700,900,25%,3600,2700,900,,,,,,,,,,,,,,,,,,,,,,,,,,,,,,,,com.atlassian.servicedesk.plugins.approvals.internal.customfield.ApprovalsCFValue@16b4384c,,,,"O Coordenador [~accountid:610144220b454a0068b8d3cb] enviou as ativiações de produto via grupo de Whatsapp, conforme solicitação do técnico Fabio. 

Não fomos notificados via e-mail, no entanto acompanhamos a aplicação via grupo. ",,,,,,,,,,,,,,,,,,,,,,,,,,,,,,,,Fácil,,,,,,,,,,,,,,,,,,,,,,,,,26/mar/26 10:52 AM,26/mar/26 11:42 AM,26/mar/26 11:44 AM,26/mar/26 11:42 AM,,,,26/mar/26 10:52 AM,,,,,,,,,,,{},,,,,,,,,50.0,2.0,,,,,,,,,,,,,,,,,,,Sim ,,,,,,,,,,,,,,,,,,,,,,,,,,,,,,,,,,,,,,,,E-mail,,,,,,,,,,,Suporte Técnico e Treinamento,,,,,,,,,,,,,,,,,,,,,,,,,,,,,,,,,,,,,,,,,,,,,,,,,,,,,,,,,,,,,,,,,,,,,,,,,,1|i041ea:,,,,,,,,,,,,,,,,,,,,,,,,,,,,,,,,,,,,,,,,,,,,,,,,,,,,,,,,,,,,,,,,,,,,,,,,,,,,,,,,,,,,,,,,,,,,,,,,,,,,,,,,,,,,,,,,,,,,,,6.200,,Sim,,,,,,,,,,,,,,,,,,,,,14838_*:*_1_*:*_2965936_*|*_14518_*:*_1_*:*_0,14838_*:*_1_*:*_2965936_*|*_14518_*:*_1_*:*_0,,,,,,Itens concluídos,26/mar/26 11:44 AM
6.600 - Cadastro das áreas do cliente Mombak no sistema (arquivos WGS anexados)  ,UNF2026-168,181978,Tarefa,Concluído,UNF2026,2026 - UNIDADE ESTRATÉGICA ,software,Adenilton Silva,633212a0fedc6169aed6fd7c,,,Itens concluídos,Adenilton Silva,633212a0fedc6169aed6fd7c,Adenilton Silva,633212a0fedc6169aed6fd7c,Adenilton Silva,633212a0fedc6169aed6fd7c,26/mar/26 10:38 AM,26/mar/26 12:25 PM,,26/mar/26 12:25 PM,,0,"Recebemos solicitação do coordenador Raphael Teixeira para realizar o cadastro das áreas do cliente *Mombak*. Os arquivos necessários para o processamento estão anexados no e-mail:

* *F00497_Pau Brasil_wgs.zip*
* *F00682_Cristal Macedonia_wgs.zip*

Atividades a realizar:

# Importar e validar os dois arquivos WGS fornecidos.
# Realizar o cadastro das áreas correspondentes no sistema.
# Confirmar ao solicitante a conclusão do processo ou reportar pendências, caso existam.

Solicitante está disponível para esclarecimentos adicionais, se necessário.",,Adenilton Silva,,633212a0fedc6169aed6fd7c,,,,,,,,,,,,,,,3600,3600,,0%,3600,3600,,,26/mar/26 12:25 PM;633212a0fedc6169aed6fd7c;image-20260326-152455.png;https://agguidance.atlassian.net/rest/api/3/attachment/content/170707,,,,,,,,,,,,,,,,,,,,,,,,,,,,,,com.atlassian.servicedesk.plugins.approvals.internal.customfield.ApprovalsCFValue@12d03ce8,,,,"* Base tratada
* Base cadastrada
* Retornado o e-mail.

!image-20260326-152455.png|width=522,alt=""image-20260326-152455.png""!",,,,,,,,,,,,,,,,,,,,,,,,,,,,,,,,Difícil,,,,,,,,,,,,,,,,,,,,,,,,,26/mar/26 10:37 AM,26/mar/26 11:50 AM,26/mar/26 12:25 PM,26/mar/26 11:50 AM,,,,26/mar/26 10:37 AM,,,,,,,,,,,{},,,,,,,,,73.0,35.0,,,,,,,,,,,,,,,,,,,Sim ,,,,,,,,,,,,,,,,,,,,,,,,,,,,,,,,,,,,,,,,E-mail,,,,,,,,,,,Cadastro e Gestão de Geometrias,,,,,,,,,,,,,,,,,,,,,,,,,,,,,,,,,,,,,,,,,,,,,,,,,,,,,,,,,,,,,,,,,,,,,,,,,,1|i041dm:,,,,,,,,,,,,,,,,,,,,,,,,,,,,,,,,,,,,,,,,,,,,,,,,,,,,,,,,,,,,,,,,,,,,,,,,,,,,,,,,,,,,,,,,,,,,,,,,,,,,,,,,,,,,,,,,,,,,,,6.600,,Não,,,,,,,,,,,,,,,,,,,,,14838_*:*_1_*:*_4307021_*|*_14518_*:*_1_*:*_0,14838_*:*_1_*:*_4307021_*|*_14518_*:*_1_*:*_0,,,,,,Itens concluídos,26/mar/26 12:25 PM
6.800 - GDC-17110,UNF2026-167,181601,Tarefa,Dev.PD,UNF2026,2026 - UNIDADE ESTRATÉGICA ,software,Adenilton Silva,633212a0fedc6169aed6fd7c,,,,Adenilton Silva,633212a0fedc6169aed6fd7c,Adenilton Silva,633212a0fedc6169aed6fd7c,Adenilton Silva,633212a0fedc6169aed6fd7c,25/mar/26 9:18 AM,25/mar/26 9:18 AM,,,,0,"Foi aberto o chamado [GDC-17110|https://agguidance.atlassian.net/servicedesk/customer/portal/3/GDC-17110], para regularização da padronização de nomenclaturas de estruturas.",,Adenilton Silva,,633212a0fedc6169aed6fd7c,,,,,,,,,,,,,,,,,,,,,,,,,,,,,,,,,,,,,,,,,,,,,,,,,,,,,com.atlassian.servicedesk.plugins.approvals.internal.customfield.ApprovalsCFValue@61093bca,,,,,,,,,,,,,,,,,,,,,,,,,,,,,,,,,,,,Difícil,,,,,,,,,,,,,,,,,,,,,,,25/mar/26 9:18 AM,,25/mar/26 9:16 AM,25/mar/26 9:18 AM,,25/mar/26 9:18 AM,,,,25/mar/26 9:16 AM,,,,,,,,,,,{},,,,,,,,,2.0,0.0,,,,,,,,,,,,,,,,,,,Sim ,,,,,,,,,,,,,,,,,,,,,,,,,,,,,,,,,,,,,,,,JIRA ,,,,,,,,,,,Gestão de Dados e Integração,,,,,,,,,,,,,,,,,,,,,,,,,,,,,,,,,,,,,,,,,,,,,,,,,,,,,,,,,,,,,,,,,,,,,,,,,,1|i0411u:,,,,,,,,,,,,,,,,,,,,,,,,,,,,,,,,,,,,,,,,,,,,,,,,,,,,,,,,,,,,,,,,,,,,,,,,,,,,,,,,,,,,,,,,,,,,,,,,,,,,,,,,,,,,,,,,,,,,,,6.800,,Não,,,,,,,,,,,,,,,,,,,,,,,,,,,,Em andamento,25/mar/26 9:18 AM
6.500 - Divergência e possível inversão de espaçamento entre linhas no talhão ,UNF2026-166,181383,Tarefa,Concluído,UNF2026,2026 - UNIDADE ESTRATÉGICA ,software,Adenilton Silva,633212a0fedc6169aed6fd7c,,,Itens concluídos,Adenilton Silva,633212a0fedc6169aed6fd7c,Adenilton Silva,633212a0fedc6169aed6fd7c,Adenilton Silva,633212a0fedc6169aed6fd7c,24/mar/26 9:47 AM,24/mar/26 10:22 AM,,24/mar/26 10:21 AM,,0,"O coordenador Roniel Dias solicitou uma análise de dados devido a inconsistência no espaçamento entre linhas apresentado no sistema.

*Contexto Técnico:*
Foi identificado que os valores exibidos para:

* Entre Linhas Real (m): 8,46
* Entre Linhas (média ponderada) (m): 7,86

podem estar invertidos, gerando incoerência na interpretação dos dados operacionais e impactando diretamente nos cálculos de estimativa (mudas/ha).

*Objetivo:*
Validar se houve inversão lógica ou erro de processamento/exibição nos campos de espaçamento entre linhas, garantindo a consistência dos dados apresentados no OM.

*Ações Técnicas:*

* Validar origem dos dados de espaçamento nos arquivos brutos (TI/CTI/DBF)
* Conferir regra de cálculo da média ponderada vs valor real
* Verificar possível inversão no mapeamento dos campos no backend ou front-end
* Analisar impacto nos cálculos de mudas/ha e relatórios associados
* Validar se o comportamento ocorre apenas neste talhão ou em outros casos
* Revisar configuração da atividade e parâmetros aplicados

*Critério de Encerramento:*

* Confirmação se houve inversão dos valores ou não
* Correção aplicada (caso confirmado erro)
* Evidência validada no sistema com dados consistentes
* Retorno ao solicitante com conclusão técnica

Se quiser, posso já deixar isso em formato mais direto pra colar no Jira (estilo chamado rápido) ou incluir dados do talhão (F95-0016 / Eucatex / KBS) como evidência.",,Adenilton Silva,,633212a0fedc6169aed6fd7c,,;24/mar/26 10:22 AM;633212a0fedc6169aed6fd7c;2040,,,,,,,,,,,,,3600,1560,2040,56%,3600,1560,2040,,,,,,,,,,,,,,,,,,,,,,,,,,,,,,,,com.atlassian.servicedesk.plugins.approvals.internal.customfield.ApprovalsCFValue@3f316fa7,,,,"Analisado e retornado ao coordenador conforme o solicitado, foram abertas algumas tabelase analisado que realmente está havendo uma inversão entre Realaplicado e média ponderado.",,,,,,,,,,,,,,,,,,,,,,,,,,,,,,,,Médio,,,,,,,,,,,,,,,,,,,,,,,,,24/mar/26 9:45 AM,24/mar/26 9:47 AM,24/mar/26 10:21 AM,24/mar/26 9:47 AM,,,,24/mar/26 9:45 AM,,,,,,,,,,,{},,,,,,,,,2.0,34.0,,,,,,,,,,,,,,,,,,,Sim ,,,,,,,,,,,,,,,,,,,,,,,,,,,,,,,,,,,,,,,,WhatsApp - PV,,,,,,,,,,,Suporte Técnico e Treinamento,,,,,,,,,,,,,,,,,,,,,,,,,,,,,,,,,,,,,,,,,,,,,,,,,,,,,,,,,,,,,,,,,,,,,,,,,,1|i040u2:,,,,,,,,,,,,,,,,,,,,,,,,,,,,,,,,,,,,,,,,,,,,,,,,,,,,,,,,,,,,,,,,,,,,,,,,,,,,,,,,,,,,,,,,,,,,,,,,,,,,,,,,,,,,,,,,,,,,,,6.500,,Talvez,,,,,,,,,,,,,,,,,,,,,14838_*:*_1_*:*_16492_*|*_14518_*:*_1_*:*_0,14838_*:*_1_*:*_16492_*|*_14518_*:*_1_*:*_0,,,,,,Itens concluídos,24/mar/26 10:21 AM
6.300 - Fluxo de trabalho inválido – Plantio mecanizado (Escavadeira hidráulica) ,UNF2026-165,181271,Tarefa,Concluído,UNF2026,2026 - UNIDADE ESTRATÉGICA ,software,Adenilton Silva,633212a0fedc6169aed6fd7c,,,Itens concluídos,Adenilton Silva,633212a0fedc6169aed6fd7c,Adenilton Silva,633212a0fedc6169aed6fd7c,Adenilton Silva,633212a0fedc6169aed6fd7c,23/mar/26 2:57 PM,26/mar/26 10:35 AM,,26/mar/26 10:34 AM,,0,"O técnico Marcelo Medina solicitou apoio devido à geração de fluxo de trabalho inválido na função de plantio mecanizado, especificamente envolvendo o veículo Escavadeira hidráulica.

*Contexto Técnico:*
Durante a execução do fluxo de trabalho relacionado ao plantio mecanizado, foi identificado comportamento inválido no processamento associado ao equipamento Escavadeira hidráulica. A inconsistência pode estar relacionada à configuração da atividade, vínculo de equipamento ou regras do workflow no sistema.

*Objetivo:*
Analisar e corrigir a causa da geração de fluxo de trabalho inválido na operação de plantio mecanizado, garantindo a execução correta do processo com o equipamento informado.

*Ações Técnicas:*

* Validar configuração da atividade “Plantio mecanizado”
* Verificar vínculo e cadastro do veículo Escavadeira hidráulica
* Analisar regras e parâmetros do workflow executado
* Revisar logs de execução para identificação de inconsistências
* Ajustar configuração ou lógica conforme necessário
* Realizar testes após correção

*Critério de Encerramento:*
Fluxo de trabalho executando corretamente sem geração de inconsistências para a atividade de plantio mecanizado com o veículo Escavadeira hidráulica, validado junto ao técnico solicitante.",,Adenilton Silva,,633212a0fedc6169aed6fd7c,,;23/mar/26 3:03 PM;633212a0fedc6169aed6fd7c;1320,,,,,,,,,,,,,,0,1320,,,0,1320,,,,,,,,,,,,,,,,,,,,,,,,,,,,,,,,com.atlassian.servicedesk.plugins.approvals.internal.customfield.ApprovalsCFValue@87050bd,,,,"Estava com uma ativida de parada inserida errada, em vez de plantio mecanizado, estava com Produção, e também não estava com o retorno automático ao fluxo de descolamento entre UP, foi ajustado, e retornado ao técnico solicitante.

Realizadom contato com o técnico [~accountid:712020:e15b2896-445b-477c-9eee-1230a94705b6], o mesmo nos deu um positivo, que está respondendo conforme o esperado.",,,,,,,,,,,,,,,,,,,,,,,,,,,,,,,,Médio,,,,,,,,,,,,,,,,,,,,,,,,23/mar/26 3:03 PM,23/mar/26 2:56 PM,23/mar/26 3:02 PM,26/mar/26 10:34 AM,23/mar/26 3:02 PM,,,,23/mar/26 2:56 PM,,,,,,,,,,,{},,,,,,,,4052.0,6.0,1.0,,,,,,,,,,,,,,,,,,,Sim ,,,,,,,,,,,,,,,,,,,,,,,,,,,,,,,,,,,,,,,,WhatsApp - PV,,,,,,,,,,,Suporte Técnico e Treinamento,,,,,,,,,,,,,,,,,,,,,,,,,,,,,,,,,,,,,,,,,,,,,,,,,,,,,,,,,,,,,,,,,,,,,,,,,,1|i040ru:,,,,,,,,,,,,,,,,,,,,,,,,,,,,,,,,,,,,,,,,,,,,,,,,,,,,,,,,,,,,,,,,,,,,,,,,,,,,,,,,,,,,,,,,,,,,,,,,,,,,,,,,,,,,,,,,,,,,,,6.400,,Talvez,,,,,,,,,,,,,,,,,,,,,14838_*:*_1_*:*_264848_*|*_14518_*:*_1_*:*_84597_*|*_14520_*:*_1_*:*_0,14838_*:*_1_*:*_264848_*|*_14518_*:*_1_*:*_84597_*|*_14520_*:*_1_*:*_0,,,,,,Itens concluídos,26/mar/26 10:34 AM
6.400 - Apoio ao Técnico Gieslei – Envio de BD e Orientação para CTI cliente Aperam ,UNF2026-164,181191,Tarefa,Concluído,UNF2026,2026 - UNIDADE ESTRATÉGICA ,software,Adenilton Silva,633212a0fedc6169aed6fd7c,,,Itens concluídos,Adenilton Silva,633212a0fedc6169aed6fd7c,Adenilton Silva,633212a0fedc6169aed6fd7c,Adenilton Silva,633212a0fedc6169aed6fd7c,23/mar/26 11:11 AM,23/mar/26 2:41 PM,,23/mar/26 2:41 PM,,0,"O técnico Gieslei solicitou apoio para realização de CTI para o cliente Aperam.

Contexto Técnico
Foi identificado que o procedimento necessário para execução da CTI é simples e faz parte do conhecimento esperado do técnico. Ainda assim, foi disponibilizado suporte através do envio de um novo banco de dados (BD), juntamente com o passo a passo detalhado para execução do processo.

Objetivo
Garantir que o técnico consiga realizar a CTI de forma autônoma, utilizando o novo BD enviado e seguindo o procedimento orientado.

Ações Técnicas

* Envio do novo (BD) ao técnico
* Elaboração e envio de passo a passo detalhado para execução da CTI
* Orientação sobre o procedimento padrão esperado para este tipo de atividade

Critério de Encerramento

* Confirmação de que o técnico conseguiu executar a CTI com sucesso
* Validação de que não há mais dúvidas sobre o procedimento
* Processo realizado de forma autônoma pelo técnico",,Adenilton Silva,,633212a0fedc6169aed6fd7c,,;23/mar/26 2:41 PM;633212a0fedc6169aed6fd7c;1980,,,,,,,,,,,,,1200,0,1980,165%,1200,0,1980,,,,,,,,,,,,,,,,,,,,,,,,,,,,,,,,com.atlassian.servicedesk.plugins.approvals.internal.customfield.ApprovalsCFValue@1b540843,,,,"Enviado o SQL, o técnico havia realizada a solicitação errada, porém nos informou que era no BD do SWS e não CR.

Mesmo assim haviamos também enviado a CTI e o passo a passo.",,,,,,,,,,,,,,,,,,,,,,,,,,,,,,,,Fácil,,,,,,,,,,,,,,,,,,,,,,,,,23/mar/26 11:09 AM,23/mar/26 11:11 AM,23/mar/26 2:41 PM,23/mar/26 11:11 AM,,,,23/mar/26 11:09 AM,,,,,,,,,,,{},,,,,,,,,2.0,210.0,,,,,,,,,,,,,,,,,,,Sim ,,,,,,,,,,,,,,,,,,,,,,,,,,,,,,,,,,,,,,,,WhatsApp - PV,,,,,,,,,,,Suporte Técnico e Treinamento,,,,,,,,,,,,,,,,,,,,,,,,,,,,,,,,,,,,,,,,,,,,,,,,,,,,,,,,,,,,,,,,,,,,,,,,,,1|i040r6:,,,,,,,,,,,,,,,,,,,,,,,,,,,,,,,,,,,,,,,,,,,,,,,,,,,,,,,,,,,,,,,,,,,,,,,,,,,,,,,,,,,,,,,,,,,,,,,,,,,,,,,,,,,,,,,,,,,,,,6.400,,Sim,,,,,,,,,,,,,,,,,,,,,14838_*:*_1_*:*_11508_*|*_14518_*:*_1_*:*_0,14838_*:*_1_*:*_11508_*|*_14518_*:*_1_*:*_0,,,,,,Itens concluídos,23/mar/26 2:41 PM
"Solicito apoio analitico,  em questão de dados sobre o bordo 26917 , não estou com acesso ao om das clientes  somente da cliente dexco . , arquivos não apresentam dados no sws nas com as referidas datas  peço apoio para essas analise",UNF2026-163,181147,Tarefa,Concluído,UNF2026,2026 - UNIDADE ESTRATÉGICA ,software,Adenilton Silva,633212a0fedc6169aed6fd7c,,,Itens concluídos,Adenilton Silva,633212a0fedc6169aed6fd7c,Lucas Petenuci,712020:8a2a2f7c-723a-43db-a06f-0cf0d1a65b4c,Lucas Petenuci,712020:8a2a2f7c-723a-43db-a06f-0cf0d1a65b4c,23/mar/26 10:32 AM,15/abr/26 7:53 AM,,15/abr/26 7:51 AM,,0,[~accountid:633212a0fedc6169aed6fd7c] ,,Lucas Petenuci,,712020:8a2a2f7c-723a-43db-a06f-0cf0d1a65b4c,,;15/abr/26 7:53 AM;633212a0fedc6169aed6fd7c;1800,,,,,,,,,,,,,,0,1800,,,0,1800,,23/mar/26 10:29 AM;ug:5ba49778-4ee9-4049-b7a1-8eaaad5f0615;WhatsApp Image 2026-03-23 at 10.00.31.jpeg;https://agguidance.atlassian.net/rest/api/3/attachment/content/169989,25/mar/26 10:06 AM;633212a0fedc6169aed6fd7c;image-20260325-130549.png;https://agguidance.atlassian.net/rest/api/3/attachment/content/170418,25/mar/26 10:06 AM;633212a0fedc6169aed6fd7c;image-20260325-130559.png;https://agguidance.atlassian.net/rest/api/3/attachment/content/170417,25/mar/26 10:10 AM;633212a0fedc6169aed6fd7c;image-20260325-130956.png;https://agguidance.atlassian.net/rest/api/3/attachment/content/170419,,,,,,,,,,,,,,,,,,,,,,,,,,,com.atlassian.servicedesk.plugins.approvals.internal.customfield.ApprovalsCFValue@33aba297,,,,"Analise para qual cliente?.

Display apresenta incoerência no cadastro:

Admin : Suzano São-Paulo.

SWS: Suzano Cerrado.



Necessário Padronização.

!image-20260325-130549.png|width=332,alt=""image-20260325-130549.png""!

!image-20260325-130559.png|width=332,alt=""image-20260325-130559.png""!

 Ultima data de transmissão 06/03/2026 - arquivo do dia 5.

!image-20260325-130956.png|width=332,alt=""image-20260325-130956.png""!

Equipe técnica realizouos devidos ajustes e finalizaram a demanda.",,,,,,,,,,,,,,,,,,,,,,,,,,,,,,,,Fácil,,,,,,,,,,,,,,,,,,,,,,,,25/mar/26 10:06 AM,23/mar/26 10:28 AM,14/abr/26 8:59 PM,15/abr/26 7:51 AM,25/mar/26 10:00 AM,,,,23/mar/26 10:28 AM,,,,,,,,,,,{},,,,,,,,29453.0,2852.0,652.0,,,,,,,,,,,,,,,,,,,Sim ,,,,,,,,,,,,,,,,,,,,,,,,,,,,,,,,,,,,,,,,Ligação,WhatsApp - PV,,,,,,,,,,Análise e Diagnóstico de Bugs Embarcados,,,,,,,,,,,,,,,,,,,,,,,,,,,,,,,,,,,,,,,,,,,,,,,,,,,,,,,,,,,,,,,,,,,,,,,,,,1|i040m2:,,,,,,,,,,,,,,,,,,,,,,,,,,,,,,,,,,,,,,,,,,,,,,,,,,,,,,,,,,,,,,,,,,,,,,,,,,,,,,,,,,,,,,,,,,,,,,,,,,,,,,,,,,,,,,,,,,,,,,6.500,,Sim,,,,,,,,,,,,,,,,,,,,,14838_*:*_1_*:*_170898374_*|*_14518_*:*_2_*:*_351770_*|*_14520_*:*_1_*:*_1767192663,14838_*:*_1_*:*_170898374_*|*_14518_*:*_2_*:*_351770_*|*_14520_*:*_1_*:*_1767192663,,,,,,Itens concluídos,15/abr/26 7:51 AM
6.500 - Solicitação Apoio Analise de Dados,UNF2026-160,180714,Tarefa,Concluído,UNF2026,2026 - UNIDADE ESTRATÉGICA ,software,Adenilton Silva,633212a0fedc6169aed6fd7c,,,Itens concluídos,Adenilton Silva,633212a0fedc6169aed6fd7c,Welinton Silva,712020:21e2d9c9-0f61-4500-b7e0-312746cc1897,Welinton Silva,712020:21e2d9c9-0f61-4500-b7e0-312746cc1897,19/mar/26 2:32 PM,20/mar/26 9:54 AM,,20/mar/26 9:54 AM,,0,"Solicito o apoio do analista Adenilton para a realização de uma análise de dados, com o objetivo de solucionar uma pendência identificada. A análise se faz necessária para verificar possíveis inconsistências, validar as informações disponíveis e identificar a causa raiz do problema, permitindo assim a devida tratativa e resolução da demanda.",,Welinton Silva,,712020:21e2d9c9-0f61-4500-b7e0-312746cc1897,,;19/mar/26 6:20 PM;633212a0fedc6169aed6fd7c;1620,,,,,,,,,,,,,,0,1620,,,0,1620,,19/mar/26 6:20 PM;633212a0fedc6169aed6fd7c;IV0024 (394b2b34-4fe1-4eae-b050-5b050e150870).xlsx;https://agguidance.atlassian.net/rest/api/3/attachment/content/169749,19/mar/26 6:20 PM;633212a0fedc6169aed6fd7c;IV0024.xlsx;https://agguidance.atlassian.net/rest/api/3/attachment/content/169748,,,,,,,,,,,,,,,,,,,,,,,,,,,,,com.atlassian.servicedesk.plugins.approvals.internal.customfield.ApprovalsCFValue@5f6f4abf,,,,"Ajustado para Suporte técnico.

Welinton por gentileza sempre nos enviar o máximo de informações possíveis. 

* Display 
* Datas de operação 
* Área/ display/dia.

Aguardamos às devidas informações 



Recebemos as devidas informações e levantamos os dados.
[^IV0024 (394b2b34-4fe1-4eae-b050-5b050e150870).xlsx] ",,,,,,,,,,,,,,,,,,,,,,,,,,,,,,,,Fácil,,,,,,,,,,,,,,,,,,,,,,,,19/mar/26 2:51 PM,19/mar/26 2:27 PM,19/mar/26 2:50 PM,20/mar/26 9:54 AM,19/mar/26 2:50 PM,,,,19/mar/26 2:27 PM,,,,,,,,,,,{},,,,,,,,1143.0,23.0,1.0,,,,,,,,,,,,,,,,,,,Sim ,,,,,,,,,,,,,,,,,,,,,,,,,,,,,,,,,,,,,,,,E-mail,WhatsApp - PV,,,,,,,,,,Suporte Técnico e Treinamento,,,,,,,,,,,,,,,,,,,,,,,,,,,,,,,,,,,,,,,,,,,,,,,,,,,,,,,,,,,,,,,,,,,,,,,,,,1|i03zo2:,,,,,,,,,,,,,,,,,,,,,,,,,,,,,,,,,,,,,,,,,,,,,,,,,,,,,,,,,,,,,,,,,,,,,,,,,,,,,,,,,,,,,,,,,,,,,,,,,,,,,,,,,,,,,,,,,,,,,,6.500,,Sim,,,,,,,,,,,,,,,,,,,,,14838_*:*_1_*:*_1131210_*|*_14518_*:*_1_*:*_10164_*|*_14520_*:*_1_*:*_0,14838_*:*_1_*:*_1131210_*|*_14518_*:*_1_*:*_10164_*|*_14520_*:*_1_*:*_0,,,,,,Itens concluídos,20/mar/26 9:54 AM
Inativar funções - EUCATEX,UNF2026-159,180679,Tarefa,Concluído,UNF2026,2026 - UNIDADE ESTRATÉGICA ,software,Adenilton Silva,633212a0fedc6169aed6fd7c,,,Itens concluídos,Adenilton Silva,633212a0fedc6169aed6fd7c,Roniel Dias,60dc6c037d016900702ba63d,Roniel Dias,60dc6c037d016900702ba63d,19/mar/26 1:07 PM,20/mar/26 3:59 PM,,20/mar/26 3:58 PM,,0,"Será necessário inativar todas as funções com inicial “Mon” para cliente EUCATEX, exceto;

* !image-20260319-160701.png|width=291,alt=""image-20260319-160701.png""!",,Roniel Dias,,60dc6c037d016900702ba63d,,;20/mar/26 3:59 PM;633212a0fedc6169aed6fd7c;1980,,,,,,,,,,,,,,0,1980,,,0,1980,,19/mar/26 1:07 PM;ug:2126caef-0ff0-4d14-9145-c218d77df147;image-20260319-160701.png;https://agguidance.atlassian.net/rest/api/3/attachment/content/169663,20/mar/26 3:57 PM;633212a0fedc6169aed6fd7c;image-20260320-185656.png;https://agguidance.atlassian.net/rest/api/3/attachment/content/169870,20/mar/26 3:57 PM;633212a0fedc6169aed6fd7c;image-20260320-185716.png;https://agguidance.atlassian.net/rest/api/3/attachment/content/169871,,,,,,,,,,,,,,,,,,,,,,,,,,,,com.atlassian.servicedesk.plugins.approvals.internal.customfield.ApprovalsCFValue@392ec2dc,,,,"Realizado conforme o solicitado: 

!image-20260320-185656.png|width=522,alt=""image-20260320-185656.png""!

!image-20260320-185716.png|width=522,alt=""image-20260320-185716.png""!",,,,,,,,,,,,,,,,,,,,,,,,,,,,,,,,Difícil,,,,,,,,,,,,,,,,,,,,,,,,,19/mar/26 1:01 PM,20/mar/26 3:56 PM,20/mar/26 3:58 PM,20/mar/26 3:56 PM,,,,19/mar/26 1:01 PM,,,,,,,,,,,{},,,,,,,,,1615.0,3.0,,,,,,,,,,,,,,,,,,,Sim ,,,,,,,,,,,,,,,,,,,,,,,,,,,,,,,,,,,,,,,,WhatsApp - PV,,,,,,,,,,,Cadastro e Gestão de Geometrias,,,,,,,,,,,,,,,,,,,,,,,,,,,,,,,,,,,,,,,,,,,,,,,,,,,,,,,,,,,,,,,,,,,,,,,,,,1|i03zne:,,,,,,,,,,,,,,,,,,,,,,,,,,,,,,,,,,,,,,,,,,,,,,,,,,,,,,,,,,,,,,,,,,,,,,,,,,,,,,,,,,,,,,,,,,,,,,,,,,,,,,,,,,,,,,,,,,,,,,6.500,,Talvez,,,,,,,,,,,,,,,,,,,,,14838_*:*_1_*:*_96559757_*|*_14518_*:*_1_*:*_0,14838_*:*_1_*:*_96559757_*|*_14518_*:*_1_*:*_0,,,,,,Itens concluídos,20/mar/26 3:58 PM
Associação de novo Motivo de Parada - EUCATEX,UNF2026-158,180678,Tarefa,Concluído,UNF2026,2026 - UNIDADE ESTRATÉGICA ,software,Adenilton Silva,633212a0fedc6169aed6fd7c,,,Itens concluídos,Adenilton Silva,633212a0fedc6169aed6fd7c,Roniel Dias,60dc6c037d016900702ba63d,Roniel Dias,60dc6c037d016900702ba63d,19/mar/26 12:59 PM,20/mar/26 4:02 PM,,20/mar/26 4:02 PM,,0,"Foi realizado cadastro de um novo motivo de parada, necessário associar a todas atividades da EUCATEX.

!image-20260319-155935.png|width=315,alt=""image-20260319-155935.png""!",,Roniel Dias,,60dc6c037d016900702ba63d,,,,,,,,,,,,,,,,,,,,,,,19/mar/26 12:59 PM;ug:2126caef-0ff0-4d14-9145-c218d77df147;image-20260319-155935.png;https://agguidance.atlassian.net/rest/api/3/attachment/content/169662,20/mar/26 4:02 PM;633212a0fedc6169aed6fd7c;image-20260320-190128.png;https://agguidance.atlassian.net/rest/api/3/attachment/content/169872,,,,,,,,,,,,,,,,,,,,,,,,,,,,,com.atlassian.servicedesk.plugins.approvals.internal.customfield.ApprovalsCFValue@3c70f4bd,,,,"Realizado conforme o solicitado: 

!image-20260320-190128.png|width=522,alt=""image-20260320-190128.png""!",,,,,,,,,,,,,,,,,,,,,,,,,,,,,,,,Difícil,,,,,,,,,,,,,,,,,,,,,,,,,19/mar/26 12:58 PM,20/mar/26 4:01 PM,20/mar/26 4:02 PM,20/mar/26 4:01 PM,,,,19/mar/26 12:58 PM,,,,,,,,,,,{},,,,,,,,,1623.0,1.0,,,,,,,,,,,,,,,,,,,Sim ,,,,,,,,,,,,,,,,,,,,,,,,,,,,,,,,,,,,,,,,WhatsApp - PV,,,,,,,,,,,Cadastro e Gestão de Geometrias,,,,,,,,,,,,,,,,,,,,,,,,,,,,,,,,,,,,,,,,,,,,,,,,,,,,,,,,,,,,,,,,,,,,,,,,,,1|i03zn6:,,,,,,,,,,,,,,,,,,,,,,,,,,,,,,,,,,,,,,,,,,,,,,,,,,,,,,,,,,,,,,,,,,,,,,,,,,,,,,,,,,,,,,,,,,,,,,,,,,,,,,,,,,,,,,,,,,,,,,6.500,,Talvez,,,,,,,,,,,,,,,,,,,,,14838_*:*_1_*:*_97277699_*|*_14518_*:*_1_*:*_0,14838_*:*_1_*:*_97277699_*|*_14518_*:*_1_*:*_0,,,,,,Itens concluídos,20/mar/26 4:02 PM
Associação de novas Funções - EUCATEX,UNF2026-157,180677,Tarefa,Concluído,UNF2026,2026 - UNIDADE ESTRATÉGICA ,software,Adenilton Silva,633212a0fedc6169aed6fd7c,,,Itens concluídos,Adenilton Silva,633212a0fedc6169aed6fd7c,Roniel Dias,60dc6c037d016900702ba63d,Roniel Dias,60dc6c037d016900702ba63d,19/mar/26 12:44 PM,20/mar/26 3:45 PM,,20/mar/26 3:45 PM,,0,"Foi realizado cadastro de novas funções para o cliente EUCATEX, necessário associação dessas novas funções a categoria de máquina, centro de custo, etc…",,Roniel Dias,,60dc6c037d016900702ba63d,,,,,,,,,,,,,,,,,,,,,,,,,,,,,,,,,,,,,,,,,,,,,,,,,,,,,com.atlassian.servicedesk.plugins.approvals.internal.customfield.ApprovalsCFValue@335f0abd,,,,Ajustado conforme o solicitado.,,,,,,,,,,,,,,,,,,,,,,,,,,,,,,,,Difícil,,,,,,,,,,,,,,,,,,,,,,,,,19/mar/26 12:42 PM,20/mar/26 2:42 PM,20/mar/26 3:45 PM,20/mar/26 2:42 PM,,,,19/mar/26 12:42 PM,,,,,,,,,,,{},,,,,,,,,1560.0,63.0,,,,,,,,,,,,,,,,,,,Sim ,,,,,,,,,,,,,,,,,,,,,,,,,,,,,,,,,,,,,,,,WhatsApp - PV,,,,,,,,,,,Cadastro e Gestão de Geometrias,,,,,,,,,,,,,,,,,,,,,,,,,,,,,,,,,,,,,,,,,,,,,,,,,,,,,,,,,,,,,,,,,,,,,,,,,,1|i03z86:,,,,,,,,,,,,,,,,,,,,,,,,,,,,,,,,,,,,,,,,,,,,,,,,,,,,,,,,,,,,,,,,,,,,,,,,,,,,,,,,,,,,,,,,,,,,,,,,,,,,,,,,,,,,,,,,,,,,,,6.500,,Talvez,,,,,,,,,,,,,,,,,,,,,14838_*:*_1_*:*_93498744_*|*_14518_*:*_1_*:*_0,14838_*:*_1_*:*_93498744_*|*_14518_*:*_1_*:*_0,,,,,,Itens concluídos,20/mar/26 3:45 PM
6.600 - Atualização de áreas dos talhões – Fazenda Gavião,UNF2026-156,180676,Tarefa,Concluído,UNF2026,2026 - UNIDADE ESTRATÉGICA ,software,Adenilton Silva,633212a0fedc6169aed6fd7c,,,Itens concluídos,Adenilton Silva,633212a0fedc6169aed6fd7c,Adenilton Silva,633212a0fedc6169aed6fd7c,Adenilton Silva,633212a0fedc6169aed6fd7c,19/mar/26 12:03 PM,06/mai/26 2:30 PM,06/mai/26 1:55 PM,06/mai/26 2:30 PM,,0,"O solicitante João Vitor encaminhou uma solicitação para atualização das áreas dos talhões da Fazenda Gavião, com base em shapefiles recentemente revisados.

*Contexto Técnico:*
Foram realizadas revisões nos shapefiles da Fazenda Gavião visando maior precisão no mapeamento e na gestão das informações de campo. É necessário que os sistemas da Hexagon reflitam essa versão atualizada das geometrias.
O arquivo com os dados atualizados foi enviado em anexo (F00364_gaviao.zip).

*Objetivo:*
Atualizar as áreas dos talhões da Fazenda Gavião conforme os shapefiles revisados, garantindo consistência e precisão na base.

*Ações Técnicas:*

* Analisar o shapefile enviado (F00364_gaviao.zip)
* Validar estrutura e integridade dos dados geoespaciais
* Comparar com a base atual existente
* Definir abordagem (atualização de base ou substituição)
* Realizar atualização das áreas dos talhões
* Validar consistência pós-processamento

*Critério de Encerramento:*

* Áreas dos talhões atualizadas conforme shapefile revisado
* Base validada sem inconsistências
* Confirmação do solicitante quanto à atualização realizada",,Adenilton Silva,,633212a0fedc6169aed6fd7c,,;31/mar/26 12:20 PM;633212a0fedc6169aed6fd7c;2040,,,,,,,,,,,,,3600,1560,2040,56%,3600,1560,2040,,,,,,,,,,,,,,,,,,,,,,,,,,,,,,,,com.atlassian.servicedesk.plugins.approvals.internal.customfield.ApprovalsCFValue@6de9cd10,,,,"Área poluída com áreas não produtivas.

Base mista parte cadastrada e parte não.

Aguardar retorno do cliente com base ok para cadastro.

O cliente nos retornou  oe-mail 31/03/2026 às 09:44.

Geometria já consta em cadastro.

Retornado o e-mail a unidade.



Sem retorno da unidade e do cliente, chamado  ",,,,,,,,,,,,,,,,,,,,,,,,,,,,,,,,Difícil,,,,,,,,,,,,,,,,,,,,,,25/mar/26 10:51 AM,,31/mar/26 12:39 PM,19/mar/26 12:02 PM,31/mar/26 12:20 PM,06/mai/26 2:30 PM,25/mar/26 10:17 AM,,,,19/mar/26 12:02 PM,,,,,,,,,,,{},,,,,,8729.0,,51951.0,8535.0,19.0,,,,,,,,,,,,,,,,,,,Sim ,,,,,,,,,,,,,,,,,,,,,,,,,,,,,,,,,,,,,,,,E-mail,,,,,,,,,,,Cadastro e Gestão de Geometrias,,,,,,,,,,,,,,,,,,,,,,,,,,,,,,,,,,,,,,,,,,,,,,,,,,,,,,,,,,,,,,,,,,,,,,,,,,1|i03zmq:,,,,,,,,,,,,,,,,,,,,,,,,,,,,,,,,,,,,,,,,,,,,,,,,,,,,,,,,,,,,,,,,,,,,,,,,,,,,,,,,,,,,,,,,,,,,,,,,,,,,,,,,,,,,,,,,,,,,,,6.600,,Não,,,,,,,,,,,,,,,,,,,,,14838_*:*_1_*:*_511978645_*|*_14518_*:*_2_*:*_3217260_*|*_14520_*:*_1_*:*_0_*|*_14521_*:*_1_*:*_523738270,14838_*:*_1_*:*_511978645_*|*_14518_*:*_2_*:*_3217260_*|*_14520_*:*_1_*:*_0_*|*_14521_*:*_1_*:*_523738270,,,,,,Itens concluídos,06/mai/26 2:30 PM
6.500 - Verificação de acesso JFI para envio de arquivos no SWS1 ,UNF2026-155,180675,Tarefa,Concluído,UNF2026,2026 - UNIDADE ESTRATÉGICA ,software,Adenilton Silva,633212a0fedc6169aed6fd7c,,,Itens concluídos,Adenilton Silva,633212a0fedc6169aed6fd7c,Adenilton Silva,633212a0fedc6169aed6fd7c,Adenilton Silva,633212a0fedc6169aed6fd7c,19/mar/26 12:00 PM,25/mar/26 2:46 PM,,25/mar/26 2:46 PM,,0,"Verificar o acesso JFI para envio de arquivos no SWS1, conforme comunicado enviado à Suzano informando o bloqueio do lançamento de dados via SWS.

Contexto Técnico:
No dia 03/02 foi enviado um comunicado para toda a Suzano informando a mudança no processo de envio de dados. A partir dessa alteração, o acesso ao lançamento de dados via SWS foi bloqueado para todos os usuários.
Diante disso, foi solicitado apoio para validar se o acesso JFI está devidamente configurado para permitir o envio de arquivos no SWS1.
Foi encaminhado também um vídeo explicativo com o fluxo de envio de dados via OM para apoio.

Objetivo:
Garantir que o acesso JFI esteja corretamente habilitado para envio de arquivos no SWS1, assegurando a continuidade operacional do processo de carga de dados.

Ações Técnicas:

* Validar configuração de acesso JFI para os usuários envolvidos
* Verificar permissões de envio de arquivos no SWS1
* Confirmar bloqueio do envio via SWS conforme comunicado
* Analisar funcionamento do fluxo alternativo via OM (com base no vídeo enviado)
* Realizar testes de envio de arquivos após validação de acesso

.",,Adenilton Silva,,633212a0fedc6169aed6fd7c,,,,,,,,,,,,,,,3600,3600,,0%,3600,3600,,,,,,,,,,,,,,,,,,,,,,,,,,,,,,,,,com.atlassian.servicedesk.plugins.approvals.internal.customfield.ApprovalsCFValue@25d43688,,,,"Analisado e identificado que estão todos se as devidas permissões de envio, retornado via e-mail.",,,,,,,,,,,,,,,,,,,,,,,,,,,,,,,,Difícil,,,,,,,,,,,,,,,,,,,,,,,,,19/mar/26 11:58 AM,25/mar/26 2:30 PM,25/mar/26 2:46 PM,25/mar/26 2:30 PM,,,,19/mar/26 11:58 AM,,,,,,,,,,,{},,,,,,,,,8792.0,16.0,,,,,,,,,,,,,,,,,,,Sim ,,,,,,,,,,,,,,,,,,,,,,,,,,,,,,,,,,,,,,,,E-mail,,,,,,,,,,,Suporte Técnico e Treinamento,,,,,,,,,,,,,,,,,,,,,,,,,,,,,,,,,,,,,,,,,,,,,,,,,,,,,,,,,,,,,,,,,,,,,,,,,,1|i03zmi:,,,,,,,,,,,,,,,,,,,,,,,,,,,,,,,,,,,,,,,,,,,,,,,,,,,,,,,,,,,,,,,,,,,,,,,,,,,,,,,,,,,,,,,,,,,,,,,,,,,,,,,,,,,,,,,,,,,,,,6.500,,Não,,,,,,,,,,,,,,,,,,,,,14838_*:*_1_*:*_527398874_*|*_14518_*:*_1_*:*_0,14838_*:*_1_*:*_527398874_*|*_14518_*:*_1_*:*_0,,,,,,Itens concluídos,25/mar/26 2:46 PM
6.500 - Cadastro de novas áreas – Propriedade Falsa (Navigator),UNF2026-154,180674,Tarefa,Concluído,UNF2026,2026 - UNIDADE ESTRATÉGICA ,software,Adenilton Silva,633212a0fedc6169aed6fd7c,,,Itens concluídos,Adenilton Silva,633212a0fedc6169aed6fd7c,Adenilton Silva,633212a0fedc6169aed6fd7c,Adenilton Silva,633212a0fedc6169aed6fd7c,19/mar/26 11:58 AM,25/mar/26 9:02 AM,,25/mar/26 9:02 AM,,0,"O solicitante Filipe Louro encaminhou a necessidade de cadastro de novas áreas na propriedade “Falsa”, informando que essas áreas fazem parte de talhões já existentes e solicitando validação da possibilidade de ajuste/inclusão.

*Contexto Técnico:*
Durante o acompanhamento das plantações na propriedade “Falsa”, foram identificadas novas áreas que devem ser incorporadas aos talhões já cadastrados (T001_EG e T002_EG). Foi questionado se é possível corrigir/acrescentar essas áreas diretamente nos talhões existentes.
Os arquivos com as áreas a serem adicionadas foram encaminhados em anexo.

*Objetivo:*
Avaliar e realizar o cadastro das novas áreas, garantindo sua correta associação aos talhões existentes na base.

*Ações Técnicas:*

* Analisar os arquivos anexos com as novas áreas
* Validar compatibilidade com os talhões existentes (T001_EG e T002_EG)
* Verificar melhor abordagem: atualização de base existente ou criação de nova base
* Realizar inclusão/ajuste das áreas nos talhões correspondentes
* Validar integridade geoespacial após atualização

*Critério de Encerramento:*

* Áreas cadastradas corretamente nos talhões existentes
* Base atualizada sem inconsistências
* Validação confirmada com o solicitante (Filipe Louro)",,Adenilton Silva,,633212a0fedc6169aed6fd7c,,;20/mar/26 9:44 AM;633212a0fedc6169aed6fd7c;1980,,,,,,,,,,,,,3600,1620,1980,55%,3600,1620,1980,,,,,,,,,,,,,,,,,,,,,,,,,,,,,,,,com.atlassian.servicedesk.plugins.approvals.internal.customfield.ApprovalsCFValue@6aa33122,,,,"

* O cliente enviou novos limites de área que deveriam ser incorporados aos talhões já existentes. [[RE: Nova á...or - Falsa | Outlook]|https://outlook.office365.com/owa/?ItemID=AAMkADNmYjliODY0LTA5ZjUtNDQzMC1hZTRkLWRkMzkwYmE1ZDU0YQBGAAAAAAA15eJ%2bpsOrTZX%2fs0SR2rwgBwCxubeHrBb6TrH5trr1i%2fWQAAAAAAEMAACxubeHrBb6TrH5trr1i%2fWQAAUeIRMkAAA%3d&exvsurl=1&viewmodel=ReadMessageItem]
* Os arquivos ZIP contendo as novas geometrias foram recebidos e utilizados para atualização cadastral. [[RE: Nova á...or - Falsa | Outlook]|https://outlook.office365.com/owa/?ItemID=AAMkADNmYjliODY0LTA5ZjUtNDQzMC1hZTRkLWRkMzkwYmE1ZDU0YQBGAAAAAAA15eJ%2bpsOrTZX%2fs0SR2rwgBwCxubeHrBb6TrH5trr1i%2fWQAAAAAAEMAACxubeHrBb6TrH5trr1i%2fWQAAUeIRMkAAA%3d&exvsurl=1&viewmodel=ReadMessageItem]
* O tratamento da base foi concluído  [[RE: Nova á...or - Falsa | Outlook]|https://outlook.office365.com/owa/?ItemID=AAMkADNmYjliODY0LTA5ZjUtNDQzMC1hZTRkLWRkMzkwYmE1ZDU0YQBGAAAAAAA15eJ%2bpsOrTZX%2fs0SR2rwgBwCxubeHrBb6TrH5trr1i%2fWQAAAAAAEMAACxubeHrBb6TrH5trr1i%2fWQAAUeIRMkAAA%3d&exvsurl=1&viewmodel=ReadMessageItem]
* A atualização será propagada automaticamente para o *Operation Manager (OM)* dentro de aproximadamente *6 horas* após o processamento no CR. [[RE: Nova á...or - Falsa | Outlook]|https://outlook.office365.com/owa/?ItemID=AAMkADNmYjliODY0LTA5ZjUtNDQzMC1hZTRkLWRkMzkwYmE1ZDU0YQBGAAAAAAA15eJ%2bpsOrTZX%2fs0SR2rwgBwCxubeHrBb6TrH5trr1i%2fWQAAAAAAEMAACxubeHrBb6TrH5trr1i%2fWQAAUeIRMkAAA%3d&exvsurl=1&viewmodel=ReadMessageItem]

*Status:*
✔ Cadastro finalizado e sincronização em andamento.

Aguardando atualização e melhorias internas por parte do PD.

25/03/2026 às 09:00 - Base atualizada conforme o padrão ",,,,,,,,,,,,,,,,,,,,,,,,,,,,,,,,Difícil,,,,,,,,,,,,,,,,,,,,,,,20/mar/26 9:44 AM,,19/mar/26 11:57 AM,20/mar/26 8:03 AM,25/mar/26 9:02 AM,20/mar/26 8:03 AM,,,,19/mar/26 11:57 AM,,,,,,,,,,,{},,,,,,,7158.0,,1206.0,101.0,,,,,,,,,,,,,,,,,,,Sim ,,,,,,,,,,,,,,,,,,,,,,,,,,,,,,,,,,,,,,,,E-mail,,,,,,,,,,,Cadastro e Gestão de Geometrias,,,,,,,,,,,,,,,,,,,,,,,,,,,,,,,,,,,,,,,,,,,,,,,,,,,,,,,,,,,,,,,,,,,,,,,,,,1|i03zma:,,,,,,,,,,,,,,,,,,,,,,,,,,,,,,,,,,,,,,,,,,,,,,,,,,,,,,,,,,,,,,,,,,,,,,,,,,,,,,,,,,,,,,,,,,,,,,,,,,,,,,,,,,,,,,,,,,,,,,6.500,,Não,,,,,,,,,,,,,,,,,,,,,14838_*:*_1_*:*_72316357_*|*_14518_*:*_1_*:*_6053850_*|*_14522_*:*_1_*:*_0,14838_*:*_1_*:*_72316357_*|*_14518_*:*_1_*:*_6053850_*|*_14522_*:*_1_*:*_0,,,,,,Itens concluídos,25/mar/26 9:02 AM
6.600 - Usuários não visualizam arquivos no OM – Suzano Maranhão ,UNF2026-153,180673,Tarefa,Concluído,UNF2026,2026 - UNIDADE ESTRATÉGICA ,software,Adenilton Silva,633212a0fedc6169aed6fd7c,,,Itens concluídos,Adenilton Silva,633212a0fedc6169aed6fd7c,Adenilton Silva,633212a0fedc6169aed6fd7c,Adenilton Silva,633212a0fedc6169aed6fd7c,19/mar/26 11:54 AM,19/mar/26 2:09 PM,,19/mar/26 2:09 PM,,0,"O técnico Jonas Alves Pereira reportou que dois usuários não conseguem visualizar os arquivos enviados no OM. Além disso, o produtor Suzano-Maranhão não aparece na barra de pesquisa para esses acessos.

*Contexto Técnico:*
Foi identificado que os usuários abaixo estão enfrentando problemas de acesso ao OM, especificamente na visualização de arquivos e na busca pelo produtor Suzano-Maranhão:

* [qualidade.bjesus@sollumflorestal.com.br|mailto:qualidade.bjesus@sollumflorestal.com.br]
* [ygorda@jsflorestal.com.br|mailto:ygorda@jsflorestal.com.br]

O comportamento indica possível falha de permissão, vínculo de produtor ou inconsistência no cadastro/associação dentro do sistema.

*Objetivo:*
Analisar e corrigir o acesso dos usuários ao OM, garantindo a visualização dos arquivos enviados e a correta exibição do produtor Suzano-Maranhão na busca.

*Ações Técnicas:*

* Verificar cadastro dos usuários no sistema
* Validar vínculos com produtor Suzano-Maranhão
* Conferir permissões de acesso ao OM
* Analisar disponibilidade dos arquivos enviados
* Validar indexação/busca do produtor no ambiente
* Realizar testes com os usuários afetados

*Critério de Encerramento:*

* Usuários conseguem visualizar os arquivos no OM
* Produtor Suzano-Maranhão aparece corretamente na busca
* Validação confirmada com os usuários solicitantes",,Adenilton Silva,,633212a0fedc6169aed6fd7c,,;19/mar/26 12:19 PM;633212a0fedc6169aed6fd7c;900,;19/mar/26 2:09 PM;633212a0fedc6169aed6fd7c;780,,,,,,,,,,,,3600,1920,1680,46%,3600,1920,1680,,,,,,,,,,,,,,,,,,,,,,,,,,,,,,,,com.atlassian.servicedesk.plugins.approvals.internal.customfield.ApprovalsCFValue@51cdf2ba,,,,"Analisado e os usuários estão ativos e cada qual respectivamente associado ao seu provedor, foi realizado contato com o Guilherme Correa para uma averiguação interna direto no Banco.



Guilher Correa ajustou internamente.",,,,,,,,,,,,,,,,,,,,,,,,,,,,,,,,Difícil,,,,,,,,,,,,,,,,,,,,,,,19/mar/26 12:19 PM,,19/mar/26 11:53 AM,19/mar/26 12:05 PM,19/mar/26 2:09 PM,19/mar/26 12:05 PM,,,,19/mar/26 11:53 AM,,,,,,,,,,,{},,,,,,,110.0,,12.0,14.0,,,,,,,,,,,,,,,,,,,Sim ,,,,,,,,,,,,,,,,,,,,,,,,,,,,,,,,,,,,,,,,E-mail,,,,,,,,,,,Suporte Técnico e Treinamento,,,,,,,,,,,,,,,,,,,,,,,,,,,,,,,,,,,,,,,,,,,,,,,,,,,,,,,,,,,,,,,,,,,,,,,,,,1|i03zm2:,,,,,,,,,,,,,,,,,,,,,,,,,,,,,,,,,,,,,,,,,,,,,,,,,,,,,,,,,,,,,,,,,,,,,,,,,,,,,,,,,,,,,,,,,,,,,,,,,,,,,,,,,,,,,,,,,,,,,,6.600,,Sim,,,,,,,,,,,,,,,,,,,,,14838_*:*_1_*:*_655358_*|*_14518_*:*_1_*:*_793246_*|*_14522_*:*_1_*:*_0,14838_*:*_1_*:*_655358_*|*_14518_*:*_1_*:*_793246_*|*_14522_*:*_1_*:*_0,,,,,,Itens concluídos,19/mar/26 2:09 PM
6.800 - Apoio na interpretação do PPL – Pulverização ,UNF2026-152,180666,Tarefa,Concluído,UNF2026,2026 - UNIDADE ESTRATÉGICA ,software,Adenilton Silva,633212a0fedc6169aed6fd7c,,,Itens concluídos,Adenilton Silva,633212a0fedc6169aed6fd7c,Adenilton Silva,633212a0fedc6169aed6fd7c,Adenilton Silva,633212a0fedc6169aed6fd7c,19/mar/26 11:29 AM,19/mar/26 11:49 AM,,19/mar/26 11:49 AM,,0,"Ana Senger solicitou apoio para interpretação do PPL presente na tabela de pulverização, visando melhor entendimento dos dados e correta aplicação no processo operacional.

*Contexto Técnico:*
Durante a análise da tabela de pulverização, foram identificadas dúvidas relacionadas ao campo PPL, incluindo seu significado, cálculo e aplicação prática dentro do fluxo operacional. A correta interpretação é essencial para garantir a consistência das análises e tomadas de decisão.",,Adenilton Silva,,633212a0fedc6169aed6fd7c,,;19/mar/26 11:49 AM;633212a0fedc6169aed6fd7c;1800,,,,,,,,,,,,,3600,1800,1800,50%,3600,1800,1800,,,,,,,,,,,,,,,,,,,,,,,,,,,,,,,,com.atlassian.servicedesk.plugins.approvals.internal.customfield.ApprovalsCFValue@1a0c09a4,,,,Encontrado o valor e o envento e retornado a Ana Senger.,,,,,,,,,,,,,,,,,,,,,,,,,,,,,,,,Difícil,,,,,,,,,,,,,,,,,,,,,,,,,19/mar/26 11:24 AM,19/mar/26 11:29 AM,19/mar/26 11:49 AM,19/mar/26 11:29 AM,,,,19/mar/26 11:24 AM,,,,,,,,,,,{},,,,,,,,,5.0,20.0,,,,,,,,,,,,,,,,,,,Sim ,,,,,,,,,,,,,,,,,,,,,,,,,,,,,,,,,,,,,,,,Teams,,,,,,,,,,,Suporte Técnico e Treinamento,,,,,,,,,,,,,,,,,,,,,,,,,,,,,,,,,,,,,,,,,,,,,,,,,,,,,,,,,,,,,,,,,,,,,,,,,,1|i03zky:,,,,,,,,,,,,,,,,,,,,,,,,,,,,,,,,,,,,,,,,,,,,,,,,,,,,,,,,,,,,,,,,,,,,,,,,,,,,,,,,,,,,,,,,,,,,,,,,,,,,,,,,,,,,,,,,,,,,,,6.800,,Não,,,,,,,,,,,,,,,,,,,,,14838_*:*_1_*:*_21468_*|*_14518_*:*_1_*:*_0,14838_*:*_1_*:*_21468_*|*_14518_*:*_1_*:*_0,,,,,,Itens concluídos,19/mar/26 11:49 AM
6.600 - Análise de arquivos não processados no SWS – Unidade 6.600 Maranhão ,UNF2026-151,180609,Tarefa,Dev.PD,UNF2026,2026 - UNIDADE ESTRATÉGICA ,software,Adenilton Silva,633212a0fedc6169aed6fd7c,,,,Adenilton Silva,633212a0fedc6169aed6fd7c,Adenilton Silva,633212a0fedc6169aed6fd7c,Adenilton Silva,633212a0fedc6169aed6fd7c,19/mar/26 8:30 AM,11/mai/26 10:00 AM,11/mai/26 9:59 AM,,,0,"O técnico Antonio Jardel solicitou apoio para análise de dados relacionados a arquivos enviados pela Sollum que não foram processados corretamente no SWS.

*Contexto Técnico:*
Conforme informado via grupo de WhatsApp da Unidade 6.600 Maranhão, os arquivos enviados no dia anterior pela Sollum não foram refletidos no SWS. Foi realizado reprocessamento dos arquivos na data atual, porém sem sucesso. Em contrapartida, arquivos enviados no mesmo dia (posteriormente) foram processados normalmente, indicando possível inconsistência pontual nos arquivos anteriores ou no fluxo de processamento.

*Objetivo:*
Identificar a causa do não processamento dos arquivos enviados anteriormente pela Sollum e garantir que os dados sejam corretamente integrados ao SWS.

*Ações Técnicas:*

* Validar os arquivos enviados anteriormente (estrutura, integridade e padrão)
* Comparar com os arquivos que foram processados com sucesso no mesmo dia
* Verificar logs de processamento no SWS e possíveis falhas
* Avaliar necessidade de novo reprocessamento ou ajuste nos arquivos
* Validar possível inconsistência no pipeline de ingestão de dados

*Critério de Encerramento:*

* Identificação da causa raiz do problema
* Arquivos reprocessados com sucesso ou correção aplicada
* Validação dos dados disponíveis corretamente no SWS
* Retorno ao solicitante com evidências da análise realizada",,Adenilton Silva,,633212a0fedc6169aed6fd7c,,,,,,,,,,,,,,,3600,3600,,0%,3600,3600,,,,,,,,,,,,,,,,,,,,,,,,,,,,,,,,,com.atlassian.servicedesk.plugins.approvals.internal.customfield.ApprovalsCFValue@7f4f4285,,,,"Realizadas as devidas analises: 
OM - 23075_20260318 - operando fora da Área - SWS - OK.
OM - 23141_20260316 - operando fora da Área - SWS - OK

OM - 23075_20260314 - operando fora da Área - SWS - NC.
OM - 23096_20260314 - operando fora da Área - SWS - NC.
OM - 21585_20260314 - operando fora da Área - SWS - NC.
OM - 21585_20260316 - operando fora da Área - SWS - NC.
OM - 23079_20260316 - operando fora da Área - SWS - NC.
OM - 23087_20260316 - operando fora da Área - SWS - NC.
OM - 23079_20260314 - operando fora da Área - SWS - NC.
OM - 23099_20260314 - operando fora da Área - SWS - NC.



Aberto um GDC para ánalise.

[+GDC-17092+|https://agguidance.atlassian.net/servicedesk/customer/portal/3/GDC-17092]",,,,,,,,,,,,,,,,,,,,,,,,,,,,,,,,Difícil,,,,,,,,,,,,,,,,,,,,,,,19/mar/26 2:20 PM,,19/mar/26 8:29 AM,19/mar/26 8:31 AM,,19/mar/26 8:31 AM,,,,19/mar/26 8:29 AM,,,,,,,,,,,{},,,,,,,,,2.0,349.0,,,,,,,,,,,,,,,,,,,Sim ,,,,,,,,,,,,,,,,,,,,,,,,,,,,,,,,,,,,,,,,WhatsApp - Grupo,,,,,,,,,,,Gestão de Dados e Integração,,,,,,,,,,,,,,,,,,,,,,,,,,,,,,,,,,,,,,,,,,,,,,,,,,,,,,,,,,,,,,,,,,,,,,,,,,1|i03zi2:,,,,,,,,,,,,,,,,,,,,,,,,,,,,,,,,,,,,,,,,,,,,,,,,,,,,,,,,,,,,,,,,,,,,,,,,,,,,,,,,,,,,,,,,,,,,,,,,,,,,,,,,,,,,,,,,,,,,,,6.600,,Não,,,,,,,,,,,,,,,,,,,,,,,,,,,,Em andamento,19/mar/26 8:30 AM
6.400 - Análise de acesso ao Chat – Cliente Gerdau (Unidade MG) ,UNF2026-150,180349,Tarefa,Concluído,UNF2026,2026 - UNIDADE ESTRATÉGICA ,software,Adenilton Silva,633212a0fedc6169aed6fd7c,,,Itens concluídos,Adenilton Silva,633212a0fedc6169aed6fd7c,Adenilton Silva,633212a0fedc6169aed6fd7c,Adenilton Silva,633212a0fedc6169aed6fd7c,18/mar/26 11:06 AM,18/mar/26 11:10 AM,11/mai/26 9:10 AM,18/mar/26 11:09 AM,,0,"O coordenador Flavio Silva, da unidade de MG, solicitou a análise do motivo pelo qual não está conseguindo realizar acesso ao Chat do cliente Gerdau.

*Contexto Técnico:*
Foi reportado que o acesso ao Chat do cliente Gerdau não está sendo permitido para o usuário, sem detalhes claros do erro apresentado. A falha pode estar relacionada a permissões de acesso, configuração de usuário, vínculo com provider/produtor ou instabilidade do sistema.

*Objetivo:*
Identificar a causa raiz do problema de acesso ao Chat do cliente Gerdau e restabelecer o funcionamento normal para o usuário da unidade de MG.

*Ações Técnicas:*

* Validar permissões de acesso do usuário no sistema
* Verificar associação de roles, providers e producers
* Analisar logs de acesso e possíveis erros no momento da tentativa
* Conferir status do serviço de Chat (disponibilidade/instabilidade)
* Testar acesso com usuário similar para comparação
* Caso necessário, realizar ajuste de permissões ou reprocessamento de vínculos

*Critério de Encerramento:*

* Usuário com acesso ao Chat restabelecido
* Validação confirmada pelo solicitante (Flavio Silva)
* Evidências anexadas (prints/logs) demonstrando o funcionamento normal
* Registro da causa raiz documentado no ticket",,Adenilton Silva,,633212a0fedc6169aed6fd7c,,;18/mar/26 11:10 AM;633212a0fedc6169aed6fd7c;480,,,,,,,,,,,,,3600,3120,480,13%,3600,3120,480,,18/mar/26 11:09 AM;633212a0fedc6169aed6fd7c;image-20260318-140927.png;https://agguidance.atlassian.net/rest/api/3/attachment/content/169305,,,,,,,,,,,,,,,,,,,,,,,,,,,,,,com.atlassian.servicedesk.plugins.approvals.internal.customfield.ApprovalsCFValue@252540b3,,,,"Foi analisado e identificado que a pemissão de CHAT estava desmarcada.

!image-20260318-140927.png|width=332,alt=""image-20260318-140927.png""!

Ajustada conforme o padrão.",,,,,,,,,,,,,,,,,,,,,,,,,,,,,,,,Médio,,,,,,,,,,,,,,,,,,,,,,,,,18/mar/26 11:05 AM,18/mar/26 11:06 AM,18/mar/26 11:09 AM,18/mar/26 11:06 AM,,,,18/mar/26 11:05 AM,,,,,,,,,,,{},,,,,,,,,1.0,3.0,,,,,,,,,,,,,,,,,,,Sim ,,,,,,,,,,,,,,,,,,,,,,,,,,,,,,,,,,,,,,,,WhatsApp - PV,,,,,,,,,,,Suporte Técnico e Treinamento,,,,,,,,,,,,,,,,,,,,,,,,,,,,,,,,,,,,,,,,,,,,,,,,,,,,,,,,,,,,,,,,,,,,,,,,,,1|i03zbe:,,,,,,,,,,,,,,,,,,,,,,,,,,,,,,,,,,,,,,,,,,,,,,,,,,,,,,,,,,,,,,,,,,,,,,,,,,,,,,,,,,,,,,,,,,,,,,,,,,,,,,,,,,,,,,,,,,,,,,6.400,,Talvez,,,,,,,,,,,,,,,,,,,,,14838_*:*_1_*:*_13642_*|*_14518_*:*_1_*:*_0,14838_*:*_1_*:*_13642_*|*_14518_*:*_1_*:*_0,,,,,,Itens concluídos,18/mar/26 11:09 AM
6.400 - Extração de Base Atom e SWS2 para Comparação – Unidade MG  ,UNF2026-149,180300,Tarefa,Concluído,UNF2026,2026 - UNIDADE ESTRATÉGICA ,software,Adenilton Silva,633212a0fedc6169aed6fd7c,,,Itens concluídos,Adenilton Silva,633212a0fedc6169aed6fd7c,Adenilton Silva,633212a0fedc6169aed6fd7c,Adenilton Silva,633212a0fedc6169aed6fd7c,18/mar/26 9:00 AM,18/mar/26 4:05 PM,11/mai/26 9:10 AM,18/mar/26 3:15 PM,,0,"O coordenador Flavio Silva, da unidade de MG, solicitou o envio de uma planilha contendo dados do banco Atom e SWS2, com o objetivo de realizar a comparação dos arquivos enviados aos clientes.

*Contexto Técnico:*
A demanda visa apoiar a validação e consistência das informações entre os sistemas Atom e SWS2, garantindo que os dados disponibilizados aos clientes estejam alinhados e sem divergências. A extração deverá considerar os principais campos utilizados nas integrações e entregas operacionais.

*Objetivo:*
Disponibilizar uma planilha consolidada com os dados extraídos dos bancos Atom e SWS2, permitindo a comparação estruturada entre os arquivos utilizados no envio aos clientes.

*Ações Técnicas:*

* Identificar as tabelas e campos relevantes nos bancos Atom e SWS2
* Realizar a extração dos dados necessários
* Padronizar os dados para comparação (estrutura, encoding, campos)
* Consolidar as informações em planilha (Excel/CSV)
* Validar integridade e consistência dos dados extraídos
* Disponibilizar a planilha para o coordenador Flavio Silva

*Critério de Encerramento:*

* Planilha gerada e validada com dados do Atom e SWS2
* Comparação possível entre os arquivos garantida
* Arquivo disponibilizado para o solicitante
* Confirmação de recebimento pelo coordenador Flavio Silva",,Adenilton Silva,,633212a0fedc6169aed6fd7c,,;18/mar/26 3:15 PM;633212a0fedc6169aed6fd7c;3420,,,,,,,,,,,,,3600,180,3420,95%,3600,180,3420,,18/mar/26 3:17 PM;633212a0fedc6169aed6fd7c;Cenibra_SWS.xlsx;https://agguidance.atlassian.net/rest/api/3/attachment/content/169361,18/mar/26 3:17 PM;633212a0fedc6169aed6fd7c;ti_files_cenibra_2026.xlsx;https://agguidance.atlassian.net/rest/api/3/attachment/content/169362,,,,,,,,,,,,,,,,,,,,,,,,,,,,,com.atlassian.servicedesk.plugins.approvals.internal.customfield.ApprovalsCFValue@6325540b,,,,"Extraímos a tabela do SWS 2 e enbiamos para a unidade.

A tabela do OM, vamos precisar do apoio do PD para entendimento.

Será realizada uma call no período da tarde.



Tabela enviada pelo Samuel, porém veio em pontos gerados, compilamos em Horas ( cada ponto com intervalo de 1 segundo), e enviamos ao coordenador [~accountid:5ffeffbb64208901414c5074], porém deixamos o mesmo ciente que não são arquivos que se consolidaram a um relatório, são arquivos brutos que chegaram na plataforma.[^ti_files_cenibra_2026.xlsx] [^Cenibra_SWS.xlsx] ",,,,,,,,,,,,,,,,,,,,,,,,,,,,,,,,Difícil,,,,,,,,,,,,,,,,,,,,,,,18/mar/26 10:49 AM,,18/mar/26 8:59 AM,18/mar/26 4:05 PM,18/mar/26 3:15 PM,18/mar/26 4:05 PM,,,,18/mar/26 8:59 AM,,,,,,,,,,,{},,,,,,,266.0,,426.0,0.0,,,,,,,,,,,,,,,,,,,Sim ,,,,,,,,,,,,,,,,,,,,,,,,,,,,,,,,,,,,,,,,WhatsApp - PV,,,,,,,,,,,Gestão de Dados e Integração,,,,,,,,,,,,,,,,,,,,,,,,,,,,,,,,,,,,,,,,,,,,,,,,,,,,,,,,,,,,,,,,,,,,,,,,,,1|i03z8a:,,,,,,,,,,,,,,,,,,,,,,,,,,,,,,,,,,,,,,,,,,,,,,,,,,,,,,,,,,,,,,,,,,,,,,,,,,,,,,,,,,,,,,,,,,,,,,,,,,,,,,,,,,,,,,,,,,,,,,6.400,,Não,,,,,,,,,,,,,,,,,,,,,14838_*:*_1_*:*_14317_*|*_14518_*:*_1_*:*_6532616_*|*_14522_*:*_1_*:*_0,14838_*:*_1_*:*_14317_*|*_14518_*:*_1_*:*_6532616_*|*_14522_*:*_1_*:*_0,,,,,,Itens concluídos,18/mar/26 3:15 PM
6.800 - Cadastro da Nova Base – Suzano BR ,UNF2026-148,180299,Tarefa,Concluído,UNF2026,2026 - UNIDADE ESTRATÉGICA ,software,Adenilton Silva,633212a0fedc6169aed6fd7c,,,Itens concluídos,Adenilton Silva,633212a0fedc6169aed6fd7c,Adenilton Silva,633212a0fedc6169aed6fd7c,Adenilton Silva,633212a0fedc6169aed6fd7c,18/mar/26 8:36 AM,25/mar/26 2:29 PM,,25/mar/26 2:29 PM,,0,"Realizar o cadastro da nova base geográfica do cliente Suzano – BR no sistema, conforme arquivos e estrutura fornecida.

*Contexto Técnico:*
O cliente Suzano – BR disponibilizou uma nova base de dados (SHP/CTI), que necessita ser cadastrada no ambiente para substituição ou complementação da base anterior. A atualização é necessária para garantir consistência operacional e correta visualização das áreas no sistema.

*Objetivo:*
Garantir que a nova base do cliente Suzano – BR esteja devidamente cadastrada e funcional no sistema, permitindo sua utilização nas operações e análises.

*Ações Técnicas:*

* Validar os arquivos recebidos (SHP/SHX/DBF), verificando integridade e projeção
* Realizar o cadastro da nova base no ambiente
* Associar corretamente  estruturas necessárias
* Validar carregamento e visualização das geometrias no sistema
* Executar testes para garantir funcionamento adequado

*Critério de Encerramento:*

* Nova base cadastrada com sucesso no sistema
* Geometrias carregadas e visualizadas corretamente
* Associações  validadas
* Testes realizados sem inconsistências
* Validação final concluída conforme o padrão",,Adenilton Silva,,633212a0fedc6169aed6fd7c,,,,,,,,,,,,,,,10800,10800,,0%,10800,10800,,,,,,,,,,,,,,,,,,,,,,,,,,,,,,,,,com.atlassian.servicedesk.plugins.approvals.internal.customfield.ApprovalsCFValue@14eb177e,,,,"Foi realizado todo o tratamento, teve uma espera devido a nova ferramenta de tratamento de Geometria ebtre CR x OM.

Todas as bases foram inseridas.",,,,,,,,,,,,,,,,,,,,,,,,,,,,,,,,Difícil,,,,,,,,,,,,,,,,,,,,,,,,,18/mar/26 8:33 AM,18/mar/26 4:02 PM,25/mar/26 2:29 PM,18/mar/26 4:02 PM,,,,18/mar/26 8:33 AM,,,,,,,,,,,{},,,,,,,,,449.0,9987.0,,,,,,,,,,,,,,,,,,,Sim ,,,,,,,,,,,,,,,,,,,,,,,,,,,,,,,,,,,,,,,,E-mail,,,,,,,,,,,Cadastro e Gestão de Geometrias,,,,,,,,,,,,,,,,,,,,,,,,,,,,,,,,,,,,,,,,,,,,,,,,,,,,,,,,,,,,,,,,,,,,,,,,,,1|i03z82:,,,,,,,,,,,,,,,,,,,,,,,,,,,,,,,,,,,,,,,,,,,,,,,,,,,,,,,,,,,,,,,,,,,,,,,,,,,,,,,,,,,,,,,,,,,,,,,,,,,,,,,,,,,,,,,,,,,,,,6.800,,Não,,,,,,,,,,,,,,,,,,,,,14838_*:*_1_*:*_104865_*|*_14518_*:*_1_*:*_0,14838_*:*_1_*:*_104865_*|*_14518_*:*_1_*:*_0,,,,,,Itens concluídos,25/mar/26 2:29 PM
6.700 - Recebimento de base geométrica completa – atualização Março,UNF2026-147,180143,Tarefa,Concluído,UNF2026,2026 - UNIDADE ESTRATÉGICA ,software,Adenilton Silva,633212a0fedc6169aed6fd7c,,,Itens concluídos,Adenilton Silva,633212a0fedc6169aed6fd7c,Adenilton Silva,633212a0fedc6169aed6fd7c,Adenilton Silva,633212a0fedc6169aed6fd7c,17/mar/26 11:45 AM,17/mar/26 4:36 PM,,17/mar/26 4:36 PM,,0,"Recebimento da base completa atualizada do cliente, incluindo áreas próprias, parceria direta e arrendamento, referente ao mês de março.

*Contexto Técnico:*
Foi disponibilizada pela cliente Renata Rodrigues a base completa atualizada, acompanhada dos arquivos anexos:

* Dados_Marco_2026.xlsx
* Base_WGS_Marco_SW.zip

A base contempla todas as categorias operacionais (áreas próprias, parceria direta e arrendamento), sendo necessária para continuidade dos processos de análise, validação e possíveis atualizações cadastrais no sistema.

*Objetivo:*
Validar, analisar e preparar a base recebida para utilização nos processos internos, garantindo consistência e aderência aos padrões do sistema.

*Ações Técnicas:*

* Realizar validação estrutural dos arquivos recebidos (Excel e shapefile)
* Verificar sistema de coordenadas (WGS) e integridade dos dados geográficos
* Conferir consistência dos atributos e possíveis duplicidades
* Avaliar compatibilidade com a base atual existente no sistema
* Preparar base para eventual carga ou atualização cadastral

*Critério de Encerramento:*

* Arquivos validados sem inconsistências críticas
* Base pronta para uso ou com ajustes devidamente identificados
* Registro da análise documentado no ticket",,Adenilton Silva,,633212a0fedc6169aed6fd7c,,;17/mar/26 4:36 PM;633212a0fedc6169aed6fd7c;7380,,,,,,,,,,,,,9600,2220,7380,76%,9600,2220,7380,,,,,,,,,,,,,,,,,,,,,,,,,,,,,,,,com.atlassian.servicedesk.plugins.approvals.internal.customfield.ApprovalsCFValue@5d2785dd,,,,Base atualizada e retornado ao cliente via e-mail.,,,,,,,,,,,,,,,,,,,,,,,,,,,,,,,,Difícil,,,,,,,,,,,,,,,,,,,,,,,,,17/mar/26 11:44 AM,17/mar/26 11:45 AM,17/mar/26 4:36 PM,17/mar/26 11:45 AM,,,,17/mar/26 11:44 AM,,,,,,,,,,,{},,,,,,,,,1.0,291.0,,,,,,,,,,,,,,,,,,,Sim ,,,,,,,,,,,,,,,,,,,,,,,,,,,,,,,,,,,,,,,,E-mail,,,,,,,,,,,Gestão de Dados e Integração,,,,,,,,,,,,,,,,,,,,,,,,,,,,,,,,,,,,,,,,,,,,,,,,,,,,,,,,,,,,,,,,,,,,,,,,,,1|i03z4a:,,,,,,,,,,,,,,,,,,,,,,,,,,,,,,,,,,,,,,,,,,,,,,,,,,,,,,,,,,,,,,,,,,,,,,,,,,,,,,,,,,,,,,,,,,,,,,,,,,,,,,,,,,,,,,,,,,,,,,6.700,,Não,,,,,,,,,,,,,,,,,,,,,14838_*:*_1_*:*_13508_*|*_14518_*:*_1_*:*_0,14838_*:*_1_*:*_13508_*|*_14518_*:*_1_*:*_0,,,,,,Itens concluídos,17/mar/26 4:36 PM
6.200 - Erro genérico na CTI após atualização de providers_list – Suzano BA ,UNF2026-146,180089,Tarefa,Concluído,UNF2026,2026 - UNIDADE ESTRATÉGICA ,software,Adenilton Silva,633212a0fedc6169aed6fd7c,,,Itens concluídos,Adenilton Silva,633212a0fedc6169aed6fd7c,Adenilton Silva,633212a0fedc6169aed6fd7c,Adenilton Silva,633212a0fedc6169aed6fd7c,17/mar/26 7:45 AM,17/mar/26 9:30 AM,,17/mar/26 9:30 AM,,0,"O técnico Danilo Narcios reportou que a CTI do cliente Suzano-Bahia está apresentando erro genérico durante a execução.

Contexto Técnico
O problema passou a ocorrer após a atualização do providers_list no ambiente do cliente Suzano-Bahia. A falha não apresenta detalhamento específico, sendo exibida apenas como erro genérico na CTI, o que impede a identificação direta da causa raiz.

Objetivo
Analisar e identificar a causa do erro genérico na CTI, validando possível relação com a atualização recente do providers_list.

Ações Técnicas
Verificar logs de execução da CTI no ambiente do cliente
Validar integridade e estrutura do providers_list atualizado
Conferir associações entre producers e providers após a atualização
Testar reprocessamento da CTI em ambiente controlado, se aplicável
Comparar comportamento com execução anterior à atualização

Critério de Encerramento
CTI executando sem erro no cliente Suzano-Bahia
Validação de consistência dos dados relacionados ao providers_list
Confirmação com o solicitante de que o problema foi resolvido",,Adenilton Silva,,633212a0fedc6169aed6fd7c,,;17/mar/26 9:30 AM;633212a0fedc6169aed6fd7c;7440,,,,,,,,,,,,,7200,0,7440,103%,7200,0,7440,,,,,,,,,,,,,,,,,,,,,,,,,,,,,,,,com.atlassian.servicedesk.plugins.approvals.internal.customfield.ApprovalsCFValue@308b824d,,,,"* Revisão e ajuste estrutural do arquivo providers_list
* Validação do arquivo por meio de script em Python, contemplando:
** verificação e análise de encoding (cp1252 vs UTF-8)
** validação do delimitador (,)
** conferência do cabeçalho (nome e ordem das colunas)
** validação da quantidade de colunas por linha (integridade estrutural)
** análise de caracteres inválidos ou suspeitos
** verificação de inconsistências em aspas
* Comparação com arquivo de referência (50185.csv), garantindo compatibilidade estrutural
* Ajuste do arquivo para padrão compatível com o sistema
* Apoio do Christian durante a análise técnica e validação das correções
* Geração de nova CTI após os ajustes realizados

Critério de Encerramento

* Arquivo providers_list ajustado e validado conforme padrão esperado
* Validações estruturais concluídas com sucesso
* Nova CTI gerada e processada corretamente, sem ocorrência de erros
* Cenário homologado com apoio técnico do Christian",,,,,,,,,,,,,,,,,,,,,,,,,,,,,,,,Difícil,,,,,,,,,,,,,,,,,,,,,,,,,17/mar/26 7:44 AM,17/mar/26 7:46 AM,17/mar/26 9:30 AM,17/mar/26 7:46 AM,,,,17/mar/26 7:44 AM,,,,,,,,,,,{},,,,,,,,,2.0,104.0,,,,,,,,,,,,,,,,,,,Sim ,,,,,,,,,,,,,,,,,,,,,,,,,,,,,,,,,,,,,,,,WhatsApp - PV,,,,,,,,,,,Gestão de Dados e Integração,,,,,,,,,,,,,,,,,,,,,,,,,,,,,,,,,,,,,,,,,,,,,,,,,,,,,,,,,,,,,,,,,,,,,,,,,,1|i03z16:,,,,,,,,,,,,,,,,,,,,,,,,,,,,,,,,,,,,,,,,,,,,,,,,,,,,,,,,,,,,,,,,,,,,,,,,,,,,,,,,,,,,,,,,,,,,,,,,,,,,,,,,,,,,,,,,,,,,,,6.200,,Não,,,,,,,,,,,,,,,,,,,,,14838_*:*_1_*:*_13293_*|*_14518_*:*_1_*:*_0,14838_*:*_1_*:*_13293_*|*_14518_*:*_1_*:*_0,,,,,,Itens concluídos,17/mar/26 9:30 AM
6.200 - Inserção de providers_list – Cliente Suzano BA ,UNF2026-145,179702,Tarefa,Concluído,UNF2026,2026 - UNIDADE ESTRATÉGICA ,software,Adenilton Silva,633212a0fedc6169aed6fd7c,,,Itens concluídos,Adenilton Silva,633212a0fedc6169aed6fd7c,Adenilton Silva,633212a0fedc6169aed6fd7c,Adenilton Silva,633212a0fedc6169aed6fd7c,13/mar/26 11:49 AM,13/mar/26 3:49 PM,,13/mar/26 3:49 PM,,0,"O técnico Cicero Filho solicitou a inserção de um registro na tabela providers_list para o cliente Suzano BA, com o objetivo de garantir a correta integração entre produtor e provedor na plataforma.

Contexto Técnico
Durante a análise dos dispositivos associados ao cliente Suzano BA, foi identificado que determinados equipamentos (modelo Ti7 e Ti5) pertencentes ao proprietário Emflora-ES (Suzano-BA) estão cadastrados na base, porém necessitam da devida associação na tabela providers_list para que a comunicação entre produtor e provedor ocorra corretamente no sistema.
A solicitação foi realizada pelo técnico Cicero Filho para ajuste da integração e funcionamento adequado dos dispositivos.

Objetivo
Realizar a inserção do registro necessário na tabela providers_list para o cliente Suzano BA, garantindo que os dispositivos associados ao produtor Emflora-ES estejam corretamente vinculados ao provedor correspondente.

Ações Técnicas
Identificar o id_producer correspondente ao cliente Suzano BA no banco de dados.
Verificar os provedores que devem estar associados ao produtor.
Inserir o registro correspondente na tabela providers_list garantindo a associação correta entre produtor e provedor.
Validar se após a inserção os dispositivos passam a comunicar corretamente com o sistema.

Critério de Encerramento
Registro inserido na tabela providers_list.
Associação entre produtor e provedor validada no banco de dados.
Comunicação dos dispositivos confirmada sem inconsistências.",,Adenilton Silva,,633212a0fedc6169aed6fd7c,,;13/mar/26 3:48 PM;633212a0fedc6169aed6fd7c;1980,,,,,,,,,,,,,3600,1620,1980,55%,3600,1620,1980,,,,,,,,,,,,,,,,,,,,,,,,,,,,,,,,com.atlassian.servicedesk.plugins.approvals.internal.customfield.ApprovalsCFValue@d8a7682,,,,,,,,,,,,,,,,,,,,,,,,,,,,,,,,,,,,Médio,,,,,,,,,,,,,,,,,,,,,,,13/mar/26 12:29 PM,,13/mar/26 11:48 AM,13/mar/26 12:29 PM,13/mar/26 3:49 PM,13/mar/26 12:29 PM,,,,13/mar/26 11:48 AM,,,,,,,,,,,{},,,,,,,200.0,,41.0,0.0,,,,,,,,,,,,,,,,,,,Sim ,,,,,,,,,,,,,,,,,,,,,,,,,,,,,,,,,,,,,,,,E-mail,,,,,,,,,,,Gestão de Dados e Integração,,,,,,,,,,,,,,,,,,,,,,,,,,,,,,,,,,,,,,,,,,,,,,,,,,,,,,,,,,,,,,,,,,,,,,,,,,1|i03yem:,,,,,,,,,,,,,,,,,,,,,,,,,,,,,,,,,,,,,,,,,,,,,,,,,,,,,,,,,,,,,,,,,,,,,,,,,,,,,,,,,,,,,,,,,,,,,,,,,,,,,,,,,,,,,,,,,,,,,,6.200,,Talvez,,,,,,,,,,,,,,,,,,,,,14838_*:*_1_*:*_2371022_*|*_14518_*:*_1_*:*_51038_*|*_14522_*:*_1_*:*_0,14838_*:*_1_*:*_2371022_*|*_14518_*:*_1_*:*_51038_*|*_14522_*:*_1_*:*_0,,,,,,Itens concluídos,13/mar/26 3:49 PM
6.400 - Permissões de Usuario ,UNF2026-144,179696,Tarefa,Concluído,UNF2026,2026 - UNIDADE ESTRATÉGICA ,software,Adenilton Silva,633212a0fedc6169aed6fd7c,,,Itens concluídos,Adenilton Silva,633212a0fedc6169aed6fd7c,Adenilton Silva,633212a0fedc6169aed6fd7c,Adenilton Silva,633212a0fedc6169aed6fd7c,13/mar/26 11:22 AM,13/mar/26 11:32 AM,,13/mar/26 11:32 AM,,0,"O coordenador [~accountid:5ffeffbb64208901414c5074] solicou apoio para analise das permissões os usuários(operador) do Cliente Gerdau, quando gera um novo banco os mesmos ficam sem permissões de acesso ao menu do display. ",,Adenilton Silva,,633212a0fedc6169aed6fd7c,,;13/mar/26 11:32 AM;633212a0fedc6169aed6fd7c;720,,,,,,,,,,,,,1800,1080,720,40%,1800,1080,720,,13/mar/26 11:32 AM;633212a0fedc6169aed6fd7c;image-20260313-143152.png;https://agguidance.atlassian.net/rest/api/3/attachment/content/168530,,,,,,,,,,,,,,,,,,,,,,,,,,,,,,com.atlassian.servicedesk.plugins.approvals.internal.customfield.ApprovalsCFValue@b0ae8f5,,,,"Cliente estava coom o perfil operador sem acesso ao menu, ajustado conforme o padrão.



!image-20260313-143152.png|width=332,alt=""image-20260313-143152.png""!",,,,,,,,,,,,,,,,,,,,,,,,,,,,,,,,Médio,,,,,,,,,,,,,,,,,,,,,,,,,13/mar/26 11:19 AM,13/mar/26 11:22 AM,13/mar/26 11:32 AM,13/mar/26 11:22 AM,,,,13/mar/26 11:19 AM,,,,,,,,,,,{},,,,,,,,,3.0,10.0,,,,,,,,,,,,,,,,,,,Sim ,,,,,,,,,,,,,,,,,,,,,,,,,,,,,,,,,,,,,,,,WhatsApp - PV,,,,,,,,,,,Suporte Técnico e Treinamento,,,,,,,,,,,,,,,,,,,,,,,,,,,,,,,,,,,,,,,,,,,,,,,,,,,,,,,,,,,,,,,,,,,,,,,,,,1|i03ydi:,,,,,,,,,,,,,,,,,,,,,,,,,,,,,,,,,,,,,,,,,,,,,,,,,,,,,,,,,,,,,,,,,,,,,,,,,,,,,,,,,,,,,,,,,,,,,,,,,,,,,,,,,,,,,,,,,,,,,,6.400,,Talvez,,,,,,,,,,,,,,,,,,,,,14838_*:*_1_*:*_19330_*|*_14518_*:*_1_*:*_0,14838_*:*_1_*:*_19330_*|*_14518_*:*_1_*:*_0,,,,,,Itens concluídos,13/mar/26 11:32 AM
Área Efetiva - OM,UNF2026-143,179682,Tarefa,Dev.PD,UNF2026,2026 - UNIDADE ESTRATÉGICA ,software,Adenilton Silva,633212a0fedc6169aed6fd7c,,,,Adenilton Silva,633212a0fedc6169aed6fd7c,Roniel Dias,60dc6c037d016900702ba63d,Roniel Dias,60dc6c037d016900702ba63d,13/mar/26 9:38 AM,15/abr/26 8:22 AM,,,,0,"Verificar regras necessárias para calculo de área efetiva no OM

!image-20260313-123815.png|width=315,alt=""image-20260313-123815.png""!",,Roniel Dias,,60dc6c037d016900702ba63d,,,,,,,,,,,,,,,,,,,,,,,13/mar/26 9:38 AM;ug:2126caef-0ff0-4d14-9145-c218d77df147;image-20260313-123815.png;https://agguidance.atlassian.net/rest/api/3/attachment/content/168478,,,,,,,,,,,,,,,,,,,,,,,,,,,,,,com.atlassian.servicedesk.plugins.approvals.internal.customfield.ApprovalsCFValue@4796579e,,,,"Feito contato com Samuel Ferreira, resposável por dertiminados ajustes, aguardando um retorno do mesmo.

Estão em processo de Melhorias.",,,,,,,,,,,,,,,,,,,,,,,,,,,,,,,,Difícil,,,,,,,,,,,,,,,,,,,,,,,26/mar/26 10:31 AM,,13/mar/26 9:36 AM,26/mar/26 10:29 AM,,26/mar/26 10:29 AM,,,,13/mar/26 9:36 AM,,,,,,,,,,,{},,,,,,,,,18773.0,2.0,,,,,,,,,,,,,,,,,,,Sim ,,,,,,,,,,,,,,,,,,,,,,,,,,,,,,,,,,,,,,,,Outros,,,,,,,,,,,Gestão de Dados e Integração,,,,,,,,,,,,,,,,,,,,,,,,,,,,,,,,,,,,,,,,,,,,,,,,,,,,,,,,,,,,,,,,,,,,,,,,,,1|i03ybi:,,,,,,,,,,,,,,,,,,,,,,,,,,,,,,,,,,,,,,,,,,,,,,,,,,,,,,,,,,,,,,,,,,,,,,,,,,,,,,,,,,,,,,,,,,,,,,,,,,,,,,,,,,,,,,,,,,,,,,6.500,,Não,,,,,,,,,,,,,,,,,,,,,,,,,,,,Em andamento,13/mar/26 9:38 AM
Revisar configurações p/ relatórios OM,UNF2026-142,179681,Tarefa,Concluído,UNF2026,2026 - UNIDADE ESTRATÉGICA ,software,Adenilton Silva,633212a0fedc6169aed6fd7c,,,Itens concluídos,Adenilton Silva,633212a0fedc6169aed6fd7c,Roniel Dias,60dc6c037d016900702ba63d,Roniel Dias,60dc6c037d016900702ba63d,13/mar/26 9:36 AM,26/mar/26 9:44 AM,,26/mar/26 9:44 AM,,0,"Realizar conferencia dos cadastros e associação de atividades para geração de relatórios no OM.

!image-20260313-122811.png|width=315,alt=""image-20260313-122811.png""!",,Roniel Dias,,60dc6c037d016900702ba63d,,,,,,,,,,,,,,,,,,,,,,,13/mar/26 9:36 AM;ug:2126caef-0ff0-4d14-9145-c218d77df147;image-20260313-122811.png;https://agguidance.atlassian.net/rest/api/3/attachment/content/168477,26/mar/26 9:44 AM;633212a0fedc6169aed6fd7c;image-20260326-103951.png;https://agguidance.atlassian.net/rest/api/3/attachment/content/170687,26/mar/26 9:44 AM;633212a0fedc6169aed6fd7c;image-20260326-105047.png;https://agguidance.atlassian.net/rest/api/3/attachment/content/170682,26/mar/26 9:44 AM;633212a0fedc6169aed6fd7c;image-20260326-110523.png;https://agguidance.atlassian.net/rest/api/3/attachment/content/170684,26/mar/26 9:44 AM;633212a0fedc6169aed6fd7c;image-20260326-111214.png;https://agguidance.atlassian.net/rest/api/3/attachment/content/170680,26/mar/26 9:44 AM;633212a0fedc6169aed6fd7c;image-20260326-114025.png;https://agguidance.atlassian.net/rest/api/3/attachment/content/170683,26/mar/26 9:44 AM;633212a0fedc6169aed6fd7c;image-20260326-114744.png;https://agguidance.atlassian.net/rest/api/3/attachment/content/170677,26/mar/26 9:44 AM;633212a0fedc6169aed6fd7c;image-20260326-115311.png;https://agguidance.atlassian.net/rest/api/3/attachment/content/170686,26/mar/26 9:44 AM;633212a0fedc6169aed6fd7c;image-20260326-115414.png;https://agguidance.atlassian.net/rest/api/3/attachment/content/170678,26/mar/26 9:44 AM;633212a0fedc6169aed6fd7c;image-20260326-123846.png;https://agguidance.atlassian.net/rest/api/3/attachment/content/170681,26/mar/26 9:44 AM;633212a0fedc6169aed6fd7c;image-20260326-124252.png;https://agguidance.atlassian.net/rest/api/3/attachment/content/170679,26/mar/26 9:44 AM;633212a0fedc6169aed6fd7c;image-20260326-124352.png;https://agguidance.atlassian.net/rest/api/3/attachment/content/170685,,,,,,,,,,,,,,,,,,,com.atlassian.servicedesk.plugins.approvals.internal.customfield.ApprovalsCFValue@267e27e1,,,,"* Suzano - Ajustado.

!image-20260326-103951.png|width=332,alt=""image-20260326-103951.png""!



* Sylvamo - Ajustado.

!image-20260326-105047.png|width=332,alt=""image-20260326-105047.png""!



* Dexco - Ajustado.

!image-20260326-110523.png|width=332,alt=""image-20260326-110523.png""!



* Eucatex - Ajustado

!image-20260326-111214.png|width=332,alt=""image-20260326-111214.png""!



* Bracell - Ajustado

!image-20260326-114025.png|width=332,alt=""image-20260326-114025.png""!

 

* Arauco-ARG - Ajustado - Geometrias Pendentes

!image-20260326-114744.png|width=332,alt=""image-20260326-114744.png""!



* CMPC - Ajustado 

!image-20260326-115311.png|width=332,alt=""image-20260326-115311.png""!



* CMPC - Chile - Ajustado

!image-20260326-115414.png|width=332,alt=""image-20260326-115414.png""!



* Klabin - Ajustado - Geometrias pendentes e Funções de Operação desosrganizadas.

!image-20260326-123846.png|width=332,alt=""image-20260326-123846.png""!



* West Rock - Ajustado

!image-20260326-124252.png|width=332,alt=""image-20260326-124252.png""!



* Navigator - Ajustado.

!image-20260326-124352.png|width=332,alt=""image-20260326-124352.png""!",,,,,,,,,,,,,,,,,,,,,,,,,,,,,,,,Difícil,,,,,,,,,,,,,,,,,,,,,,,,,13/mar/26 9:28 AM,26/mar/26 7:28 AM,26/mar/26 9:44 AM,26/mar/26 7:28 AM,,,,13/mar/26 9:28 AM,,,,,,,,,,,{},,,,,,,,,18600.0,136.0,,,,,,,,,,,,,,,,,,,Sim ,,,,,,,,,,,,,,,,,,,,,,,,,,,,,,,,,,,,,,,,Outros,,,,,,,,,,,Cadastro e Gestão de Geometrias,,,,,,,,,,,,,,,,,,,,,,,,,,,,,,,,,,,,,,,,,,,,,,,,,,,,,,,,,,,,,,,,,,,,,,,,,,1|i03yba:,,,,,,,,,,,,,,,,,,,,,,,,,,,,,,,,,,,,,,,,,,,,,,,,,,,,,,,,,,,,,,,,,,,,,,,,,,,,,,,,,,,,,,,,,,,,,,,,,,,,,,,,,,,,,,,,,,,,,,6.500,,Não,,,,,,,,,,,,,,,,,,,,,14838_*:*_1_*:*_1115510475_*|*_14518_*:*_1_*:*_0,14838_*:*_1_*:*_1115510475_*|*_14518_*:*_1_*:*_0,,,,,,Itens concluídos,26/mar/26 9:44 AM
6.300 - SWS Não Reconhece Provedor Vale do Tibagi nos arquivos que chegam na plataforma SWS vindos do OM,UNF2026-141,179256,Tarefa,Concluído,UNF2026,2026 - UNIDADE ESTRATÉGICA ,software,Adenilton Silva,633212a0fedc6169aed6fd7c,,,Itens concluídos,Adenilton Silva,633212a0fedc6169aed6fd7c,Matheus Ferreira Santana,712020:e56318b0-a887-4202-8827-dfd4ca010acd,Matheus Ferreira Santana,712020:e56318b0-a887-4202-8827-dfd4ca010acd,11/mar/26 3:41 PM,06/mai/26 2:38 PM,06/mai/26 2:38 PM,06/mai/26 2:38 PM,,0,"Dados da empresa Vale do Tibagi Provedor da Suzano Horizonte quando enviado os dados via OM e chega no SWS ele entende que produtor e Provedor é SUZANO - HORIZONTE gerando erro ao processar os arquivos 

”Não foi encontrado equipamento com numero de serie 291233 para o produtor Suzano-Horizonte ID:204 e provedor Suzano-Horizonte ID:204”",,Matheus Ferreira Santana,,712020:e56318b0-a887-4202-8827-dfd4ca010acd,,,,,,,,,,,,,,,,,,,,,,,11/mar/26 3:46 PM;ug:aa0ab91d-688c-430e-a067-e4900596ae2b;WhatsApp Image 2026-03-11 at 07.47.19.jpeg;https://agguidance.atlassian.net/rest/api/3/attachment/content/168125,11/mar/26 3:46 PM;ug:aa0ab91d-688c-430e-a067-e4900596ae2b;WhatsApp Image 2026-03-11 at 07.47.20.jpeg;https://agguidance.atlassian.net/rest/api/3/attachment/content/168127,11/mar/26 3:46 PM;ug:aa0ab91d-688c-430e-a067-e4900596ae2b;WhatsApp Image 2026-03-11 at 07.47.46.jpeg;https://agguidance.atlassian.net/rest/api/3/attachment/content/168126,11/mar/26 3:46 PM;ug:aa0ab91d-688c-430e-a067-e4900596ae2b;WhatsApp Image 2026-03-11 at 07.51.25.jpeg;https://agguidance.atlassian.net/rest/api/3/attachment/content/168128,12/mar/26 4:01 PM;633212a0fedc6169aed6fd7c;image-20260312-185954.png;https://agguidance.atlassian.net/rest/api/3/attachment/content/168408,12/mar/26 4:01 PM;633212a0fedc6169aed6fd7c;image-20260312-190049.png;https://agguidance.atlassian.net/rest/api/3/attachment/content/168407,,,,,,,,,,,,,,,,,,,,,,,,,com.atlassian.servicedesk.plugins.approvals.internal.customfield.ApprovalsCFValue@4a0b5d07,,,,"Analisando conforme o solicitado, e encontrado que o display está cadastrado no Admin do provedor e não do produtor conforme o padrão:

Erro:

!image-20260312-185954.png|width=332,alt=""image-20260312-185954.png""!

Corrigido:

!image-20260312-190049.png|width=332,alt=""image-20260312-190049.png""!



aguardar uma nova transmissão para ánalise e aguardando devolutiva da Unidade.

Falta de devolutiva da unidade.",,,,,,,,,,,,,,,,,,,,,,,,,,,,,,,,Médio,,,,,,,,,,,,,,,,,,,,,,,,12/mar/26 4:01 PM,11/mar/26 3:34 PM,12/mar/26 3:47 PM,06/mai/26 2:38 PM,12/mar/26 3:47 PM,,,,11/mar/26 3:34 PM,,,,,,,,,,,{},,,,,,,,79117.0,1453.0,14.0,,,,,,,,,,,,,,,,,,,Sim ,,,,,,,,,,,,,,,,,,,,,,,,,,,,,,,,,,,,,,,,E-mail,WhatsApp - PV,,,,,,,,,,Análise e Diagnóstico de Bugs na Plataforma,,,,,,,,,,,,,,,,,,,,,,,,,,,,,,,,,,,,,,,,,,,,,,,,,,,,,,,,,,,,,,,,,,,,,,,,,,1|i03xxi:,,,,,,,,,,,,,,,,,,,,,,,,,,,,,,,,,,,,,,,,,,,,,,,,,,,,,,,,,,,,,,,,,,,,,,,,,,,,,,,,,,,,,,,,,,,,,,,,,,,,,,,,,,,,,,,,,,,,,,6.300,,Talvez,,,,,,,,,,,,,,,,,,,,,14838_*:*_1_*:*_86742352_*|*_14518_*:*_1_*:*_884502_*|*_14520_*:*_1_*:*_0,14838_*:*_1_*:*_86742352_*|*_14518_*:*_1_*:*_884502_*|*_14520_*:*_1_*:*_0,,"11/mar/26 3:46 PM;712020:e56318b0-a887-4202-8827-dfd4ca010acd;!WhatsApp Image 2026-03-11 at 07.51.25.jpeg|width=635,alt=""WhatsApp Image 2026-03-11 at 07.51.25.jpeg""!

!WhatsApp Image 2026-03-11 at 07.47.20.jpeg|width=635,alt=""WhatsApp Image 2026-03-11 at 07.47.20.jpeg""!

!WhatsApp Image 2026-03-11 at 07.47.46.jpeg|width=635,alt=""WhatsApp Image 2026-03-11 at 07.47.46.jpeg""!

!WhatsApp Image 2026-03-11 at 07.47.19.jpeg|width=635,alt=""WhatsApp Image 2026-03-11 at 07.47.19.jpeg""!",,,,Itens concluídos,06/mai/26 2:38 PM
Erro consolidação de funções - WESTROCK,UNF2026-140,179255,Tarefa,Concluído,UNF2026,2026 - UNIDADE ESTRATÉGICA ,software,Adenilton Silva,633212a0fedc6169aed6fd7c,,,Itens concluídos,Adenilton Silva,633212a0fedc6169aed6fd7c,Roniel Dias,60dc6c037d016900702ba63d,Roniel Dias,60dc6c037d016900702ba63d,11/mar/26 3:31 PM,11/mar/26 3:43 PM,,11/mar/26 3:43 PM,,0,No banco do ATOM tem as funções já cadastrada mais não encontra na função do CR.,,Roniel Dias,,60dc6c037d016900702ba63d,,;11/mar/26 3:43 PM;633212a0fedc6169aed6fd7c;900,,,,,,,,,,,,,,0,900,,,0,900,,,,,,,,,,,,,,,,,,,,,,,,,,,,,,,,com.atlassian.servicedesk.plugins.approvals.internal.customfield.ApprovalsCFValue@77035851,,,,"Foi analisado e identificado que o cadastros da funções tem no BD do Atom, porém não continha no Cr, devido a terem efetuado os cadastros direto no OM.



Excluímos as funções cadatsradas, só realizar os cadastros direto no CR.",,,,,,,,,,,,,,,,,,,,,,,,,,,,,,,,Difícil,,,,,,,,,,,,,,,,,,,,,,,,,11/mar/26 11:43 AM,11/mar/26 3:41 PM,11/mar/26 3:43 PM,11/mar/26 3:41 PM,,,,11/mar/26 11:43 AM,,,,,,,,,,,{},,,,,,,,,238.0,2.0,,,,,,,,,,,,,,,,,,,Sim ,,,,,,,,,,,,,,,,,,,,,,,,,,,,,,,,,,,,,,,,Ligação,,,,,,,,,,,Análise e Diagnóstico de Bugs na Plataforma,,,,,,,,,,,,,,,,,,,,,,,,,,,,,,,,,,,,,,,,,,,,,,,,,,,,,,,,,,,,,,,,,,,,,,,,,,1|i03xxa:,,,,,,,,,,,,,,,,,,,,,,,,,,,,,,,,,,,,,,,,,,,,,,,,,,,,,,,,,,,,,,,,,,,,,,,,,,,,,,,,,,,,,,,,,,,,,,,,,,,,,,,,,,,,,,,,,,,,,,6.700,,Não,,,,,,,,,,,,,,,,,,,,,14838_*:*_1_*:*_604527_*|*_14518_*:*_1_*:*_0,14838_*:*_1_*:*_604527_*|*_14518_*:*_1_*:*_0,,,,,,Itens concluídos,11/mar/26 3:43 PM
6.200 - Validação de cadastro CB 24119 no Admin  ,UNF2026-139,178921,Tarefa,Concluído,UNF2026,2026 - UNIDADE ESTRATÉGICA ,software,Adenilton Silva,633212a0fedc6169aed6fd7c,,,Itens concluídos,Adenilton Silva,633212a0fedc6169aed6fd7c,Adenilton Silva,633212a0fedc6169aed6fd7c,Adenilton Silva,633212a0fedc6169aed6fd7c,10/mar/26 4:39 PM,15/abr/26 8:21 AM,,15/abr/26 8:20 AM,,0,"O usuário Cicero entrou em contato informando que, ao realizar uma atualização de cadastro no Admin, não foi possível localizar o registro do CB 24119.

Contexto Técnico
Durante o processo de atualização cadastral no ambiente Admin, o solicitante informou que não encontrou o CB 24119 disponível para seleção ou consulta. Foi solicitado apoio para verificar a existência do cadastro e validar com o responsável se o registro está devidamente criado ou se houve alguma inconsistência no cadastro.

Objetivo
Verificar a existência do CB 24119 no sistema Admin e confirmar se o cadastro foi realizado corretamente ou se há necessidade de criação/ajuste do registro.

Ações Técnicas
Realizar consulta no banco de dados e/ou Admin para verificar a existência do CB 24119
Validar se o cadastro está ativo ou se houve alteração de nomenclatura/identificador
Confirmar com o responsável pelo cadastro caso o registro não esteja disponível
Realizar correção ou criação do cadastro, se necessário

Critério de Encerramento
CB 24119 localizado ou devidamente cadastrado no Admin, permitindo a continuidade do processo de atualização cadastral pelo solicitante.",,Adenilton Silva,,633212a0fedc6169aed6fd7c,,;15/abr/26 8:20 AM;633212a0fedc6169aed6fd7c;1980,,,,,,,,,,,,,,0,1980,,,0,1980,,,,,,,,,,,,,,,,,,,,,,,,,,,,,,,,com.atlassian.servicedesk.plugins.approvals.internal.customfield.ApprovalsCFValue@f8da1a4,,,,"Foi aberto um GDC, e atendido o chamado, display encontr-se disponível.",,,,,,,,,,,,,,,,,,,,,,,,,,,,,,,,Difícil,,,,,,,,,,,,,,,,,,,,,,,11/mar/26 7:44 AM,,10/mar/26 4:38 PM,10/mar/26 4:40 PM,15/abr/26 8:20 AM,10/mar/26 4:40 PM,,,,10/mar/26 4:38 PM,,,,,,,,,,,{},,,,,,,0.0,,2.0,904.0,,,,,,,,,,,,,,,,,,,Sim ,,,,,,,,,,,,,,,,,,,,,,,,,,,,,,,,,,,,,,,,E-mail,,,,,,,,,,,Suporte Técnico e Treinamento,,,,,,,,,,,,,,,,,,,,,,,,,,,,,,,,,,,,,,,,,,,,,,,,,,,,,,,,,,,,,,,,,,,,,,,,,,1|i03xb2:,,,,,,,,,,,,,,,,,,,,,,,,,,,,,,,,,,,,,,,,,,,,,,,,,,,,,,,,,,,,,,,,,,,,,,,,,,,,,,,,,,,,,,,,,,,,,,,,,,,,,,,,,,,,,,,,,,,,,,6.200,,Não,,,,,,,,,,,,,,,,,,,,,14838_*:*_1_*:*_44835_*|*_14518_*:*_1_*:*_54265373_*|*_14522_*:*_1_*:*_0,14838_*:*_1_*:*_44835_*|*_14518_*:*_1_*:*_54265373_*|*_14522_*:*_1_*:*_0,,,,,,Itens concluídos,15/abr/26 8:20 AM
6.400 - Download atualizado disponibilizado pelo cliente LDC ,UNF2026-138,178912,Tarefa,Concluído,UNF2026,2026 - UNIDADE ESTRATÉGICA ,software,Adenilton Silva,633212a0fedc6169aed6fd7c,,,Itens concluídos,Adenilton Silva,633212a0fedc6169aed6fd7c,Adenilton Silva,633212a0fedc6169aed6fd7c,Adenilton Silva,633212a0fedc6169aed6fd7c,10/mar/26 3:38 PM,17/mar/26 4:38 PM,,17/mar/26 4:35 PM,,0,"O cliente encaminhou um e-mail informando a disponibilização de um novo link para download de arquivos relacionados ao projeto.

Contexto Técnico
Foi enviado pelo cliente um link externo para download do material atualizado, acompanhado de uma senha para acesso ao conteúdo disponibilizado. O material foi compartilhado para utilização nas análises ou atividades relacionadas ao projeto.

Objetivo
Registrar a disponibilização do link enviado pelo cliente para que a equipe responsável possa acessar o material atualizado e dar continuidade às análises ou atividades necessárias.

Ações Técnicas
Recebimento do e-mail enviado pelo cliente com link de download.
Registro do link e da senha informados para acesso ao material disponibilizado.

Link: [https://share.lenzing.com/index.php/s/ZnHHcLfHYtRx7HR|https://share.lenzing.com/index.php/s/ZnHHcLfHYtRx7HR|smart-link] 
Senha: TelemetriaLDC@

Critério de Encerramento
Ticket poderá ser encerrado após confirmação de acesso ao link e verificação do conteúdo disponibilizado pelo cliente.",,Adenilton Silva,,633212a0fedc6169aed6fd7c,,;17/mar/26 4:38 PM;633212a0fedc6169aed6fd7c;2820,,,,,,,,,,,,,3600,780,2820,78%,3600,780,2820,,,,,,,,,,,,,,,,,,,,,,,,,,,,,,,,com.atlassian.servicedesk.plugins.approvals.internal.customfield.ApprovalsCFValue@6723163a,,,,"Foi acessado o link, porém gerou um alarme de senha incompátivel, ou que a mesma ja havia sido expirada, retornado ao cliente e esperando um novo contato.



O cliente ajustou a senha e conseguimos acessa os dados.

Base atualizada e retornamos ao cliente via e-mail.",,,,,,,,,,,,,,,,,,,,,,,,,,,,,,,,Difícil,,,,,,,,,,,,,,,,,,,,,,17/mar/26 11:33 AM,,,10/mar/26 3:32 PM,17/mar/26 4:03 PM,17/mar/26 4:35 PM,17/mar/26 11:33 AM,,,,10/mar/26 3:32 PM,,,,,,,,,,,{},,,,,,270.0,,,9841.0,32.0,,,,,,,,,,,,,,,,,,,Sim ,,,,,,,,,,,,,,,,,,,,,,,,,,,,,,,,,,,,,,,,E-mail,,,,,,,,,,,Cadastro e Gestão de Geometrias,,,,,,,,,,,,,,,,,,,,,,,,,,,,,,,,,,,,,,,,,,,,,,,,,,,,,,,,,,,,,,,,,,,,,,,,,,1|i03x9q:,,,,,,,,,,,,,,,,,,,,,,,,,,,,,,,,,,,,,,,,,,,,,,,,,,,,,,,,,,,,,,,,,,,,,,,,,,,,,,,,,,,,,,,,,,,,,,,,,,,,,,,,,,,,,,,,,,,,,,6.400,,Não,,,,,,,,,,,,,,,,,,,,,14838_*:*_1_*:*_590063044_*|*_14518_*:*_2_*:*_14868_*|*_14521_*:*_1_*:*_16200122,14838_*:*_1_*:*_590063044_*|*_14518_*:*_2_*:*_14868_*|*_14521_*:*_1_*:*_16200122,,,,,,Itens concluídos,17/mar/26 4:35 PM
6.300 - Cadastro da Fazenda TRF – Planalto no provedor JS Florestal  ,UNF2026-137,178910,Tarefa,Concluído,UNF2026,2026 - UNIDADE ESTRATÉGICA ,software,Adenilton Silva,633212a0fedc6169aed6fd7c,,,Itens concluídos,Adenilton Silva,633212a0fedc6169aed6fd7c,Adenilton Silva,633212a0fedc6169aed6fd7c,Adenilton Silva,633212a0fedc6169aed6fd7c,10/mar/26 3:31 PM,15/abr/26 8:19 AM,,15/abr/26 8:19 AM,,0,"h3. Resumo

A cliente Letícia Vaz Molinari solicitou apoio para cadastrar a Fazenda TRF – Planalto no provedor da empresa JS Florestal.

h3. Contexto

Foi enviado um arquivo com as informações necessárias para o cadastro da fazenda. O cadastro deve ser feito no provedor da empresa JS Florestal para que a área esteja registrada e disponível na plataforma.

h3. Critérios de Aceitação

* Analisar o arquivo com as informações da fazenda.
* Validar os dados necessários para o cadastro no provedor.
* Realizar o cadastro da Fazenda TRF – Planalto no provedor da empresa JS Florestal.
* Confirmar que o cadastro foi efetuado corretamente no sistema.
* Cadastro da Fazenda TRF – Planalto realizado com sucesso.
* Garantir que a fazenda esteja disponível e corretamente registrada no sistema.

h3. Outras informações

N/A",,Adenilton Silva,,633212a0fedc6169aed6fd7c,,;10/mar/26 4:45 PM;633212a0fedc6169aed6fd7c;420,;15/abr/26 8:19 AM;633212a0fedc6169aed6fd7c;2580,,,,,,,,,,,,3600,600,3000,83%,3600,600,3000,,,,,,,,,,,,,,,,,,,,,,,,,,,,,,,,com.atlassian.servicedesk.plugins.approvals.internal.customfield.ApprovalsCFValue@453018e8,,,,Dados Tratados e Cadastrado conforme o esperado.,,,,,,,,,,,,,,,,,,,,,,,,,,,,,,,,Difícil,,,,,,,,,,,,,,,,,,,,,,,10/mar/26 4:45 PM,,10/mar/26 3:30 PM,10/mar/26 4:45 PM,15/abr/26 8:19 AM,10/mar/26 4:45 PM,,,,10/mar/26 3:30 PM,,,,,,,,,,,{},,,,,,,0.0,,75.0,44.0,,,,,,,,,,,,,,,,,,,Sim ,,,,,,,,,,,,,,,,,,,,,,,,,,,,,,,,,,,,,,,,E-mail,,,,,,,,,,,Cadastro e Gestão de Geometrias,,,,,,,,,,,,,,,,,,,,,,,,,,,,,,,,,,,,,,,,,,,,,,,,,,,,,,,,,,,,,,,,,,,,,,,,,,1|i03x9a:,,,,,,,,,,,,,,,,,,,,,,,,,,,,,,,,,,,,,,,,,,,,,,,,,,,,,,,,,,,,,,,,,,,,,,,,,,,,,,,,,,,,,,,,,,,,,,,,,,,,,,,,,,,,,,,,,,,,,,6.300,,Não,,,,,,,,,,,,,,,,,,,,,14838_*:*_1_*:*_4439662_*|*_14518_*:*_1_*:*_7114_*|*_14522_*:*_1_*:*_0,14838_*:*_1_*:*_4439662_*|*_14518_*:*_1_*:*_7114_*|*_14522_*:*_1_*:*_0,,,,,,Itens concluídos,15/abr/26 8:19 AM
6.500 - Conversão de geometrias MultiLineString para LineString – Cliente Eucatex ,UNF2026-136,178907,Tarefa,Concluído,UNF2026,2026 - UNIDADE ESTRATÉGICA ,software,Adenilton Silva,633212a0fedc6169aed6fd7c,,,Itens concluídos,Adenilton Silva,633212a0fedc6169aed6fd7c,Adenilton Silva,633212a0fedc6169aed6fd7c,Adenilton Silva,633212a0fedc6169aed6fd7c,10/mar/26 3:13 PM,10/mar/26 3:25 PM,,10/mar/26 3:25 PM,,0,"A cliente Isabela Carrera Martins, da Eucatex, entrou em contato solicitando apoio técnico para realizar a conversão de geometrias do tipo MultiLineString para LineString presentes no arquivo enviado.

Contexto Técnico
O arquivo encaminhado pela cliente contém feições lineares estruturadas no formato MultiLineString.

Dessa forma, foi solicitado apoio para avaliar e realizar a conversão das geometrias mantendo a integridade espacial dos dados.

Objetivo
Converter as geometrias presentes no arquivo fornecido pela cliente de MultiLineString para LineString, garantindo compatibilidade com as ferramentas.

Ações Técnicas
Analisar o arquivo encaminhado pela cliente e validar a estrutura das geometrias.
Identificar as feições classificadas como MultiLineString.
Realizar a conversão das geometrias para o formato LineString utilizando ferramenta adequada (QGIS ou processamento equivalente).
Validar a integridade das feições após a conversão.
Disponibilizar o arquivo convertido para a cliente ou orientar sobre o procedimento realizado.",,Adenilton Silva,,633212a0fedc6169aed6fd7c,,;10/mar/26 3:25 PM;633212a0fedc6169aed6fd7c;600,,,,,,,,,,,,,3600,3000,600,16%,3600,3000,600,,,,,,,,,,,,,,,,,,,,,,,,,,,,,,,,com.atlassian.servicedesk.plugins.approvals.internal.customfield.ApprovalsCFValue@27d21d37,,,,"Testada a conversão de Multipartes para partes simples, e funcionou conforme o esperado.

Retornado ao cliente .",,,,,,,,,,,,,,,,,,,,,,,,,,,,,,,,Médio,,,,,,,,,,,,,,,,,,,,,,,,,10/mar/26 3:11 PM,10/mar/26 3:14 PM,10/mar/26 3:25 PM,10/mar/26 3:14 PM,,,,10/mar/26 3:11 PM,,,,,,,,,,,{},,,,,,,,,3.0,11.0,,,,,,,,,,,,,,,,,,,Sim ,,,,,,,,,,,,,,,,,,,,,,,,,,,,,,,,,,,,,,,,E-mail,,,,,,,,,,,Suporte Técnico e Treinamento,,,,,,,,,,,,,,,,,,,,,,,,,,,,,,,,,,,,,,,,,,,,,,,,,,,,,,,,,,,,,,,,,,,,,,,,,,1|i03x8m:,,,,,,,,,,,,,,,,,,,,,,,,,,,,,,,,,,,,,,,,,,,,,,,,,,,,,,,,,,,,,,,,,,,,,,,,,,,,,,,,,,,,,,,,,,,,,,,,,,,,,,,,,,,,,,,,,,,,,,6.500,,Talvez,,,,,,,,,,,,,,,,,,,,,14838_*:*_1_*:*_34510_*|*_14518_*:*_1_*:*_0,14838_*:*_1_*:*_34510_*|*_14518_*:*_1_*:*_0,,,,,,Itens concluídos,10/mar/26 3:25 PM
6.300 - Erro na Consolidação de Dados-TTG-BRASIL,UNF2026-135,178879,Tarefa,Concluído,UNF2026,2026 - UNIDADE ESTRATÉGICA ,software,Adenilton Silva,633212a0fedc6169aed6fd7c,,,Itens concluídos,Adenilton Silva,633212a0fedc6169aed6fd7c,Marcelo Medina da Silva,712020:e15b2896-445b-477c-9eee-1230a94705b6,Marcelo Medina da Silva,712020:e15b2896-445b-477c-9eee-1230a94705b6,10/mar/26 12:51 PM,06/mai/26 2:38 PM,06/mai/26 2:37 PM,06/mai/26 2:38 PM,,0,"Produtor- TTG-BRASIL

Provedor- Carpelo-ms

Os dados não estão chegando na plataforma OM, cb conectado a internet, cti ja configurado.

CR-OK",,Marcelo Medina da Silva,,712020:e15b2896-445b-477c-9eee-1230a94705b6,,;11/mar/26 4:22 PM;633212a0fedc6169aed6fd7c;1380,,,,,,,,,,,,,,0,1380,,,0,1380,,10/mar/26 12:51 PM;rk:0107cd48-bdde-4d7d-900b-1231edfa933b;Captura de tela 2026-03-10 115107.png;https://agguidance.atlassian.net/rest/api/3/attachment/content/167861,,,,,,,,,,,,,,,,,,,,,,,,,,,,,,com.atlassian.servicedesk.plugins.approvals.internal.customfield.ApprovalsCFValue@583f42cc,,,,"Realizndo ás devidasánalises foi constatado :   

291796 - Nunca chegaram dados no Atom 

291800 - Nunca chegaram dados no Atom 

291804 - Nunca chegaram dados no Atom 

292275 - Nunca chegaram dados no Atom

292314 - Nunca chegaram dados no Atom

292345 - Nunca chegaram dados no Atom



O problema não é clouddy, é analisar em campo.

* display com internet
* Setando
* Sincronizando a nuvem
* Logs e arquivos pendentes.
* Versão - 4.0.7 estava com falha de transmissão.
* Falta de devolutiva da unidade.",,,,,,,,,,,,,,,,,,,,,,,,,,,,,,,,Médio,,,,,,,,,,,,,,,,,,,,,,,,11/mar/26 4:22 PM,10/mar/26 12:48 PM,11/mar/26 4:13 PM,06/mai/26 2:38 PM,11/mar/26 4:13 PM,,,,10/mar/26 12:48 PM,,,,,,,,,,,{},,,,,,,,80536.0,1645.0,9.0,,,,,,,,,,,,,,,,,,,Sim ,,,,,,,,,,,,,,,,,,,,,,,,,,,,,,,,,,,,,,,,JIRA ,,,,,,,,,,,Gestão de Dados e Integração,,,,,,,,,,,,,,,,,,,,,,,,,,,,,,,,,,,,,,,,,,,,,,,,,,,,,,,,,,,,,,,,,,,,,,,,,,1|i03x3y:,,,,,,,,,,,,,,,,,,,,,,,,,,,,,,,,,,,,,,,,,,,,,,,,,,,,,,,,,,,,,,,,,,,,,,,,,,,,,,,,,,,,,,,,,,,,,,,,,,,,,,,,,,,,,,,,,,,,,,6.300,,Talvez,,,,,,,,,,,,,,,,,,,,,14838_*:*_1_*:*_98508196_*|*_14518_*:*_1_*:*_534224_*|*_14520_*:*_1_*:*_0,14838_*:*_1_*:*_98508196_*|*_14518_*:*_1_*:*_534224_*|*_14520_*:*_1_*:*_0,,10/mar/26 1:40 PM;712020:e15b2896-445b-477c-9eee-1230a94705b6;Teste,,,,Itens concluídos,06/mai/26 2:38 PM
6.300 - Erro na Consolidação de Dados-TTG-BRASIL,UNF2026-134,178878,Tarefa,Concluído,UNF2026,2026 - UNIDADE ESTRATÉGICA ,software,Adenilton Silva,633212a0fedc6169aed6fd7c,,,Itens concluídos,Adenilton Silva,633212a0fedc6169aed6fd7c,Marcelo Medina da Silva,712020:e15b2896-445b-477c-9eee-1230a94705b6,Marcelo Medina da Silva,712020:e15b2896-445b-477c-9eee-1230a94705b6,10/mar/26 12:46 PM,06/mai/26 2:37 PM,06/mai/26 2:34 PM,06/mai/26 2:37 PM,,0,"Produtor - TTG-BRASIL

Provedor - Carpelo-MS

Não esta chegando os dados na plataforma OM, CB conectado à internet, envio de dados habilitado, cti configurado.

Obs: CTI e o mesmo da JSF-MS",,Marcelo Medina da Silva,,712020:e15b2896-445b-477c-9eee-1230a94705b6,,;12/mar/26 3:38 PM;633212a0fedc6169aed6fd7c;1980,,,,,,,,,,,,,,0,1980,,,0,1980,,,,,,,,,,,,,,,,,,,,,,,,,,,,,,,,com.atlassian.servicedesk.plugins.approvals.internal.customfield.ApprovalsCFValue@52461450,,,,"Realizando ás devidas ánalises foi constatado :   

291796 - Nunca chegaram dados no Atom 

291800 - Nunca chegaram dados no Atom 

291804 - Nunca chegaram dados no Atom 

292275 - Nunca chegaram dados no Atom

292314 - Nunca chegaram dados no Atom

292345 - Nunca chegaram dados no Atom

O problema não é clouddy, é analisar em campo.

display com internet

Setando

Sincronizando a nuvem

Logs e arquivos pendentes.

Versão - 4.0.7 estava com falha de transmissão.

Falta de devolutiva da unidade.",,,,,,,,,,,,,,,,,,,,,,,,,,,,,,,,Médio,,,,,,,,,,,,,,,,,,,,,,,,12/mar/26 3:38 PM,10/mar/26 12:42 PM,11/mar/26 3:38 PM,06/mai/26 2:37 PM,12/mar/26 3:38 PM,,,,10/mar/26 12:42 PM,,,,,,,,,,,{},,,,,,,1320.0,79139.0,108.0,33.0,,,,,,,,,,,,,,,,,,,Sim ,,,,,,,,,,,,,,,,,,,,,,,,,,,,,,,,,,,,,,,,JIRA ,,,,,,,,,,,Gestão de Dados e Integração,,,,,,,,,,,,,,,,,,,,,,,,,,,,,,,,,,,,,,,,,,,,,,,,,,,,,,,,,,,,,,,,,,,,,,,,,,1|i03x3q:,,,,,,,,,,,,,,,,,,,,,,,,,,,,,,,,,,,,,,,,,,,,,,,,,,,,,,,,,,,,,,,,,,,,,,,,,,,,,,,,,,,,,,,,,,,,,,,,,,,,,,,,,,,,,,,,,,,,,,6.300,,Talvez,,,,,,,,,,,,,,,,,,,,,14838_*:*_1_*:*_183093963_*|*_14518_*:*_1_*:*_40162_*|*_14520_*:*_1_*:*_0,14838_*:*_1_*:*_183093963_*|*_14518_*:*_1_*:*_40162_*|*_14520_*:*_1_*:*_0,,,,,,Itens concluídos,06/mai/26 2:37 PM
Erro na Consolidação de Dados-TTG-BRASIL,UNF2026-133,178877,Tarefa,Concluído,UNF2026,2026 - UNIDADE ESTRATÉGICA ,software,Adenilton Silva,633212a0fedc6169aed6fd7c,,,Itens concluídos,Adenilton Silva,633212a0fedc6169aed6fd7c,Marcelo Medina da Silva,712020:e15b2896-445b-477c-9eee-1230a94705b6,Marcelo Medina da Silva,712020:e15b2896-445b-477c-9eee-1230a94705b6,10/mar/26 12:42 PM,15/abr/26 8:16 AM,,15/abr/26 8:16 AM,,0,"Verificar dados na platafroma OM, os mesmo estão apresentando erros.

Produtor - TTG-BRASIL

Provedor - JSF-MS",,Marcelo Medina da Silva,,712020:e15b2896-445b-477c-9eee-1230a94705b6,,;15/abr/26 8:16 AM;633212a0fedc6169aed6fd7c;3000,,,,,,,,,,,,,,0,3000,,,0,3000,,10/mar/26 12:41 PM;rk:0107cd48-bdde-4d7d-900b-1231edfa933b;Captura de tela 2026-03-10 103944.png;https://agguidance.atlassian.net/rest/api/3/attachment/content/167858,10/mar/26 12:41 PM;rk:0107cd48-bdde-4d7d-900b-1231edfa933b;Captura de tela 2026-03-10 104315.png;https://agguidance.atlassian.net/rest/api/3/attachment/content/167859,,,,,,,,,,,,,,,,,,,,,,,,,,,,,com.atlassian.servicedesk.plugins.approvals.internal.customfield.ApprovalsCFValue@3231e1a7,,,,"Foi realizada a analise conforme o solicitado: 

29753 - Função errada

24474 - Sem cadastro no Admin

290223  - Função errada

291104 - sem dados produtivos

291792 - sem dados produtivos

[GDC-17060|https://agguidance.atlassian.net/servicedesk/customer/portal/3/GDC-17060] - criado devido a falta de cadastro do display 24474.

Chamado finalizado.",,,,,,,,,,,,,,,,,,,,,,,,,,,,,,,,Difícil,,,,,,,,,,,,,,,,,,,,,,,11/mar/26 3:30 PM,,10/mar/26 12:38 PM,11/mar/26 1:56 PM,15/abr/26 8:16 AM,11/mar/26 1:56 PM,,,,10/mar/26 12:38 PM,,,,,,,,,,,{},,,,,,,49966.0,,1518.0,94.0,,,,,,,,,,,,,,,,,,,Sim ,,,,,,,,,,,,,,,,,,,,,,,,,,,,,,,,,,,,,,,,JIRA ,,,,,,,,,,,Gestão de Dados e Integração,,,,,,,,,,,,,,,,,,,,,,,,,,,,,,,,,,,,,,,,,,,,,,,,,,,,,,,,,,,,,,,,,,,,,,,,,,1|i03x3i:,,,,,,,,,,,,,,,,,,,,,,,,,,,,,,,,,,,,,,,,,,,,,,,,,,,,,,,,,,,,,,,,,,,,,,,,,,,,,,,,,,,,,,,,,,,,,,,,,,,,,,,,,,,,,,,,,,,,,,6.300,,Não,,,,,,,,,,,,,,,,,,,,,14838_*:*_1_*:*_90842039_*|*_14518_*:*_1_*:*_5652047_*|*_14522_*:*_1_*:*_0,14838_*:*_1_*:*_90842039_*|*_14518_*:*_1_*:*_5652047_*|*_14522_*:*_1_*:*_0,,,,,,Itens concluídos,15/abr/26 8:16 AM
Acesso provedor JFI no produtor EUCATEX,UNF2026-132,178834,Tarefa,Concluído,UNF2026,2026 - UNIDADE ESTRATÉGICA ,software,Adenilton Silva,633212a0fedc6169aed6fd7c,,,Itens concluídos,Adenilton Silva,633212a0fedc6169aed6fd7c,Roniel Dias,60dc6c037d016900702ba63d,Roniel Dias,60dc6c037d016900702ba63d,10/mar/26 10:52 AM,10/mar/26 1:46 PM,,10/mar/26 1:46 PM,,0,"Acessos do provedor JFI no SWS2 estão com configurações erradas no produtor EUCATEX, será necessário ajustes.

[rafael.santos@jfi.com.br|mailto:rafael.santos@jfi.com.br]
[adrieli.oliveira@jfi.com.br|mailto:adrieli.oliveira@jfi.com.br]
[igor.teixeira@jfi.com.br|mailto:igor.teixeira@jfi.com.br]
[isabelli.oliveira@jfi.com.br|mailto:isabelli.oliveira@jfi.com.br]",,Roniel Dias,,60dc6c037d016900702ba63d,,;10/mar/26 1:46 PM;633212a0fedc6169aed6fd7c;4320,,,,,,,,,,,,,,0,4320,,,0,4320,,10/mar/26 1:46 PM;633212a0fedc6169aed6fd7c;image-20260310-164508.png;https://agguidance.atlassian.net/rest/api/3/attachment/content/167872,10/mar/26 1:46 PM;633212a0fedc6169aed6fd7c;image-20260310-164528.png;https://agguidance.atlassian.net/rest/api/3/attachment/content/167870,10/mar/26 1:46 PM;633212a0fedc6169aed6fd7c;image-20260310-164539.png;https://agguidance.atlassian.net/rest/api/3/attachment/content/167874,10/mar/26 1:46 PM;633212a0fedc6169aed6fd7c;image-20260310-164549.png;https://agguidance.atlassian.net/rest/api/3/attachment/content/167873,10/mar/26 1:46 PM;633212a0fedc6169aed6fd7c;image-20260310-164603.png;https://agguidance.atlassian.net/rest/api/3/attachment/content/167871,,,,,,,,,,,,,,,,,,,,,,,,,,com.atlassian.servicedesk.plugins.approvals.internal.customfield.ApprovalsCFValue@5bd7f82,,,,"Foram realizadas algumas ánalises e identificado que haviam duas JFI Silvicultura  Id ( 07 e 406 ), modificamos com ID 406 para JFI Silvicultura - SP, a mesma está associda aos produtores, Suzano - São Paulo, Bracell e Eucatex.
A aplicação respondeu conforme o esperado.

!image-20260310-164508.png|width=522,alt=""image-20260310-164508.png""!

!image-20260310-164528.png|width=522,alt=""image-20260310-164528.png""!



!image-20260310-164539.png|width=522,alt=""image-20260310-164539.png""!



!image-20260310-164549.png|width=522,alt=""image-20260310-164549.png""!



!image-20260310-164603.png|width=522,alt=""image-20260310-164603.png""!",,,,,,,,,,,,,,,,,,,,,,,,,,,,,,,,Médio,,,,,,,,,,,,,,,,,,,,,,,,,10/mar/26 10:46 AM,10/mar/26 11:33 AM,10/mar/26 1:46 PM,10/mar/26 11:33 AM,,,,10/mar/26 10:46 AM,,,,,,,,,,,{},,,,,,,,,47.0,133.0,,,,,,,,,,,,,,,,,,,Sim ,,,,,,,,,,,,,,,,,,,,,,,,,,,,,,,,,,,,,,,,WhatsApp - PV,,,,,,,,,,,Cadastro e Gestão de Geometrias,,,,,,,,,,,,,,,,,,,,,,,,,,,,,,,,,,,,,,,,,,,,,,,,,,,,,,,,,,,,,,,,,,,,,,,,,,1|i03x1q:,,,,,,,,,,,,,,,,,,,,,,,,,,,,,,,,,,,,,,,,,,,,,,,,,,,,,,,,,,,,,,,,,,,,,,,,,,,,,,,,,,,,,,,,,,,,,,,,,,,,,,,,,,,,,,,,,,,,,,6.500,,Talvez,,,,,,,,,,,,,,,,,,,,,14838_*:*_1_*:*_2480307_*|*_14518_*:*_1_*:*_0,14838_*:*_1_*:*_2480307_*|*_14518_*:*_1_*:*_0,,,,,,Itens concluídos,10/mar/26 1:46 PM
"6.500 - Levantamento de IDs e nomenclaturas das funções de operação nos bancos SWS1, SWS2 e Atom (CR e OM) ",UNF2026-130,178760,Tarefa,Concluído,UNF2026,2026 - UNIDADE ESTRATÉGICA ,software,Adenilton Silva,633212a0fedc6169aed6fd7c,,,Itens concluídos,Adenilton Silva,633212a0fedc6169aed6fd7c,Adenilton Silva,633212a0fedc6169aed6fd7c,Adenilton Silva,633212a0fedc6169aed6fd7c,10/mar/26 8:03 AM,10/mar/26 8:42 AM,,10/mar/26 8:42 AM,,0,"O coordenador Roniel Dias solicitou o levantamento das informações referentes aos IDs e às nomenclaturas das funções de operação existentes nos bancos de dados das plataformas SWS 1, SWS 2 e Atom, contemplando os ambientes Control Room (CR) e Operations Manager (OM).

Contexto Técnico
As plataformas SWS 1, SWS 2 e Atom possuem estruturas de banco de dados distintas para armazenamento das funções de operação utilizadas nos equipamentos em campo. Para fins de análise, padronização e validação das integrações entre sistemas, foi solicitado o levantamento consolidado contendo os identificadores (IDs) e respectivas nomenclaturas das funções cadastradas nesses ambientes.

Objetivo
Realizar o levantamento das funções de operação existentes nos bancos de dados das plataformas SWS 1, SWS 2 e Atom (CR e OM), identificando os respectivos IDs e nomenclaturas, a fim de subsidiar análises técnicas e possíveis alinhamentos entre as estruturas operacionais.

Ações Técnicas
Realizar consulta nos bancos de dados do SWS 1 para levantamento das funções de operação cadastradas.
Realizar consulta nos bancos de dados do SWS 2 para levantamento das funções de operação cadastradas.
Realizar consulta nos bancos de dados da plataforma Atom contemplando os ambientes Control Room (CR) e Operations Manager (OM).
Consolidar os resultados contendo IDs e nomenclaturas das funções de operação.
Organizar as informações para envio e validação pelo coordenador solicitante.

Critério de Encerramento
Ticket poderá ser encerrado após a consolidação das informações contendo os IDs e nomenclaturas das funções de operação das plataformas SWS 1, SWS 2 e Atom (CR e OM) e envio dos dados ao coordenador Roniel Dias para análise.",,Adenilton Silva,,633212a0fedc6169aed6fd7c,,;10/mar/26 8:42 AM;633212a0fedc6169aed6fd7c;2400,,,,,,,,,,,,,3600,1200,2400,66%,3600,1200,2400,,,,,,,,,,,,,,,,,,,,,,,,,,,,,,,,com.atlassian.servicedesk.plugins.approvals.internal.customfield.ApprovalsCFValue@2736608a,,,,"Retirado, compilado e enviado conforme o solicitado.",,,,,,,,,,,,,,,,,,,,,,,,,,,,,,,,Difícil,,,,,,,,,,,,,,,,,,,,,,,,,10/mar/26 8:02 AM,10/mar/26 8:03 AM,10/mar/26 8:42 AM,10/mar/26 8:03 AM,,,,10/mar/26 8:02 AM,,,,,,,,,,,{},,,,,,,,,1.0,39.0,,,,,,,,,,,,,,,,,,,Sim ,,,,,,,,,,,,,,,,,,,,,,,,,,,,,,,,,,,,,,,,WhatsApp - PV,,,,,,,,,,,Suporte Técnico e Treinamento,,,,,,,,,,,,,,,,,,,,,,,,,,,,,,,,,,,,,,,,,,,,,,,,,,,,,,,,,,,,,,,,,,,,,,,,,,1|i03x06:,,,,,,,,,,,,,,,,,,,,,,,,,,,,,,,,,,,,,,,,,,,,,,,,,,,,,,,,,,,,,,,,,,,,,,,,,,,,,,,,,,,,,,,,,,,,,,,,,,,,,,,,,,,,,,,,,,,,,,6.500,,Não,,,,,,,,,,,,,,,,,,,,,14838_*:*_1_*:*_9819_*|*_14518_*:*_1_*:*_0,14838_*:*_1_*:*_9819_*|*_14518_*:*_1_*:*_0,,,,,,Itens concluídos,10/mar/26 8:42 AM
Atualização Providers_List COPA-50243,UNF2026-129,178716,Tarefa,Concluído,UNF2026,2026 - UNIDADE ESTRATÉGICA ,software,Adenilton Silva,633212a0fedc6169aed6fd7c,,,Itens concluídos,Adenilton Silva,633212a0fedc6169aed6fd7c,Marcelo Medina da Silva,712020:e15b2896-445b-477c-9eee-1230a94705b6,Marcelo Medina da Silva,712020:e15b2896-445b-477c-9eee-1230a94705b6,09/mar/26 4:31 PM,10/mar/26 11:26 AM,,10/mar/26 11:26 AM,,0,"Atualização Providers List, COPA-50243",,Marcelo Medina da Silva,,712020:e15b2896-445b-477c-9eee-1230a94705b6,,;10/mar/26 11:26 AM;633212a0fedc6169aed6fd7c;600,,,,,,,,,,,,,,0,600,,,0,600,,09/mar/26 4:31 PM;rk:0107cd48-bdde-4d7d-900b-1231edfa933b;Providers_List_COPA-50243.xlsx;https://agguidance.atlassian.net/rest/api/3/attachment/content/167736,10/mar/26 11:26 AM;633212a0fedc6169aed6fd7c;providers_list.csv;https://agguidance.atlassian.net/rest/api/3/attachment/content/167843,,,,,,,,,,,,,,,,,,,,,,,,,,,,,com.atlassian.servicedesk.plugins.approvals.internal.customfield.ApprovalsCFValue@492725fc,,,,"Ajustado conforme o padrão.

[^providers_list.csv]

",,,,,,,,,,,,,,,,,,,,,,,,,,,,,,,,Médio,,,,,,,,,,,,,,,,,,,,,,,,,09/mar/26 4:30 PM,10/mar/26 11:19 AM,10/mar/26 11:26 AM,10/mar/26 11:19 AM,,,,09/mar/26 4:30 PM,,,,,,,,,,,{},,,,,,,,,1129.0,7.0,,,,,,,,,,,,,,,,,,,Sim ,,,,,,,,,,,,,,,,,,,,,,,,,,,,,,,,,,,,,,,,JIRA ,,,,,,,,,,,Gestão de Dados e Integração,,,,,,,,,,,,,,,,,,,,,,,,,,,,,,,,,,,,,,,,,,,,,,,,,,,,,,,,,,,,,,,,,,,,,,,,,,1|i03wy6:,,,,,,,,,,,,,,,,,,,,,,,,,,,,,,,,,,,,,,,,,,,,,,,,,,,,,,,,,,,,,,,,,,,,,,,,,,,,,,,,,,,,,,,,,,,,,,,,,,,,,,,,,,,,,,,,,,,,,,6.300,,Talvez,,,,,,,,,,,,,,,,,,,,,14838_*:*_1_*:*_67626308_*|*_14518_*:*_1_*:*_0,14838_*:*_1_*:*_67626308_*|*_14518_*:*_1_*:*_0,,,,,,Itens concluídos,10/mar/26 11:26 AM
Atualização Providers_List TTG-50193,UNF2026-128,178715,Tarefa,Concluído,UNF2026,2026 - UNIDADE ESTRATÉGICA ,software,Adenilton Silva,633212a0fedc6169aed6fd7c,,,Itens concluídos,Adenilton Silva,633212a0fedc6169aed6fd7c,Marcelo Medina da Silva,712020:e15b2896-445b-477c-9eee-1230a94705b6,Marcelo Medina da Silva,712020:e15b2896-445b-477c-9eee-1230a94705b6,09/mar/26 4:27 PM,10/mar/26 11:25 AM,,10/mar/26 11:18 AM,,0,"Atualização Providers List, TTG-",,Marcelo Medina da Silva,,712020:e15b2896-445b-477c-9eee-1230a94705b6,,;10/mar/26 11:18 AM;633212a0fedc6169aed6fd7c;1320,,,,,,,,,,,,,,0,1320,,,0,1320,,09/mar/26 4:25 PM;rk:0107cd48-bdde-4d7d-900b-1231edfa933b;Providers_List_TTG-50193.xlsx;https://agguidance.atlassian.net/rest/api/3/attachment/content/167734,10/mar/26 11:25 AM;633212a0fedc6169aed6fd7c;providers_list (621d227c-6df2-44b5-8c94-3519fd9f49c4).csv;https://agguidance.atlassian.net/rest/api/3/attachment/content/167840,,,,,,,,,,,,,,,,,,,,,,,,,,,,,com.atlassian.servicedesk.plugins.approvals.internal.customfield.ApprovalsCFValue@3ab1108f,,,,"Ajustado conforme o padrão.

[^providers_list (621d227c-6df2-44b5-8c94-3519fd9f49c4).csv]

",,,,,,,,,,,,,,,,,,,,,,,,,,,,,,,,Médio,,,,,,,,,,,,,,,,,,,,,,,,,09/mar/26 4:23 PM,10/mar/26 10:56 AM,10/mar/26 11:18 AM,10/mar/26 10:56 AM,,,,09/mar/26 4:23 PM,,,,,,,,,,,{},,,,,,,,,1113.0,22.0,,,,,,,,,,,,,,,,,,,Sim ,,,,,,,,,,,,,,,,,,,,,,,,,,,,,,,,,,,,,,,,JIRA ,,,,,,,,,,,Gestão de Dados e Integração,,,,,,,,,,,,,,,,,,,,,,,,,,,,,,,,,,,,,,,,,,,,,,,,,,,,,,,,,,,,,,,,,,,,,,,,,,1|i03wxy:,,,,,,,,,,,,,,,,,,,,,,,,,,,,,,,,,,,,,,,,,,,,,,,,,,,,,,,,,,,,,,,,,,,,,,,,,,,,,,,,,,,,,,,,,,,,,,,,,,,,,,,,,,,,,,,,,,,,,,6.300,,Talvez,,,,,,,,,,,,,,,,,,,,,14838_*:*_1_*:*_66536465_*|*_14518_*:*_1_*:*_0,14838_*:*_1_*:*_66536465_*|*_14518_*:*_1_*:*_0,,,,,,Itens concluídos,10/mar/26 11:18 AM
"Acabei de fazer uma verificação na Plataforma CR de um bordo que já foi formatado recentemente e o mesmo se mantém com sintoma de perder cti no contrato Eucatex, logo já foi feita interação de cti remota e através de pendrive. Perde cti quando desliga.",UNF2026-126,178492,Tarefa,Concluído,UNF2026,2026 - UNIDADE ESTRATÉGICA ,software,Adenilton Silva,633212a0fedc6169aed6fd7c,,,Itens concluídos,Adenilton Silva,633212a0fedc6169aed6fd7c,Johnny Nascimento,712020:6c42c3f9-35c5-48d4-9271-bfa26979c0c4,Johnny Nascimento,712020:6c42c3f9-35c5-48d4-9271-bfa26979c0c4,09/mar/26 7:14 AM,20/mar/26 9:59 AM,,20/mar/26 9:57 AM,,0,"Bordo 291310 Eucatex, perdendo cti com constância mesmo com formatação e atualização remota e através de pendrive.",,Johnny Nascimento,,712020:6c42c3f9-35c5-48d4-9271-bfa26979c0c4,,;20/mar/26 9:57 AM;633212a0fedc6169aed6fd7c;1920,,,,,,,,,,,,,,0,1920,,,0,1920,,,,,,,,,,,,,,,,,,,,,,,,,,,,,,,,com.atlassian.servicedesk.plugins.approvals.internal.customfield.ApprovalsCFValue@5f6092d7,,,,"* Gerar registros.
* Coletar diagnóstico 
* Abrir GDC

Foi realizado com o contato com a equipe e identificado, que o display estava regredindo de CTI devido a uma configuração no ADMIN para atualização remota, foi sanada tal divergência.",,,,,,,,,,,,,,,,,,,,,,,,,,,,,,,,Médio,,,,,,,,,,,,,,,,,,,,,,,,09/mar/26 10:17 AM,09/mar/26 7:12 AM,09/mar/26 10:16 AM,20/mar/26 9:57 AM,09/mar/26 10:16 AM,,,,09/mar/26 7:12 AM,,,,,,,,,,,{},,,,,,,,15820.0,184.0,1.0,,,,,,,,,,,,,,,,,,,Sim ,,,,,,,,,,,,,,,,,,,,,,,,,,,,,,,,,,,,,,,,JIRA ,,,,,,,,,,,Análise e Diagnóstico de Bugs na Plataforma,,,,,,,,,,,,,,,,,,,,,,,,,,,,,,,,,,,,,,,,,,,,,,,,,,,,,,,,,,,,,,,,,,,,,,,,,,1|i03wqu:,,,,,,,,,,,,,,,,,,,,,,,,,,,,,,,,,,,,,,,,,,,,,,,,,,,,,,,,,,,,,,,,,,,,,,,,,,,,,,,,,,,,,,,,,,,,,,,,,,,,,,,,,,,,,,,,,,,,,,6.500,,Talvez,,,,,,,,,,,,,,,,,,,,,14838_*:*_1_*:*_10910439_*|*_14518_*:*_1_*:*_69778_*|*_14520_*:*_1_*:*_0,14838_*:*_1_*:*_10910439_*|*_14518_*:*_1_*:*_69778_*|*_14520_*:*_1_*:*_0,,,,,,Itens concluídos,20/mar/26 9:57 AM
6.800 - Erro de processamento de arquivos – Falha “No space left on device” ,UNF2026-125,178458,Tarefa,Concluído,UNF2026,2026 - UNIDADE ESTRATÉGICA ,software,Adenilton Silva,633212a0fedc6169aed6fd7c,,,Itens concluídos,Adenilton Silva,633212a0fedc6169aed6fd7c,Adenilton Silva,633212a0fedc6169aed6fd7c,Adenilton Silva,633212a0fedc6169aed6fd7c,08/mar/26 5:58 PM,09/mar/26 3:05 PM,,09/mar/26 3:05 PM,,0,"O técnico Marcio Almeida entrou em contato via WhatsApp informando que os dados não estavam sendo apresentados na plataforma. Após o recebimento e análise dos arquivos encaminhados pelo técnico, foi identificado que diversos arquivos estão apresentando falha de processamento.

Contexto Técnico
Durante a análise dos registros e arquivos enviados, foi identificado que a plataforma está retornando a mensagem de erro “No space left on device”, indicando ausência de espaço disponível no disco do ambiente responsável pelo processamento.
Devido a essa limitação de armazenamento, os arquivos não estão sendo processados corretamente, impossibilitando a efetivação e disponibilização dos dados na plataforma.

Objetivo
Restabelecer a capacidade de processamento dos arquivos liberando ou ampliando o espaço em disco do ambiente, permitindo que os dados sejam reprocessados e disponibilizados corretamente ao usuário.",,Adenilton Silva,,633212a0fedc6169aed6fd7c,,;09/mar/26 3:05 PM;633212a0fedc6169aed6fd7c;7320,,,,,,,,,,,,,10800,3480,7320,67%,10800,3480,7320,,,,,,,,,,,,,,,,,,,,,,,,,,,,,,,,com.atlassian.servicedesk.plugins.approvals.internal.customfield.ApprovalsCFValue@2f985a1d,,,,"Foi realizado contato com Guilherme Corrêa para análise da infraestrutura e inclusão de espaço adicional em disco no ambiente responsável pelo processamento dos arquivos.
Após a liberação de espaço no disco, será necessário realizar o reprocessamento dos arquivos que apresentaram falha.

Guilherme Correa nos deu um retorno em 09/03/2026 às 07:19, que havia ajustado, e reprocessamos.

Todos os dados de Março/2026 com o devido erro foram reprocessados.",,,,,,,,,,,,,,,,,,,,,,,,,,,,,,,,Difícil,,,,,,,,,,,,,,,,,,,,,,,08/mar/26 5:59 PM,,08/mar/26 5:56 PM,09/mar/26 7:48 AM,09/mar/26 3:05 PM,08/mar/26 5:59 PM,,,,08/mar/26 5:56 PM,,,,,,,,,,,{},,,,,,,829.0,,3.0,453.0,,,,,,,,,,,,,,,,,,,Não,,,,,,,,,,,,,,,,,,,,,,,,,,,,,,,,,,,,,,,,WhatsApp - PV,,,,,,,,,,,Análise e Diagnóstico de Bugs na Plataforma,,,,,,,,,,,,,,,,,,,,,,,,,,,,,,,,,,,,,,,,,,,,,,,,,,,,,,,,,,,,,,,,,,,,,,,,,,1|i03wqe:,,,,,,,,,,,,,,,,,,,,,,,,,,,,,,,,,,,,,,,,,,,,,,,,,,,,,,,,,,,,,,,,,,,,,,,,,,,,,,,,,,,,,,,,,,,,,,,,,,,,,,,,,,,,,,,,,,,,,,6.800,,Não,,,,,,,,,,,,,,,,,,,,,14838_*:*_1_*:*_14351_*|*_14518_*:*_2_*:*_5318_*|*_14522_*:*_1_*:*_49760463,14838_*:*_1_*:*_14351_*|*_14518_*:*_2_*:*_5318_*|*_14522_*:*_1_*:*_49760463,,,,,,Itens concluídos,09/mar/26 3:05 PM
6.300 - Suzano - Cerrado - Analisar BD - Logins sem permissões,UNF2026-124,178187,Tarefa,Concluído,UNF2026,2026 - UNIDADE ESTRATÉGICA ,software,Adenilton Silva,633212a0fedc6169aed6fd7c,,,Itens concluídos,Adenilton Silva,633212a0fedc6169aed6fd7c,Adenilton Silva,633212a0fedc6169aed6fd7c,Adenilton Silva,633212a0fedc6169aed6fd7c,06/mar/26 7:27 PM,09/mar/26 8:44 AM,,09/mar/26 8:44 AM,,0,"O técnico [~accountid:712020:6c42c3f9-35c5-48d4-9271-bfa26979c0c4] , realizou contato devido falhas na permissões doslogins dos operadores, realizamos uma call e constatamos uma falha no banco.

Os bancos estão rodando temporáriamente com o monitoring.db atualizado manualmente .",,Adenilton Silva,,633212a0fedc6169aed6fd7c,,;09/mar/26 8:44 AM;633212a0fedc6169aed6fd7c;7740,,,,,,,,,,,,,10800,3060,7740,71%,10800,3060,7740,,,,,,,,,,,,,,,,,,,,,,,,,,,,,,,,com.atlassian.servicedesk.plugins.approvals.internal.customfield.ApprovalsCFValue@1d1f1459,,,,"Foi analisado e identificado, que alteraram as permossões dos operadores, e com isso removeram a permissão de acessar o menu, foi identificado e corrigido tal divergêcia.",,,,,,,,,,,,,,,,,,,,,,,,,,,,,,,,Difícil,,,,,,,,,,,,,,,,,,,,,,,,,06/mar/26 7:24 PM,09/mar/26 7:56 AM,09/mar/26 8:44 AM,09/mar/26 7:56 AM,,,,06/mar/26 7:24 PM,,,,,,,,,,,{},,,,,,,,,3632.0,48.0,,,,,,,,,,,,,,,,,,,Não,,,,,,,,,,,,,,,,,,,,,,,,,,,,,,,,,,,,,,,,WhatsApp - PV,,,,,,,,,,,Gestão de Dados e Integração,,,,,,,,,,,,,,,,,,,,,,,,,,,,,,,,,,,,,,,,,,,,,,,,,,,,,,,,,,,,,,,,,,,,,,,,,,1|i03w0m:,,,,,,,,,,,,,,,,,,,,,,,,,,,,,,,,,,,,,,,,,,,,,,,,,,,,,,,,,,,,,,,,,,,,,,,,,,,,,,,,,,,,,,,,,,,,,,,,,,,,,,,,,,,,,,,,,,,,,,6.300,,Não,,,,,,,,,,,,,,,,,,,,,14838_*:*_1_*:*_217771389_*|*_14518_*:*_1_*:*_0,14838_*:*_1_*:*_217771389_*|*_14518_*:*_1_*:*_0,,,,,,Itens concluídos,09/mar/26 8:44 AM
6.300 - Análise de Providers List e abertura de GDC – Suzano Horizonte ,UNF2026-123,178128,Tarefa,Concluído,UNF2026,2026 - UNIDADE ESTRATÉGICA ,software,Adenilton Silva,633212a0fedc6169aed6fd7c,,,Itens concluídos,Adenilton Silva,633212a0fedc6169aed6fd7c,Adenilton Silva,633212a0fedc6169aed6fd7c,Adenilton Silva,633212a0fedc6169aed6fd7c,06/mar/26 1:53 PM,10/mar/26 4:47 PM,,10/mar/26 4:47 PM,,0,"O técnico Matheus Santana encaminhou via WhatsApp um arquivo contendo a providers list para inserção no ambiente do cliente Suzano Horizonte. Foi solicitado apoio para análise das informações e verificação da necessidade de abertura de GDC para cadastro dos provedores.

Contexto Técnico
O arquivo recebido contém a listagem de providers que deverão ser inseridos no ambiente do cliente. Antes da inserção é necessário validar as informações presentes no arquivo, garantindo que os provedores não estejam previamente cadastrados no ambiente e que os dados estejam adequados para o processo de cadastro. Caso seja identificado que os provedores ainda não existem no ambiente, será necessária a abertura de GDC para formalizar o processo de criação.

Objetivo
Realizar a análise da providers list enviada e garantir o correto procedimento para cadastro dos provedores no ambiente do cliente Suzano Horizonte.

Ações Técnicas
Analisar o arquivo de providers list enviado pelo técnico.
Validar se os provedores já existem no ambiente do cliente.
Conferir consistência das informações necessárias para cadastro.
Abrir GDC caso seja necessário o cadastro de novos provedores.
Registrar evidências do processo de análise e encaminhamentos realizados.

Critério de Encerramento
Providers devidamente analisados.
GDC aberta (caso aplicável) para cadastro dos provedores.
Registro da análise e das ações realizadas documentado no ticket.",,Adenilton Silva,,633212a0fedc6169aed6fd7c,,;10/mar/26 4:47 PM;633212a0fedc6169aed6fd7c;1980,,,,,,,,,,,,,3600,1620,1980,55%,3600,1620,1980,,,,,,,,,,,,,,,,,,,,,,,,,,,,,,,,com.atlassian.servicedesk.plugins.approvals.internal.customfield.ApprovalsCFValue@6894a548,,,,"Analisado o arquivo via script CMD, o memso apresentaram diversos erros que foram corrigidos.

Aberto [GDC-17022|https://agguidance.atlassian.net/servicedesk/customer/portal/3/GDC-17022].

Atualizado.",,,,,,,,,,,,,,,,,,,,,,,,,,,,,,,,Médio,,,,,,,,,,,,,,,,,,,,,,,06/mar/26 2:39 PM,,06/mar/26 1:52 PM,06/mar/26 1:54 PM,10/mar/26 4:47 PM,06/mar/26 1:54 PM,,,,06/mar/26 1:52 PM,,,,,,,,,,,{},,,,,,,5888.0,,2.0,45.0,,,,,,,,,,,,,,,,,,,Sim ,,,,,,,,,,,,,,,,,,,,,,,,,,,,,,,,,,,,,,,,WhatsApp - PV,,,,,,,,,,,Gestão de Dados e Integração,,,,,,,,,,,,,,,,,,,,,,,,,,,,,,,,,,,,,,,,,,,,,,,,,,,,,,,,,,,,,,,,,,,,,,,,,,1|i03vw6:,,,,,,,,,,,,,,,,,,,,,,,,,,,,,,,,,,,,,,,,,,,,,,,,,,,,,,,,,,,,,,,,,,,,,,,,,,,,,,,,,,,,,,,,,,,,,,,,,,,,,,,,,,,,,,,,,,,,,,6.300,,Talvez,,,,,,,,,,,,,,,,,,,,,14838_*:*_1_*:*_8195_*|*_14518_*:*_1_*:*_2753450_*|*_14522_*:*_1_*:*_0,14838_*:*_1_*:*_8195_*|*_14518_*:*_1_*:*_2753450_*|*_14522_*:*_1_*:*_0,,,,,,Itens concluídos,10/mar/26 4:47 PM
6.200 - Análise de erro no SWS – Arquivos Suzano Aramuc – Provedor ADCO 01 ,UNF2026-122,178092,Tarefa,Concluído,UNF2026,2026 - UNIDADE ESTRATÉGICA ,software,Adenilton Silva,633212a0fedc6169aed6fd7c,,,Itens concluídos,Adenilton Silva,633212a0fedc6169aed6fd7c,Adenilton Silva,633212a0fedc6169aed6fd7c,Adenilton Silva,633212a0fedc6169aed6fd7c,06/mar/26 11:33 AM,06/mar/26 1:05 PM,,06/mar/26 1:05 PM,,0,"O técnico [~accountid:63568308548f1fe6f0c58b99]  solicitou, via grupo de WhatsApp, a análise de arquivos referentes ao cliente Suzano – Aramuc, associados ao provedor ADCO 01, devido à ocorrência de erro identificado no sistema SWS.

Contexto Técnico
Segundo relato do técnico, os arquivos transmitidos do provedor ADCO 01 estão apresentando inconsistências no processamento dentro do sistema SWS. Diante disso, foi solicitado apoio para realizar a análise técnica dos arquivos e verificar possíveis falhas de estrutura, integridade ou inconsistência de dados que possam estar impactando o correto processamento das informações no sistema.",,Adenilton Silva,,633212a0fedc6169aed6fd7c,,;06/mar/26 1:05 PM;633212a0fedc6169aed6fd7c;5760,,,,,,,,,,,,,3600,0,5760,160%,3600,0,5760,,,,,,,,,,,,,,,,,,,,,,,,,,,,,,,,com.atlassian.servicedesk.plugins.approvals.internal.customfield.ApprovalsCFValue@4dc8e76b,,,,"Durante a análise foi identificado que diversos arquivos foram lançados diretamente em modo normal no SWS, mesmo havendo banco de dados CTI associado. Esse procedimento ocasionou inconsistências no processamento das informações. Dessa forma, será necessário realizar o reprocessamento dos dados em modo avançado, utilizando a função de operação correta.

Adicionalmente, foram identificadas inconsistências de cadastro envolvendo função de provedor, associação incorreta de provedor e ausência de cadastro de display.

Ações Técnicas Realizadas

23173
Identificada ausência de cadastro da função para o provedor PRSO. A função foi devidamente cadastrada e os arquivos foram reprocessados.

290024
Provedor associado incorretamente. Necessário realizar o ajuste do provedor e o reprocessamento dos dados.

291733
Provedor associado incorretamente. Necessário realizar o ajuste do provedor e o reprocessamento dos dados.

290022
Provedor associado incorretamente. Necessário realizar o ajuste do provedor e o reprocessamento dos dados.

21427
Provedor associado incorretamente. Necessário realizar o ajuste do provedor e o reprocessamento dos dados.

20115
Provedor associado incorretamente. Necessário realizar o ajuste do provedor e o reprocessamento dos dados.

24472
Provedor associado incorretamente. Necessário realizar o ajuste do provedor e o reprocessamento dos dados.

21590
Display sem cadastro no sistema. Será necessário realizar o cadastro do equipamento e, posteriormente, o reprocessamento dos dados.",,,,,,,,,,,,,,,,,,,,,,,,,,,,,,,,Fácil,,,,,,,,,,,,,,,,,,,,,,,,,06/mar/26 11:31 AM,06/mar/26 11:34 AM,06/mar/26 1:05 PM,06/mar/26 11:34 AM,,,,06/mar/26 11:31 AM,,,,,,,,,,,{},,,,,,,,,3.0,91.0,,,,,,,,,,,,,,,,,,,Sim ,,,,,,,,,,,,,,,,,,,,,,,,,,,,,,,,,,,,,,,,WhatsApp - Grupo,,,,,,,,,,,Gestão de Dados e Integração,,,,,,,,,,,,,,,,,,,,,,,,,,,,,,,,,,,,,,,,,,,,,,,,,,,,,,,,,,,,,,,,,,,,,,,,,,1|i03vva:,,,,,,,,,,,,,,,,,,,,,,,,,,,,,,,,,,,,,,,,,,,,,,,,,,,,,,,,,,,,,,,,,,,,,,,,,,,,,,,,,,,,,,,,,,,,,,,,,,,,,,,,,,,,,,,,,,,,,,6.200,,Não,,,,,,,,,,,,,,,,,,,,,14838_*:*_1_*:*_91693_*|*_14518_*:*_1_*:*_0,14838_*:*_1_*:*_91693_*|*_14518_*:*_1_*:*_0,,,,,,Itens concluídos,06/mar/26 1:05 PM
"Necessário verificação de cti Suzano cerrado, para passar nos bordos 29542 e 26917",UNF2026-121,177887,Tarefa,Concluído,UNF2026,2026 - UNIDADE ESTRATÉGICA ,software,Adenilton Silva,633212a0fedc6169aed6fd7c,,,Itens concluídos,Johnny Nascimento,712020:6c42c3f9-35c5-48d4-9271-bfa26979c0c4,Johnny Nascimento,712020:6c42c3f9-35c5-48d4-9271-bfa26979c0c4,Johnny Nascimento,712020:6c42c3f9-35c5-48d4-9271-bfa26979c0c4,05/mar/26 11:39 AM,06/mar/26 9:13 AM,,06/mar/26 9:12 AM,,0,"Verificação  de arquivo cti do cerrado para repasse nos bordos 29542 e 26917, ambos os equipamentos e grupo de operadores cadastrados",,Johnny Nascimento,,712020:6c42c3f9-35c5-48d4-9271-bfa26979c0c4,,,,,,,,,,,,,,,,,,,,,,,05/mar/26 3:35 PM;633212a0fedc6169aed6fd7c;image-20260305-183546.png;https://agguidance.atlassian.net/rest/api/3/attachment/content/167138,,,,,,,,,,,,,,,,,,,,,,,,,,,,,,com.atlassian.servicedesk.plugins.approvals.internal.customfield.ApprovalsCFValue@41c39aa7,,,,"Foi testada a CTI 0.0.87, e a mesma apresentou erro, foi analisado o diagnóstico e identificado que o problema estava no providers_list, analisando o arquivo, o mesmo não foi enviado no formato correto, não estava em CSV.

Foi ajustado e aberto um GDC para correção e  ajuste da retirada de CTI.

[GDC-17017|https://agguidance.atlassian.net/servicedesk/customer/portal/3/GDC-17017]



Forma que estava a planilha anteriormente:

!image-20260305-183546.png|width=332,alt=""image-20260305-183546.png""!

Christian Gimenez nos apoio de imediato na atualização do providers-list.



Realizada uma call com Geovane Silveira, o mesmo nos deu um apoio na correção do problema que estava ligado ao providers-list, mesmo enviando um novo, estava corrompido, foi pego um fomrulario do zero e preenchido, deu tudo certo e funcionou conforme o esperado.",,,,,,,,,,,,,,,,,,,,,,,,,,,,,,,,Médio,,,,,,,,,,,,,,,,,,,,,,,05/mar/26 3:36 PM,,05/mar/26 11:37 AM,06/mar/26 7:52 AM,06/mar/26 9:12 AM,05/mar/26 2:14 PM,,,,05/mar/26 11:37 AM,,,,,,,,,,,{},,,,,,,976.0,,157.0,162.0,,,,,,,,,,,,,,,,,,,Sim ,,,,,,,,,,,,,,,,,,,,,,,,,,,,,,,,,,,,,,,,JIRA ,WhatsApp - PV,,,,,,,,,,Análise e Diagnóstico de Bugs Embarcados,,,,,,,,,,,,,,,,,,,,,,,,,,,,,,,,,,,,,,,,,,,,,,,,,,,,,,,,,,,,,,,,,,,,,,,,,,1|i03vhq:,,,,,,,,,,,,,,,,,,,,,,,,,,,,,,,,,,,,,,,,,,,,,,,,,,,,,,,,,,,,,,,,,,,,,,,,,,,,,,,,,,,,,,,,,,,,,,,,,,,,,,,,,,,,,,,,,,,,,,6.300,6.500,Sim,,,,,,,,,,,,,,,,,,,,,14838_*:*_1_*:*_9299577_*|*_14518_*:*_2_*:*_4901669_*|*_14522_*:*_1_*:*_58576823,14838_*:*_1_*:*_9299577_*|*_14518_*:*_2_*:*_4901669_*|*_14522_*:*_1_*:*_58576823,,,,,,Itens concluídos,06/mar/26 9:12 AM
6.500 - Análise de erro de processamento de arquivos – Cliente Eucatex,UNF2026-119,177758,Tarefa,Concluído,UNF2026,2026 - UNIDADE ESTRATÉGICA ,software,Adenilton Silva,633212a0fedc6169aed6fd7c,,,Itens concluídos,Adenilton Silva,633212a0fedc6169aed6fd7c,Adenilton Silva,633212a0fedc6169aed6fd7c,Adenilton Silva,633212a0fedc6169aed6fd7c,04/mar/26 2:29 PM,04/mar/26 4:11 PM,,04/mar/26 4:10 PM,,0,"O coordenador Roniel Dias solicitou, via Teams, apoio para análise de arquivos do cliente Eucatex que apresentaram erro durante o processamento no SWS.

Contexto Técnico
Durante a verificação do arquivo enviado automaticamente pelo fornecedor Eucaflora, identificado como *291310_20260303_EUCAFLORA_2INSUMOS_0001.Ti*, foi constatado erro no processamento do tipo *SWS001 – Produtor não encontrado no banco de dados do SWS*.

O processamento foi interrompido ainda na etapa *Split 0*, indicando que o sistema não conseguiu associar o produtor informado no arquivo com um produtor cadastrado no banco de dados do SWS.

Dados identificados no processamento:
Produtor: Eucatex Florestal
Fornecedor: Eucaflora
Função: Subsolagem de Base
Veículo: BH 180 – TR20
Envio: Automático
Estado do processamento: Erro
Mensagem retornada: SWS001 – Produtor não encontrado no banco de dados do SWS

Objetivo
Realizar a análise do arquivo e validar o motivo pelo qual o produtor informado no envio não foi reconhecido pelo sistema, verificando possíveis inconsistências de cadastro ou associação no ambiente do SWS.

Ações Técnicas
Verificar se o produtor *Eucatex Florestal* está devidamente cadastrado no banco de dados do SWS.
Validar possíveis divergências entre o identificador do produtor informado no arquivo e o cadastro existente no sistema.
Analisar se há inconsistência de configuração entre produtor, fornecedor ou integração de envio automático.
Confirmar se o ambiente de destino possui o produtor corretamente registrado e ativo.

Critério de Encerramento
Ticket poderá ser encerrado após a identificação da causa do erro SWS001 e definição ou aplicação da correção necessária para permitir o processamento correto dos arquivos enviados pelo cliente.",,Adenilton Silva,,633212a0fedc6169aed6fd7c,,;04/mar/26 4:11 PM;633212a0fedc6169aed6fd7c;2820,,,,,,,,,,,,,3600,780,2820,78%,3600,780,2820,,,,,,,,,,,,,,,,,,,,,,,,,,,,,,,,com.atlassian.servicedesk.plugins.approvals.internal.customfield.ApprovalsCFValue@4beb591e,,,,"Analisado e toda parte de cadsstro ta ok, inclusive os displays 291310 e 291311 já haviam transmitidos dados automatico, foi realizado contato com o Guilherme Correa para entender a situação.
MAC também está ok, aparentemente algum ajuste interno.

Cadastros internos ajustados pelo Guilherme Correa, dados excluídos e lançados novamente no OM .",,,,,,,,,,,,,,,,,,,,,,,,,,,,,,,,Difícil,,,,,,,,,,,,,,,,,,,,,,,04/mar/26 3:01 PM,,04/mar/26 2:27 PM,04/mar/26 2:29 PM,04/mar/26 4:10 PM,04/mar/26 2:29 PM,,,,04/mar/26 2:27 PM,,,,,,,,,,,{},,,,,,,69.0,,2.0,32.0,,,,,,,,,,,,,,,,,,,Sim ,,,,,,,,,,,,,,,,,,,,,,,,,,,,,,,,,,,,,,,,Teams,,,,,,,,,,,Suporte Técnico e Treinamento,,,,,,,,,,,,,,,,,,,,,,,,,,,,,,,,,,,,,,,,,,,,,,,,,,,,,,,,,,,,,,,,,,,,,,,,,,1|i03v92:,,,,,,,,,,,,,,,,,,,,,,,,,,,,,,,,,,,,,,,,,,,,,,,,,,,,,,,,,,,,,,,,,,,,,,,,,,,,,,,,,,,,,,,,,,,,,,,,,,,,,,,,,,,,,,,,,,,,,,6.500,,Não,,,,,,,,,,,,,,,,,,,,,14838_*:*_1_*:*_14782_*|*_14518_*:*_1_*:*_1919002_*|*_14522_*:*_1_*:*_0,14838_*:*_1_*:*_14782_*|*_14518_*:*_1_*:*_1919002_*|*_14522_*:*_1_*:*_0,,,,,,Itens concluídos,04/mar/26 4:10 PM
6.200 - Ajuste de lógica de função para correção de divergência de Área Percorrida entre SWS e OM  Resumo da Solicitação,UNF2026-118,177752,Tarefa,Concluído,UNF2026,2026 - UNIDADE ESTRATÉGICA ,software,Adenilton Silva,633212a0fedc6169aed6fd7c,,,Itens concluídos,Adenilton Silva,633212a0fedc6169aed6fd7c,Adenilton Silva,633212a0fedc6169aed6fd7c,Adenilton Silva,633212a0fedc6169aed6fd7c,04/mar/26 2:01 PM,04/mar/26 2:04 PM,,04/mar/26 2:03 PM,,0,"h3. Resumo

Ajuste na lógica de função para corrigir divergência de Área Percorrida entre os sistemas SWS e OM.

h3. Contexto

O técnico Fabio Costa questionou uma divergência na métrica de Área Percorrida entre SWS e OM. Durante a análise, foi identificada uma configuração incorreta na lógica do botão remoto da função.

h3. Critérios de aceitação

* Corrigir a lógica de classificação da função do botão remoto.
* Garantir a correta interpretação das operações.
* Assegurar a coerência entre os dados apresentados no SWS e OM.

h3. Outras informações

A operação estava sendo interpretada como Subsolagem segundo VFS, quando deveria ser classificada como Botão Remoto ou Botão Remoto sem VFS. Essa configuração incorreta impactava o agrupamento das informações operacionais.",,Adenilton Silva,,633212a0fedc6169aed6fd7c,,;04/mar/26 2:01 PM;633212a0fedc6169aed6fd7c;10800,,,,,,,,,,,,,7200,0,10800,150%,7200,0,10800,,,,,,,,,,,,,,,,,,,,,,,,,,,,,,,,com.atlassian.servicedesk.plugins.approvals.internal.customfield.ApprovalsCFValue@4b4512c1,,,,"Realizada análise comparativa entre os dados de Área Percorrida nos sistemas SWS e OM.
Efetuado cruzamento das informações operacionais para identificação da causa da divergência.
Identificada inconsistência na lógica de interpretação da função associada ao botão remoto.
Realizado ajuste na lógica de classificação da função, corrigindo de Subsolagem (VFS) para Botão Remoto / Botão Remoto sem VFS.
Validado novamente o agrupamento das informações após o ajuste, confirmando a coerência entre os dados apresentados nos sistemas.

Critério de Encerramento
Lógica de classificação da função ajustada corretamente no sistema.
Agrupamento das operações revisado e validado.
Dados de Área Percorrida entre SWS e OM apresentados de forma coerente após a correção.",,,,,,,,,,,,,,,,,,,,,,,,,,,,,,,,Difícil,,,,,,,,,,,,,,,,,,,,,,,,,04/mar/26 8:00 AM,04/mar/26 8:30 AM,04/mar/26 2:03 PM,04/mar/26 2:03 PM,,,,04/mar/26 7:00 AM,,,,,,,,,,,{},,,,,,,,,15.0,128.0,,,,,,,,,,,,,,,,,,,Sim ,,,,,,,,,,,,,,,,,,,,,,,,,,,,,,,,,,,,,,,,Teams,,,,,,,,,,,Análise e Diagnóstico de Bugs na Plataforma,,,,,,,,,,,,,,,,,,,,,,,,,,,,,,,,,,,,,,,,,,,,,,,,,,,,,,,,,,,,,,,,,,,,,,,,,,1|i03v86:,,,,,,,,,,,,,,,,,,,,,,,,,,,,,,,,,,,,,,,,,,,,,,,,,,,,,,,,,,,,,,,,,,,,,,,,,,,,,,,,,,,,,,,,,,,,,,,,,,,,,,,,,,,,,,,,,,,,,,6.200,,Não,,,,,,,,,,,,,,,,,,,,,14838_*:*_1_*:*_104710_*|*_14518_*:*_1_*:*_0,14838_*:*_1_*:*_104710_*|*_14518_*:*_1_*:*_0,,,,,,Itens concluídos,04/mar/26 2:03 PM
Inserir novas nomenclaturas de atividades CTI WestRock.,UNF2026-115,177667,Tarefa,Concluído,UNF2026,2026 - UNIDADE ESTRATÉGICA ,software,Adenilton Silva,633212a0fedc6169aed6fd7c,,,Itens concluídos,Adenilton Silva,633212a0fedc6169aed6fd7c,William Silva de Queiroz,712020:711a0862-2da9-45eb-9e64-8116dc000ec6,William Silva de Queiroz,712020:711a0862-2da9-45eb-9e64-8116dc000ec6,04/mar/26 8:00 AM,20/mar/26 3:49 PM,,20/mar/26 3:47 PM,,0,"Inserir novas nomenclaturas de atividades CTI WestRock, essas nomenclaturas já existiam anteriormente, mas foi retirado, favor inserir essas atividades novamente.

Subsolagem com profundímetro

Adubação de Base 

Adubação de Cobertura",,William Silva de Queiroz,,712020:711a0862-2da9-45eb-9e64-8116dc000ec6,,13 minutos realizados anteriormente;20/mar/26 10:02 AM;633212a0fedc6169aed6fd7c;780,duração anterior da Dev Unidade: 22782;20/mar/26 12:08 PM;633212a0fedc6169aed6fd7c;7500,;20/mar/26 3:49 PM;633212a0fedc6169aed6fd7c;1260,,,,,,,,,,,,0,9540,,,0,9540,,04/mar/26 2:20 PM;633212a0fedc6169aed6fd7c;image-20260304-172023.png;https://agguidance.atlassian.net/rest/api/3/attachment/content/166915,,,,,,,,,,,,,,,,,,,,,,,,,,,,,,com.atlassian.servicedesk.plugins.approvals.internal.customfield.ApprovalsCFValue@57b0b654,,,,"Conforme solicitado, foram realizadas as devidas análises no ambiente relacionado ao banco de dados CTI. Durante a verificação não foram identificadas as funções mencionadas no questionamento.

Diante das análises realizadas, há indícios de que possa ter ocorrido uma confusão por parte do técnico entre os ambientes de banco de dados. As funções citadas provavelmente fazem referência ao banco de dados *SQLite*, e não ao banco *CTI*.

Cabe ressaltar que o banco de dados CTI, na época de sua estruturação, foi preparado especificamente para operação em *tratores de esteira*, não contemplando as funções mencionadas no questionamento.

Caso necessário, podemos aprofundar a análise considerando o ambiente SQLite para validar a origem das funções citadas.

!image-20260304-172023.png|width=332,alt=""image-20260304-172023.png""!

O ideal é que a UNidade resposável, realize os cadastros iniciais, conforme as solicitações anteriores.
Depois dos cadastros básicos estarem ok, aí ajustaremos partes mais complexas.

20/03/2026: 12:06

Resumo da Solicitação
Padronização das atividades operacionais e regras de classificação para as categorias de equipamentos ESTEIRA e Trator Agrícola.

Contexto Técnico
Foram definidas duas categorias de atividades:

01 – ESTEIRA
02 – Trator Agrícola

Ambas as categorias possuem a mesma estrutura operacional, contendo exatamente 35 atividades, organizadas nos seguintes grupos:

01 – Produtivo
02 – Auxiliar
03 – Perdido
04 – Outros

As atividades contemplam todo o ciclo operacional, incluindo operação produtiva, deslocamentos, manutenções, paradas operacionais, tempos improdutivos e rotinas de apoio.

Além disso, foram identificadas 5 funções de operação associadas aos equipamentos:

8700 – Subsolagem com Profundímetro (Trator Esteira)
8703 – Adubação Dose Única (Trator Agrícola)
8705 – Adubação de Base (Trator Agrícola)
8706 – Adubação de Cobertura (Trator Agrícola)
8707 – Barra de Luz (Trator Agrícola)

Objetivo
Garantir a padronização das atividades entre as categorias, permitindo consistência na análise operacional, rastreabilidade das operações e aplicação de regras automáticas de classificação.

Ações Técnicas
Validação do total de atividades por categoria (35 atividades)
Padronização dos grupos de atividades (Produtivo, Auxiliar, Perdido e Outros)
Associação das atividades às funções operacionais
Aplicação de regras de classificação operacional conforme comportamento da máquina:

* Atividades de parada classificadas como estado parado
* Atividades com movimento classificadas com base em velocidade
* Atividade de manobra com duração inferior a 60 segundos

Observação
A classificação das atividades deve seguir rigorosamente as regras de comportamento operacional, garantindo que eventos de parada não sejam interpretados como movimento e vice-versa, evitando distorções nos indicadores de produtividade e tempo operacional.

Critério de Encerramento
Confirmação de que ambas as categorias (ESTEIRA e Trator Agrícola) possuem as mesmas 35 atividades, corretamente classificadas por grupo, vinculadas às funções operacionais e com regras de negócio aplicadas (parado, movimento e manobra), sem divergências estruturais ou operacionais.

Técnico [~accountid:712020:711a0862-2da9-45eb-9e64-8116dc000ec6], validou o ajuste no novo BD.",,,,,,,,,,,,,,,,,,,,,,,,,,,,,,,,Médio,,,,,,,,,,,,,,,,,,,,,,,,20/mar/26 12:07 PM,04/mar/26 7:56 AM,20/mar/26 10:02 AM,20/mar/26 3:47 PM,04/mar/26 2:07 PM,,,,04/mar/26 7:56 AM,,,,,,,,,,,{},,,,,,,,23002.0,371.0,138.0,,,,,,,,,,,,,,,,,,,Sim ,,,,,,,,,,,,,,,,,,,,,,,,,,,,,,,,,,,,,,,,JIRA ,,,,,,,,,,,Atualizações e Novas Funcionalidades,Gestão de Dados e Integração,,,,,,,,,,,,,,,,,,,,,,,,,,,,,,,,,,,,,,,,,,,,,,,,,,,,,,,,,,,,,,,,,,,,,,,,,1|i03v5q:,,,,,,,,,,,,,,,,,,,,,,,,,,,,,,,,,,,,,,,,,,,,,,,,,,,,,,,,,,,,,,,,,,,,,,,,,,,,,,,,,,,,,,,,,,,,,,,,,,,,,,,,,,,,,,,,,,,,,,6.700,,Talvez,,,,,,,,,,,,,,,,,,,,,14838_*:*_1_*:*_21974509_*|*_14518_*:*_2_*:*_8333033_*|*_14520_*:*_2_*:*_1366890748,14838_*:*_1_*:*_21974509_*|*_14518_*:*_2_*:*_8333033_*|*_14520_*:*_2_*:*_1366890748,,,,,,Itens concluídos,20/mar/26 3:47 PM
6.800 - Envio de relatório e arquivos para análise de Pulverização – Samuel Ferreira  Resumo da Solicitação,UNF2026-114,177373,Tarefa,Concluído,UNF2026,2026 - UNIDADE ESTRATÉGICA ,software,Adenilton Silva,633212a0fedc6169aed6fd7c,,,Itens concluídos,Adenilton Silva,633212a0fedc6169aed6fd7c,Adenilton Silva,633212a0fedc6169aed6fd7c,Adenilton Silva,633212a0fedc6169aed6fd7c,03/mar/26 9:40 AM,03/mar/26 10:16 AM,,03/mar/26 10:03 AM,,0,"Samuel Ferreira solicitou apoio para envio de relatório acompanhado dos respectivos arquivos relacionados à operação de Pulverização, para fins de análise.

Contexto Técnico
A solicitação envolve a extração e consolidação dos dados operacionais de Pulverização no período a ser confirmado com o solicitante. Será necessário gerar o relatório analítico e separar os arquivos brutos correspondentes, garantindo que estejam íntegros e compatíveis para conferência técnica.

Objetivo
Disponibilizar ao solicitante um relatório estruturado contendo as principais informações da operação de Pulverização, juntamente com os arquivos utilizados na análise, permitindo validação técnica e conferência detalhada.

Ações Técnicas
Identificar o período e as máquinas envolvidas na solicitação.
Extrair os arquivos brutos do sistema correspondente.
Gerar relatório consolidado com os principais indicadores operacionais.
Validar consistência dos dados (área, efetivo, dose, tempo operacional, alertas, se aplicável).
Encaminhar relatório e arquivos ao solicitante.

Critério de Encerramento
Relatório gerado, arquivos anexados e enviados ao Samuel Ferreira, com confirmação de recebimento e validação inicial realizada pelo solicitante.",,Adenilton Silva,,633212a0fedc6169aed6fd7c,,;03/mar/26 10:16 AM;633212a0fedc6169aed6fd7c;1980,,,,,,,,,,,,,3600,1620,1980,55%,3600,1620,1980,,03/mar/26 10:03 AM;633212a0fedc6169aed6fd7c;03-03-2026_Apoio Samuel.zip;https://agguidance.atlassian.net/rest/api/3/attachment/content/166601,,,,,,,,,,,,,,,,,,,,,,,,,,,,,,com.atlassian.servicedesk.plugins.approvals.internal.customfield.ApprovalsCFValue@3265b484,,,,"Foram extraídas as devidas informações e enviadas para Samuel Ferreira conforme o solicitado.

[^03-03-2026_Apoio Samuel.zip]

",,,,,,,,,,,,,,,,,,,,,,,,,,,,,,,,Médio,,,,,,,,,,,,,,,,,,,,,,,,,03/mar/26 9:39 AM,03/mar/26 9:41 AM,03/mar/26 10:03 AM,03/mar/26 9:41 AM,,,,03/mar/26 9:39 AM,,,,,,,,,,,{},,,,,,,,,2.0,22.0,,,,,,,,,,,,,,,,,,,Sim ,,,,,,,,,,,,,,,,,,,,,,,,,,,,,,,,,,,,,,,,Teams,,,,,,,,,,,Suporte Técnico e Treinamento,,,,,,,,,,,,,,,,,,,,,,,,,,,,,,,,,,,,,,,,,,,,,,,,,,,,,,,,,,,,,,,,,,,,,,,,,,1|i03uze:,,,,,,,,,,,,,,,,,,,,,,,,,,,,,,,,,,,,,,,,,,,,,,,,,,,,,,,,,,,,,,,,,,,,,,,,,,,,,,,,,,,,,,,,,,,,,,,,,,,,,,,,,,,,,,,,,,,,,,6.800,,Talvez,,,,,,,,,,,,,,,,,,,,,14838_*:*_1_*:*_19072_*|*_14518_*:*_1_*:*_0,14838_*:*_1_*:*_19072_*|*_14518_*:*_1_*:*_0,,,,,,Itens concluídos,03/mar/26 10:03 AM
Cadastro EPS KBS para Eucatex,UNF2026-113,177304,Tarefa,Concluído,UNF2026,2026 - UNIDADE ESTRATÉGICA ,software,Adenilton Silva,633212a0fedc6169aed6fd7c,,,Itens concluídos,Adenilton Silva,633212a0fedc6169aed6fd7c,Lucas Antunes,712020:0b35175f-3a08-44b2-9242-66454d8bb33c,Lucas Antunes,712020:0b35175f-3a08-44b2-9242-66454d8bb33c,03/mar/26 8:18 AM,03/mar/26 10:41 AM,,03/mar/26 10:41 AM,,0,Será necessário realizar o cadastro da EPS KBS para o cliente Eucatex no banco de dados.,,Lucas Antunes,,712020:0b35175f-3a08-44b2-9242-66454d8bb33c,,;03/mar/26 10:41 AM;633212a0fedc6169aed6fd7c;2640,,,,,,,,,,,,,,0,2640,,,0,2640,,,,,,,,,,,,,,,,,,,,,,,,,,,,,,,,com.atlassian.servicedesk.plugins.approvals.internal.customfield.ApprovalsCFValue@3cb9e6da,,,,"Realizado o processo de cadastro.
Atom e SWS.",,,,,,,,,,,,,,,,,,,,,,,,,,,,,,,,Difícil,,,,,,,,,,,,,,,,,,,,,,,,,03/mar/26 8:15 AM,03/mar/26 10:16 AM,03/mar/26 10:41 AM,03/mar/26 10:16 AM,,,,03/mar/26 8:15 AM,,,,,,,,,,,{},,,,,,,,,121.0,25.0,,,,,,,,,,,,,,,,,,,Sim ,,,,,,,,,,,,,,,,,,,,,,,,,,,,,,,,,,,,,,,,WhatsApp - PV,,,,,,,,,,,Cadastro e Gestão de Geometrias,,,,,,,,,,,,,,,,,,,,,,,,,,,,,,,,,,,,,,,,,,,,,,,,,,,,,,,,,,,,,,,,,,,,,,,,,,1|i03uzi:,,,,,,,,,,,,,,,,,,,,,,,,,,,,,,,,,,,,,,,,,,,,,,,,,,,,,,,,,,,,,,,,,,,,,,,,,,,,,,,,,,,,,,,,,,,,,,,,,,,,,,,,,,,,,,,,,,,,,,6.500,,Não,,,,,,,,,,,,,,,,,,,,,14838_*:*_1_*:*_7119126_*|*_14518_*:*_1_*:*_0,14838_*:*_1_*:*_7119126_*|*_14518_*:*_1_*:*_0,,,,,,Itens concluídos,03/mar/26 10:41 AM
6.600 - Analisar erro TFP000 no processamento de arquivo – Suzano MA  Resumo da Solicitação,UNF2026-112,176965,Tarefa,Concluído,UNF2026,2026 - UNIDADE ESTRATÉGICA ,software,Adenilton Silva,633212a0fedc6169aed6fd7c,,,Itens concluídos,Adenilton Silva,633212a0fedc6169aed6fd7c,Adenilton Silva,633212a0fedc6169aed6fd7c,Adenilton Silva,633212a0fedc6169aed6fd7c,27/fev/26 5:35 PM,05/mar/26 12:40 PM,,05/mar/26 12:39 PM,,0,"O técnico Jonas Alves Pereira solicitou apoio para análise de erro no processamento de arquivo enviado via OM (modo avançado). O sistema retornou erro TFP000 – Erro no processamento, contate o suporte.

Contexto Técnico
Arquivo: 23080_20260206_hex-ag_adubacao_0001_2026_02_09_101929121960.ti
Produtor: Suzano-Maranhão
Fornecedor: JS - MA
Função: P37461 – Adubação de Cobertura
Veículo: 455
Enviado por: Jonas Alves Pereira
Data de envio: 26/02/2026 às 21:00
Status no processamento: Erro
Detalhe apresentado: TFP000 – Erro no processamento, contate o suporte
Observação: O mesmo arquivo, ao ser enviado no modo avançado do OM, apresenta o mesmo erro.

Objetivo
Identificar a causa do erro TFP000 no processamento do arquivo e validar se o problema está relacionado a inconsistência de dados, estrutura do arquivo, coordenadas (lat/long), configuração de produtor/provedor ou falha sistêmica.

Ações Técnicas

* Validar integridade e estrutura do arquivo .ti
* Conferir padrão de coordenadas (mín. e máx. lat/long)
* Verificar vínculo produtor x fornecedor x veículo
* Analisar logs de processamento
* Testar reprocessamento controlado
* Validar se ocorre bloqueio no OM em modo avançado

Critério de Encerramento
Erro identificado e documentado, com ação corretiva aplicada ou orientação formal enviada ao técnico Jonas, garantindo processamento válido do arquivo ou justificativa técnica conclusiva.",,Adenilton Silva,,633212a0fedc6169aed6fd7c,,;27/fev/26 5:48 PM;633212a0fedc6169aed6fd7c;1980,,,,,,,,,,,,,3600,1620,1980,55%,3600,1620,1980,,27/fev/26 5:56 PM;633212a0fedc6169aed6fd7c;image-20260227-205029.png;https://agguidance.atlassian.net/rest/api/3/attachment/content/166173,05/mar/26 12:38 PM;633212a0fedc6169aed6fd7c;image-20260305-153836.png;https://agguidance.atlassian.net/rest/api/3/attachment/content/167052,,,,,,,,,,,,,,,,,,,,,,,,,,,,,com.atlassian.servicedesk.plugins.approvals.internal.customfield.ApprovalsCFValue@4ebbb9d0,,,,"Foram analisados os dados, e os mesmo estão efetivando conforme padrão esperado.

Porém um arquivo apresenta um erro, e pede para contactar o suporte.

Ecaminhado ao Guilherme Correa 

PD.

!image-20260227-205029.png|width=522,alt=""image-20260227-205029.png""!

Dados são produtivos.



Ajustado por Guilherme Correa, ajustes internos por parte do PD.

!image-20260305-153836.png|width=332,alt=""image-20260305-153836.png""!",,,,,,,,,,,,,,,,,,,,,,,,,,,,,,,,Difícil,,,,,,,,,,,,,,,,,,,,,,,27/fev/26 5:49 PM,,27/fev/26 5:34 PM,05/mar/26 12:32 PM,05/mar/26 12:39 PM,27/fev/26 5:42 PM,,,,27/fev/26 5:34 PM,,,,,,,,,,,{},,,,,,,8323.0,,8.0,15.0,,,,,,,,,,,,,,,,,,,Sim ,,,,,,,,,,,,,,,,,,,,,,,,,,,,,,,,,,,,,,,,WhatsApp - PV,,,,,,,,,,,Gestão de Dados e Integração,,,,,,,,,,,,,,,,,,,,,,,,,,,,,,,,,,,,,,,,,,,,,,,,,,,,,,,,,,,,,,,,,,,,,,,,,,1|i03uke:,,,,,,,,,,,,,,,,,,,,,,,,,,,,,,,,,,,,,,,,,,,,,,,,,,,,,,,,,,,,,,,,,,,,,,,,,,,,,,,,,,,,,,,,,,,,,,,,,,,,,,,,,,,,,,,,,,,,,,6.600,,Não,,,,,,,,,,,,,,,,,,,,,14838_*:*_1_*:*_470493_*|*_14518_*:*_2_*:*_381499_*|*_14522_*:*_1_*:*_499419465,14838_*:*_1_*:*_470493_*|*_14518_*:*_2_*:*_381499_*|*_14522_*:*_1_*:*_499419465,,,,,,Itens concluídos,05/mar/26 12:39 PM
6.500 - Análise de dados na plataforma SWS (Welinton Silva)  Resumo da Solicitação,UNF2026-111,176889,Tarefa,Concluído,UNF2026,2026 - UNIDADE ESTRATÉGICA ,software,Adenilton Silva,633212a0fedc6169aed6fd7c,,,Itens concluídos,Adenilton Silva,633212a0fedc6169aed6fd7c,Adenilton Silva,633212a0fedc6169aed6fd7c,Adenilton Silva,633212a0fedc6169aed6fd7c,27/fev/26 11:30 AM,27/fev/26 3:15 PM,,27/fev/26 3:15 PM,,0,"Prestação de apoio técnico ao Welinton Silva, que está em campo e solicitou análise dos dados disponíveis na plataforma SWS para validação das informações operacionais.

Contexto Técnico
O técnico Welinton Silva entrou em contato solicitando suporte para análise dos dados apresentados na SWS. A demanda está relacionada à validação de informações operacionais coletadas em campo, com possível divergência ou necessidade de conferência entre o realizado e o apresentado na plataforma.

Objetivo
Analisar os dados na plataforma SWS, validar integridade das informações, identificar possíveis inconsistências e fornecer retorno técnico ao solicitante para tomada de decisão em campo.

Ações Técnicas
Acessar a plataforma SWS e identificar os equipamentos/atividades envolvidos
Extrair e analisar os dados brutos do período informado
Validar informações de área, efetivo, atividades e status operacionais
Verificar possíveis falhas de comunicação, sincronização ou parametrização
Documentar evidências e retornar ao técnico com parecer técnico

Critério de Encerramento
Análise concluída
Parecer técnico enviado ao solicitante
Validação confirmada com o técnico Welinton Silva
Chamado devidamente documentado com evidências anexadas, se aplicável",,Adenilton Silva,,633212a0fedc6169aed6fd7c,,;27/fev/26 11:38 AM;633212a0fedc6169aed6fd7c;1380,;27/fev/26 3:15 PM;633212a0fedc6169aed6fd7c;900,,,,,,,,,,,,5400,3120,2280,42%,5400,3120,2280,,,,,,,,,,,,,,,,,,,,,,,,,,,,,,,,com.atlassian.servicedesk.plugins.approvals.internal.customfield.ApprovalsCFValue@132cda51,,,,"Analisado e enviado ao técnico Welinton que o display 24168 está transmitidno ok, segundo o memso foi ajustado em campo, foi solicitado também a coleta manual.



Chamado finalizado por falta de interação do técnico Welinton Silva.",,,,,,,,,,,,,,,,,,,,,,,,,,,,,,,,Fácil,,,,,,,,,,,,,,,,,,,,,,,,27/fev/26 11:38 AM,27/fev/26 11:27 AM,27/fev/26 11:30 AM,27/fev/26 3:15 PM,27/fev/26 11:30 AM,,,,27/fev/26 11:27 AM,,,,,,,,,,,{},,,,,,,,217.0,3.0,8.0,,,,,,,,,,,,,,,,,,,Sim ,,,,,,,,,,,,,,,,,,,,,,,,,,,,,,,,,,,,,,,,WhatsApp - PV,,,,,,,,,,,Gestão de Dados e Integração,,,,,,,,,,,,,,,,,,,,,,,,,,,,,,,,,,,,,,,,,,,,,,,,,,,,,,,,,,,,,,,,,,,,,,,,,,1|i03ud2:,,,,,,,,,,,,,,,,,,,,,,,,,,,,,,,,,,,,,,,,,,,,,,,,,,,,,,,,,,,,,,,,,,,,,,,,,,,,,,,,,,,,,,,,,,,,,,,,,,,,,,,,,,,,,,,,,,,,,,6.500,,Sim,,,,,,,,,,,,,,,,,,,,,14838_*:*_1_*:*_16699_*|*_14518_*:*_1_*:*_503861_*|*_14520_*:*_1_*:*_0,14838_*:*_1_*:*_16699_*|*_14518_*:*_1_*:*_503861_*|*_14520_*:*_1_*:*_0,,,,,,Itens concluídos,27/fev/26 3:15 PM
"6.600 - Análise de erro de integração OM x SWS – Displays 24105, 23177 e 23072  Resumo da Solicitação",UNF2026-110,176829,Tarefa,Concluído,UNF2026,2026 - UNIDADE ESTRATÉGICA ,software,Adenilton Silva,633212a0fedc6169aed6fd7c,,,Itens concluídos,Adenilton Silva,633212a0fedc6169aed6fd7c,Adenilton Silva,633212a0fedc6169aed6fd7c,Adenilton Silva,633212a0fedc6169aed6fd7c,27/fev/26 8:04 AM,27/fev/26 5:23 PM,,27/fev/26 5:23 PM,,0,"O técnico Jonas solicitou via WhatsApp uma análise técnica dos displays 24105, 23177 e 23072, devido à ocorrência de inconsistências na integração de dados entre OM e SWS.

Contexto Técnico
Os equipamentos mencionados estão apresentando divergências ou falhas no envio/recebimento de informações entre as plataformas OM e SWS.
O problema pode estar relacionado a falhas de sincronização, inconsistência de configuração, vínculo incorreto de produtor/provider, falha de comunicação ou processamento incompleto dos arquivos.

Objetivo
Identificar a causa raiz das inconsistências na integração OM x SWS para os displays informados e validar a integridade do fluxo de dados entre as plataformas.

Ações Técnicas

* Validar no banco de dados o vínculo dos displays com producer/provider.
* Conferir logs de integração OM x SWS para os equipamentos citados.
* Verificar se há falhas de transmissão, arquivos pendentes ou rejeitados.
* Validar parametrizações no OM e no SWS.
* Testar reprocessamento de integração, se aplicável.
* Documentar evidências técnicas da análise realizada.

Critério de Encerramento
Chamado poderá ser encerrado após:

* Identificação e correção da causa do erro de integração, ou
* Confirmação da normalização do fluxo OM x SWS para os displays 24105, 23177 e 23072,
* Registro das evidências técnicas e validação com o solicitante.",,Adenilton Silva,,633212a0fedc6169aed6fd7c,,;27/fev/26 11:07 AM;633212a0fedc6169aed6fd7c;1980,;27/fev/26 5:23 PM;633212a0fedc6169aed6fd7c;1200,,,,,,,,,,,,3600,420,3180,88%,3600,420,3180,,,,,,,,,,,,,,,,,,,,,,,,,,,,,,,,com.atlassian.servicedesk.plugins.approvals.internal.customfield.ApprovalsCFValue@55ec772,,,,"Realizadas as devidas analises e constatado que : 24105 - SWS : c7a60000003dc2fc - Admin: Sem cad
23177 - SWS : 7600600003dc2fc - Admin:	7600600003dc2fc
23072 - SWS : 3610600003dc2fc - Admin:  3610600003dc2fc.



Solicitado ao Guilherme Correa a correção dos MAC, e a situação do display sem cadastro como proceder.

Guilher ajustou o MAC e ativou o display que estava inativo.



Os dados foram reprocessados e efetivados conforme o padrão esperado.",,,,,,,,,,,,,,,,,,,,,,,,,,,,,,,,Difícil,,,,,,,,,,,,,,,,,,,,,,,27/fev/26 11:07 AM,,27/fev/26 8:02 AM,27/fev/26 10:49 AM,27/fev/26 5:23 PM,27/fev/26 10:49 AM,,,,26/fev/26 10:00 PM,,,,,,,,,,,{},,,,,,,376.0,,167.0,18.0,,,,,,,,,,,,,,,,,,,Não,,,,,,,,,,,,,,,,,,,,,,,,,,,,,,,,,,,,,,,,WhatsApp - PV,,,,,,,,,,,Gestão de Dados e Integração,,,,,,,,,,,,,,,,,,,,,,,,,,,,,,,,,,,,,,,,,,,,,,,,,,,,,,,,,,,,,,,,,,,,,,,,,,1|i03u5i:,,,,,,,,,,,,,,,,,,,,,,,,,,,,,,,,,,,,,,,,,,,,,,,,,,,,,,,,,,,,,,,,,,,,,,,,,,,,,,,,,,,,,,,,,,,,,,,,,,,,,,,,,,,,,,,,,,,,,,6.600,,Não,,,,,,,,,,,,,,,,,,,,,14838_*:*_1_*:*_9911565_*|*_14518_*:*_1_*:*_1100137_*|*_14522_*:*_1_*:*_0,14838_*:*_1_*:*_9911565_*|*_14518_*:*_1_*:*_1100137_*|*_14522_*:*_1_*:*_0,,,,,,Itens concluídos,27/fev/26 5:23 PM
6.500 - Solicitação Apoio Analise de Dados,UNF2026-109,176753,Tarefa,Concluído,UNF2026,2026 - UNIDADE ESTRATÉGICA ,software,Adenilton Silva,633212a0fedc6169aed6fd7c,,,Itens concluídos,Adenilton Silva,633212a0fedc6169aed6fd7c,Welinton Silva,712020:21e2d9c9-0f61-4500-b7e0-312746cc1897,Welinton Silva,712020:21e2d9c9-0f61-4500-b7e0-312746cc1897,26/fev/26 4:04 PM,26/fev/26 4:59 PM,,26/fev/26 4:59 PM,,0,"Solicito um apoio para analise de dados, Para o cliente Sylvamo.

Foi analisado e identificado que os dados referentes ao display 24168 e 
25418, estão sem transmitir a um longo período, provável causa de falta de arquivos na plataforma SWS.",,Welinton Silva,,712020:21e2d9c9-0f61-4500-b7e0-312746cc1897,,;26/fev/26 4:59 PM;633212a0fedc6169aed6fd7c;2580,,,,,,,,,,,,,,0,2580,,,0,2580,,,,,,,,,,,,,,,,,,,,,,,,,,,,,,,,com.atlassian.servicedesk.plugins.approvals.internal.customfield.ApprovalsCFValue@fa98aa2,,,,"Foi analisado e identificado que o display 292151 está desde o dia 20/01/2026 até hoje sem dados, ocorreu uma atualização de CTI e o display perdeu as configurações de Log devido a isso não sincronizou a nuvem e não houve arquivos transmitidos.



Devolutiva ao técnico [~accountid:712020:21e2d9c9-0f61-4500-b7e0-312746cc1897] via Whatsapp.",,,,,,,,,,,,,,,,,,,,,,,,,,,,,,,,Fácil,,,,,,,,,,,,,,,,,,,,,,,,,26/fev/26 4:00 PM,26/fev/26 4:59 PM,26/fev/26 4:59 PM,26/fev/26 4:59 PM,,,,26/fev/26 4:00 PM,,,,,,,,,,,{},,,,,,,,,59.0,0.0,,,,,,,,,,,,,,,,,,,Sim ,,,,,,,,,,,,,,,,,,,,,,,,,,,,,,,,,,,,,,,,JIRA ,,,,,,,,,,,Suporte Técnico e Treinamento,,,,,,,,,,,,,,,,,,,,,,,,,,,,,,,,,,,,,,,,,,,,,,,,,,,,,,,,,,,,,,,,,,,,,,,,,,1|i03tzi:,,,,,,,,,,,,,,,,,,,,,,,,,,,,,,,,,,,,,,,,,,,,,,,,,,,,,,,,,,,,,,,,,,,,,,,,,,,,,,,,,,,,,,,,,,,,,,,,,,,,,,,,,,,,,,,,,,,,,,6.500,,Sim,,,,,,,,,,,,,,,,,,,,,14838_*:*_1_*:*_3284411_*|*_14518_*:*_1_*:*_0,14838_*:*_1_*:*_3284411_*|*_14518_*:*_1_*:*_0,,,,,,Itens concluídos,26/fev/26 4:59 PM
6.300 - Cadastro de talhões comerciais – Fazenda TRF Leque – Carpelo  Descrição  Resumo da Solicitação,UNF2026-108,176704,Tarefa,Concluído,UNF2026,2026 - UNIDADE ESTRATÉGICA ,software,Adenilton Silva,633212a0fedc6169aed6fd7c,,,Itens concluídos,Adenilton Silva,633212a0fedc6169aed6fd7c,Adenilton Silva,633212a0fedc6169aed6fd7c,Adenilton Silva,633212a0fedc6169aed6fd7c,26/fev/26 2:05 PM,27/fev/26 11:50 AM,,27/fev/26 11:50 AM,,0,"Recebido e-mail da analista Letícia Vaz Molinari solicitando o cadastro dos talhões comerciais da Fazenda TRF – Leque no provedor da empresa Carpelo.

Contexto Técnico
Solicitante: Letícia Vaz Molinari
Empresa: TTG Brasil
Fazenda: TRF – Leque
Provedor: Carpelo
Anexo recebido: 20260225_TRF_-_Leque.zip
Origem: E-mail

Objetivo
Realizar o cadastro dos talhões comerciais da Fazenda TRF – Leque no provedor Carpelo, conforme base encaminhada.

Ações Técnicas

* Validar integridade do arquivo recebido
* Conferir projeção e estrutura das geometrias
* Verificar possíveis duplicidades na base atual
* Realizar cadastro dos talhões no provedor Carpelo
* Validar sincronização no sistema",,Adenilton Silva,,633212a0fedc6169aed6fd7c,,;27/fev/26 11:50 AM;633212a0fedc6169aed6fd7c;1620,,,,,,,,,,,,,3600,1980,1620,45%,3600,1980,1620,,,,,,,,,,,,,,,,,,,,,,,,,,,,,,,,com.atlassian.servicedesk.plugins.approvals.internal.customfield.ApprovalsCFValue@1bb591fe,,,,"Base tratada e cadastrada conforme o padrão esperado.
Retornado ao cliente via e-mail.",,,,,,,,,,,,,,,,,,,,,,,,,,,,,,,,Difícil,,,,,,,,,,,,,,,,,,,,,,,,,26/fev/26 2:04 PM,27/fev/26 11:22 AM,27/fev/26 11:50 AM,27/fev/26 11:22 AM,,,,26/fev/26 2:04 PM,,,,,,,,,,,{},,,,,,,,,1278.0,28.0,,,,,,,,,,,,,,,,,,,Sim ,,,,,,,,,,,,,,,,,,,,,,,,,,,,,,,,,,,,,,,,E-mail,,,,,,,,,,,Cadastro e Gestão de Geometrias,,,,,,,,,,,,,,,,,,,,,,,,,,,,,,,,,,,,,,,,,,,,,,,,,,,,,,,,,,,,,,,,,,,,,,,,,,1|i03twu:,,,,,,,,,,,,,,,,,,,,,,,,,,,,,,,,,,,,,,,,,,,,,,,,,,,,,,,,,,,,,,,,,,,,,,,,,,,,,,,,,,,,,,,,,,,,,,,,,,,,,,,,,,,,,,,,,,,,,,6.300,,Não,,,,,,,,,,,,,,,,,,,,,14838_*:*_1_*:*_76565792_*|*_14518_*:*_1_*:*_0,14838_*:*_1_*:*_76565792_*|*_14518_*:*_1_*:*_0,,,,,,Itens concluídos,27/fev/26 11:50 AM
6.600 - Análise de inconsistência de dados – Displays 23083 e 23107 – Suzano | JS  ,UNF2026-107,176596,Tarefa,Concluído,UNF2026,2026 - UNIDADE ESTRATÉGICA ,software,Adenilton Silva,633212a0fedc6169aed6fd7c,,,Itens concluídos,Adenilton Silva,633212a0fedc6169aed6fd7c,Adenilton Silva,633212a0fedc6169aed6fd7c,Adenilton Silva,633212a0fedc6169aed6fd7c,26/fev/26 8:05 AM,26/fev/26 9:13 AM,,26/fev/26 9:13 AM,,0,"Foi realizado um chamado via WhatsApp pelo técnico Jonas Pereira solicitando apoio na análise dos displays 23083 e 23107. Segundo informado, os equipamentos estão apresentando inconsistências nos dados transmitidos.

Contexto Técnico
Produtor: Suzano
Provedor: JS
Equipamentos: Displays 23083 e 23107
Sistema/Módulo: SWS


Objetivo
Identificar a causa das inconsistências nos dados dos displays, verificando possíveis falhas de comunicação, parametrização, associação produtor x provedor ou inconsistência de integração.

Ações Técnicas

* Validar associação dos displays ao produtor e provedor
* Analisar logs e sincronização dos dispositivos
* Verificar período de ocorrência das inconsistências
* Conferir integridade dos dados no SWS
* Retornar diagnóstico ao técnico solicitante",,Adenilton Silva,,633212a0fedc6169aed6fd7c,,;26/fev/26 9:12 AM;633212a0fedc6169aed6fd7c;1980,,,,,,,,,,,,,3600,1620,1980,55%,3600,1620,1980,,,,,,,,,,,,,,,,,,,,,,,,,,,,,,,,com.atlassian.servicedesk.plugins.approvals.internal.customfield.ApprovalsCFValue@4e051513,,,,"Feito contato com o Guilherme Correa para ajustes do MAC ambos os displays continham apenas 15 caracteres, sendo obrigatório 16, analisado pelo Admin.

Após a correção feita, os dados fpram reprocessados e normalizaram conforme o esperadp.",,,,,,,,,,,,,,,,,,,,,,,,,,,,,,,,Médio,,,,,,,,,,,,,,,,,,,,,,,26/fev/26 9:11 AM,,26/fev/26 8:03 AM,26/fev/26 8:05 AM,26/fev/26 9:13 AM,26/fev/26 8:05 AM,,,,26/fev/26 8:03 AM,,,,,,,,,,,{},,,,,,,2.0,,2.0,66.0,,,,,,,,,,,,,,,,,,,Sim ,,,,,,,,,,,,,,,,,,,,,,,,,,,,,,,,,,,,,,,,WhatsApp - PV,,,,,,,,,,,Gestão de Dados e Integração,,,,,,,,,,,,,,,,,,,,,,,,,,,,,,,,,,,,,,,,,,,,,,,,,,,,,,,,,,,,,,,,,,,,,,,,,,1|i03tpy:,,,,,,,,,,,,,,,,,,,,,,,,,,,,,,,,,,,,,,,,,,,,,,,,,,,,,,,,,,,,,,,,,,,,,,,,,,,,,,,,,,,,,,,,,,,,,,,,,,,,,,,,,,,,,,,,,,,,,,6.600,,Talvez,,,,,,,,,,,,,,,,,,,,,14838_*:*_1_*:*_9550_*|*_14518_*:*_1_*:*_3927597_*|*_14522_*:*_1_*:*_0,14838_*:*_1_*:*_9550_*|*_14518_*:*_1_*:*_3927597_*|*_14522_*:*_1_*:*_0,,,,,,Itens concluídos,26/fev/26 9:13 AM
6.300 - Análise de configurações e integrações – Produtor TTG (Carpelo e JS),UNF2026-106,176392,Tarefa,Concluído,UNF2026,2026 - UNIDADE ESTRATÉGICA ,software,Adenilton Silva,633212a0fedc6169aed6fd7c,,,Itens concluídos,Adenilton Silva,633212a0fedc6169aed6fd7c,Adenilton Silva,633212a0fedc6169aed6fd7c,Adenilton Silva,633212a0fedc6169aed6fd7c,25/fev/26 9:07 AM,05/mar/26 1:58 PM,,05/mar/26 1:56 PM,,0,"Solicitação do técnico Marcelo Medina para análise das configurações e integrações do produtor TTG.

Provedores envolvidos:
Carpelo
JS

Objetivo é revisar o cenário atual, validar possíveis inconsistências e verificar se as integrações estão ocorrendo conforme esperado.

Ações

– Levantar configurações atuais do TTG para os provedores Carpelo e JS
– Validar integrações ativas e fluxos de comunicação
– Identificar possíveis ajustes ou inconsistências
– Retornar posicionamento técnico após análise",,Adenilton Silva,,633212a0fedc6169aed6fd7c,,;26/fev/26 9:06 AM;633212a0fedc6169aed6fd7c;2100,;05/mar/26 1:58 PM;633212a0fedc6169aed6fd7c;4320,,,,,,,,,,,,3600,0,6420,178%,3600,0,6420,,,,,,,,,,,,,,,,,,,,,,,,,,,,,,,,com.atlassian.servicedesk.plugins.approvals.internal.customfield.ApprovalsCFValue@53ff6451,,,,"Analisados os displays no SWS x Admin, faltam cadastros no Admin, também à apenas 3 funções cadastradas no Admin, foi retornado ao técnico media, o mesmo irá ajustar as pendências e nos retornar.

O técnico Medina, fez os devidos ajustes e nos retornou, realimos os devidos alinhamentos entre os bancos, e está ok.



Também realizamos um cadatsro de estrutura e um ajuste para recebimento das mesmos pois não havia configuração no CR.",,,,,,,,,,,,,,,,,,,,,,,,,,,,,,,,Médio,,,,,,,,,,,,,,,,,,,,,,,,26/fev/26 9:06 AM,,05/mar/26 12:41 PM,05/mar/26 1:56 PM,26/fev/26 8:34 AM,,,,25/fev/26 9:02 AM,,,,,,,,,,,{},,,,,,,,10295.0,0.0,107.0,,,,,,,,,,,,,,,,,,,Sim ,,,,,,,,,,,,,,,,,,,,,,,,,,,,,,,,,,,,,,,,WhatsApp - PV,,,,,,,,,,,Gestão de Dados e Integração,,,,,,,,,,,,,,,,,,,,,,,,,,,,,,,,,,,,,,,,,,,,,,,,,,,,,,,,,,,,,,,,,,,,,,,,,,1|i03teu:,,,,,,,,,,,,,,,,,,,,,,,,,,,,,,,,,,,,,,,,,,,,,,,,,,,,,,,,,,,,,,,,,,,,,,,,,,,,,,,,,,,,,,,,,,,,,,,,,,,,,,,,,,,,,,,,,,,,,,6.300,,Talvez,,,,,,,,,,,,,,,,,,,,,14838_*:*_1_*:*_84438688_*|*_14518_*:*_2_*:*_1918915_*|*_14520_*:*_1_*:*_617700035,14838_*:*_1_*:*_84438688_*|*_14518_*:*_2_*:*_1918915_*|*_14520_*:*_1_*:*_617700035,,,,,,Itens concluídos,05/mar/26 1:56 PM
"Desabilitar ""Envio de Arquivos - SWS"" - SUZANO",UNF2026-102,175940,Tarefa,Concluído,UNF2026,2026 - UNIDADE ESTRATÉGICA ,software,Adenilton Silva,633212a0fedc6169aed6fd7c,,,Itens concluídos,Adenilton Silva,633212a0fedc6169aed6fd7c,Roniel Dias,60dc6c037d016900702ba63d,Roniel Dias,60dc6c037d016900702ba63d,24/fev/26 8:58 AM,27/fev/26 8:26 AM,,27/fev/26 8:26 AM,,0,"Com a nova mudança do banco de dados do cliente SUZANO, é necessário que seja desabilitado todas as funções de envio de dados via SWS, assim garantindo que os dados que forem enviados manualmente sejam enviados pelo OM. Comunicado já foi feito a toda SUZANO a cerca de duas semanas e orientado com a gravação de um vídeo do novo processo, onde foi compartilhado com todas as pessoas do processo.",,Roniel Dias,,60dc6c037d016900702ba63d,,;27/fev/26 8:26 AM;633212a0fedc6169aed6fd7c;3780,,,,,,,,,,,,,,0,3780,,,0,3780,,27/fev/26 8:26 AM;633212a0fedc6169aed6fd7c;image-20260227-112541.png;https://agguidance.atlassian.net/rest/api/3/attachment/content/165958,25/fev/26 8:48 AM;633212a0fedc6169aed6fd7c;provedores.xlsx;https://agguidance.atlassian.net/rest/api/3/attachment/content/165410,,,,,,,,,,,,,,,,,,,,,,,,,,,,,com.atlassian.servicedesk.plugins.approvals.internal.customfield.ApprovalsCFValue@6c24d9ce,,,,"Solicitado via Teams para Guilherme Correa.

O mesmo está providenciando o devido apoio.

Guilherme, retornou porém só havia desabilitado os usuários  associados ao produtor, foi solicitado para também, desabilitar os envios dos provedores, foi enviados uma tabela ao mesmo, foi realizada a pesquisa no banco do SWS com :    select distinct c.*
from companies c
join producers_providers pp
    on [c.id|http://c.id] = pp.id_provider
join devices_producers_providers dpp
    on dpp.id_producer_provider = [pp.id|http://pp.id]
where pp.id_producer = 3;.



e retornado a tabela: [^provedores.xlsx] 



Analisando diretamente na plataforma, está da seguinte manieria:

!image-20260227-112541.png|width=332,alt=""image-20260227-112541.png""!



Para Suzano-SP e Provedores, conforme o esperado.",,,,,,,,,,,,,,,,,,,,,,,,,,,,,,,,Difícil,,,,,,,,,,,,,,,,,,,,,,,24/fev/26 2:59 PM,,24/fev/26 2:58 PM,24/fev/26 2:58 PM,27/fev/26 8:26 AM,24/fev/26 2:58 PM,,,,24/fev/26 8:54 AM,,,,,,,,,,,{},,,,,,,3927.0,,0.0,1.0,,,,,,,,,,,,,,,,,,,Sim ,,,,,,,,,,,,,,,,,,,,,,,,,,,,,,,,,,,,,,,,Teams,,,,,,,,,,,Gestão de Dados e Integração,,,,,,,,,,,,,,,,,,,,,,,,,,,,,,,,,,,,,,,,,,,,,,,,,,,,,,,,,,,,,,,,,,,,,,,,,,1|i03t5a:,,,,,,,,,,,,,,,,,,,,,,,,,,,,,,,,,,,,,,,,,,,,,,,,,,,,,,,,,,,,,,,,,,,,,,,,,,,,,,,,,,,,,,,,,,,,,,,,,,,,,,,,,,,,,,,,,,,,,,6.500,,Não,,,,,,,,,,,,,,,,,,,,,14838_*:*_1_*:*_21573430_*|*_14518_*:*_1_*:*_103886_*|*_14522_*:*_1_*:*_0,14838_*:*_1_*:*_21573430_*|*_14518_*:*_1_*:*_103886_*|*_14522_*:*_1_*:*_0,,,,,,Itens concluídos,27/fev/26 8:26 AM
Analise de dados EUCATEX,UNF2026-101,175939,Tarefa,Concluído,UNF2026,2026 - UNIDADE ESTRATÉGICA ,software,Adenilton Silva,633212a0fedc6169aed6fd7c,,,Itens concluídos,Adenilton Silva,633212a0fedc6169aed6fd7c,Roniel Dias,60dc6c037d016900702ba63d,Roniel Dias,60dc6c037d016900702ba63d,24/fev/26 8:54 AM,26/fev/26 3:49 PM,,26/fev/26 3:49 PM,,0,"Recentemente identificamos um problema com processamento de dados do cliente EUCATEX, os dados estão sendo lançados manualmente na plataforma OM e apresenta um erro “SWS001 - Produtor não encontrado no banco de dados do SWS”, com isso gerando ausência de relatórios disponíveis na plataforma.

!image-20260224-115204.png|width=671,alt=""image-20260224-115204.png""!",,Roniel Dias,,60dc6c037d016900702ba63d,,,,,,,,,,,,,,,,,,,,,,,24/fev/26 8:54 AM;ug:2126caef-0ff0-4d14-9145-c218d77df147;image-20260224-115204.png;https://agguidance.atlassian.net/rest/api/3/attachment/content/165095,,,,,,,,,,,,,,,,,,,,,,,,,,,,,,com.atlassian.servicedesk.plugins.approvals.internal.customfield.ApprovalsCFValue@6dee0bcc,,,,"Foi analisado, e toda a parte de cadastro está ok.
Porém foi identificado que não há providers list para o cliente.
Foi solicitado solicitado a atualização da tabela.

Aguardaremos a atualização para proseguir com os testes e ánalises.

Os dados foram apagados e lançados novamente no OM, os mesmos efetivaram no SWS.",,,,,,,,,,,,,,,,,,,,,,,,,,,,,,,,Difícil,,,,,,,,,,,,,,,,,,,,,,24/fev/26 11:40 AM,24/fev/26 2:25 PM,24/fev/26 11:35 AM,24/fev/26 8:50 AM,24/fev/26 10:12 AM,26/fev/26 3:49 PM,24/fev/26 10:12 AM,,,,24/fev/26 8:50 AM,,,,,,,,,,,{},,,,,,0.0,2964.0,0.0,82.0,49.0,,,,,,,,,,,,,,,,,,,Sim ,,,,,,,,,,,,,,,,,,,,,,,,,,,,,,,,,,,,,,,,WhatsApp - PV,,,,,,,,,,,Análise e Diagnóstico de Bugs na Plataforma,,,,,,,,,,,,,,,,,,,,,,,,,,,,,,,,,,,,,,,,,,,,,,,,,,,,,,,,,,,,,,,,,,,,,,,,,,1|i03t52:,,,,,,,,,,,,,,,,,,,,,,,,,,,,,,,,,,,,,,,,,,,,,,,,,,,,,,,,,,,,,,,,,,,,,,,,,,,,,,,,,,,,,,,,,,,,,,,,,,,,,,,,,,,,,,,,,,,,,,6.500,,Talvez,,,,,,,,,,,,,,,,,,,,,14838_*:*_1_*:*_4680818_*|*_14518_*:*_1_*:*_80955_*|*_14522_*:*_2_*:*_54467_*|*_14520_*:*_2_*:*_5041966_*|*_14521_*:*_2_*:*_10043536,14838_*:*_1_*:*_4680818_*|*_14518_*:*_1_*:*_80955_*|*_14522_*:*_2_*:*_54467_*|*_14520_*:*_2_*:*_5041966_*|*_14521_*:*_2_*:*_10043536,,,,,,Itens concluídos,26/fev/26 3:49 PM
6.300 - Análise de Arquivos JFI com Problema de Cabeçalho – Técnico Matheus Santana,UNF2026-96,175683,Tarefa,Concluído,UNF2026,2026 - UNIDADE ESTRATÉGICA ,software,Adenilton Silva,633212a0fedc6169aed6fd7c,,,Itens concluídos,Adenilton Silva,633212a0fedc6169aed6fd7c,Adenilton Silva,633212a0fedc6169aed6fd7c,Adenilton Silva,633212a0fedc6169aed6fd7c,23/fev/26 10:14 AM,23/fev/26 10:28 AM,,23/fev/26 10:27 AM,,0,"Descrição

O técnico Matheus Santana solicitou apoio para análise de dois arquivos JFI que apresentam possível inconsistência no cabeçalho.

Segundo informado, os CTIs já foram atualizados, porém os arquivos continuam apresentando problema.

Arquivos envolvidos:

24713_20260126_JFI MS_ADUBACAO_0000.TI
24713_20260130_JFI MS_ADUBACAO_0001.TI",,Adenilton Silva,,633212a0fedc6169aed6fd7c,,;23/fev/26 10:28 AM;633212a0fedc6169aed6fd7c;780,,,,,,,,,,,,,3600,2820,780,21%,3600,2820,780,,,,,,,,,,,,,,,,,,,,,,,,,,,,,,,,com.atlassian.servicedesk.plugins.approvals.internal.customfield.ApprovalsCFValue@53613539,,,,"* Analisado os arquivos
* Arquivos pequenos de 3 e 5 kb, sem área produtiva.

Realizado a devolutiva para o técnico Matheus Santana.",,,,,,,,,,,,,,,,,,,,,,,,,,,,,,,,Fácil,,,,,,,,,,,,,,,,,,,,,,,,,,,23/fev/26 10:27 AM,23/fev/26 10:14 AM,,,,23/fev/26 10:12 AM,,,,,,,,,,,{},,,,,,,,,,,,,,,,,,,,,,,,,,,,,Sim ,,,,,,,,,,,,,,,,,,,,,,,,,,,,,,,,,,,,,,,,WhatsApp - PV,,,,,,,,,,,Suporte Técnico e Treinamento,,,,,,,,,,,,,,,,,,,,,,,,,,,,,,,,,,,,,,,,,,,,,,,,,,,,,,,,,,,,,,,,,,,,,,,,,,1|i03sry:,,,,,,,,,,,,,,,,,,,,,,,,,,,,,,,,,,,,,,,,,,,,,,,,,,,,,,,,,,,,,,,,,,,,,,,,,,,,,,,,,,,,,,,,,,,,,,,,,,,,,,,,,,,,,,,,,,,,,,6.300,,Sim,,,,,,,,,,,,,,,,,,,,,14838_*:*_1_*:*_7502_*|*_14518_*:*_1_*:*_0,14838_*:*_1_*:*_7502_*|*_14518_*:*_1_*:*_0,,,,,,Itens concluídos,23/fev/26 10:27 AM
6.800 - Apoio Análise de Login OM,UNF2026-84,175440,Tarefa,Concluído,UNF2026,2026 - UNIDADE ESTRATÉGICA ,software,Adenilton Silva,633212a0fedc6169aed6fd7c,,Normal,Itens concluídos,Adenilton Silva,633212a0fedc6169aed6fd7c,Adenilton Silva,633212a0fedc6169aed6fd7c,Adenilton Silva,633212a0fedc6169aed6fd7c,20/fev/26 2:40 PM,20/fev/26 2:41 PM,,20/fev/26 2:41 PM,,0,"h3. Resumo

Análise de inconsistência no login da usuária [mila.liparize@suzano.com.br|mailto:mila.liparize@suzano.com.br] na plataforma OM.

h3. Contexto

O gerente André Azevedo solicitou apoio para investigar problemas de login da usuária mencionada.

h3. Critérios de aceitação

* Verificar o cadastro do usuário.
* Conferir roles e permissões associadas.
* Confirmar o status do usuário (ativo/inativo).
* Garantir a associação à unidade correta.
* Investigar possível bloqueio por tentativas inválidas.
* Checar a sincronização com a base corporativa (se aplicável).

h3. Outras informações

Ações a serem realizadas:

* Validar cadastro do usuário na base OM.
* Conferir roles e parametrizações vinculadas.
* Verificar logs de autenticação.
* Confirmar associação com unidade/produtor correto.
* Testar login (se aplicável em ambiente controlado).
* Validar se houve alteração recente no perfil.",,Adenilton Silva,,633212a0fedc6169aed6fd7c,,,,,,,,,,,,,,,28800,28800,,0%,28800,28800,,,,,,,,,,,,,,,,,,,,,,,,,,,,,,,,,com.atlassian.servicedesk.plugins.approvals.internal.customfield.ApprovalsCFValue@15cdd913,,,,Retornado ao cliente conforme o padrão.,,,,,,,,,,,,,,,,,,,,,,,,,,,,,,,,Médio,,,,,,,,,,,,,,,,,,,,,,,,,,,20/fev/26 2:50 PM,20/fev/26 1:00 PM,,,,20/fev/26 11:00 AM,,,,,,,,,,,{},,,,,,,,,,,,,,,,,,,,,,,,,,,,,Sim ,,,,,,,,,,,,,,,,,,,,,,,,,,,,,,,,,,,,,,,,WhatsApp - PV,,,,,,,,,,,Suporte Técnico e Treinamento,,,,,,,,,,,,,,,,,,,,,,,,,,,,,,,,,,,,,,,,,,,,,,,,,,,,,,,,,,,,,,,,,,,,,,,,,,1|i03sjq:,,,,,,,,,,,,,,,,,,,,,,,,,,,,,,,,,,,,,,,,,,,,,,,,,,,,,,,,,,,,,,,,,,,,,,,,,,,,,,,,,,,,,,,,,,,,,,,,,,,,,,,,,,,,,,,,,,,,,,6.500,,Talvez,,,,,,,,,,,,,,,,,,,,,14517_*:*_1_*:*_11510_*|*_14518_*:*_1_*:*_16121_*|*_14521_*:*_1_*:*_0,14517_*:*_1_*:*_11510_*|*_14518_*:*_1_*:*_16121_*|*_14521_*:*_1_*:*_0,,,,,,Itens concluídos,20/fev/26 2:41 PM
Apoio Técnico -referente aos Dados Trator Hulk - Bordo 26917,UNF2026-83,175213,Tarefa,Concluído,UNF2026,2026 - UNIDADE ESTRATÉGICA ,software,Adenilton Silva,633212a0fedc6169aed6fd7c,,Normal,Itens concluídos,Adenilton Silva,633212a0fedc6169aed6fd7c,Lucas Petenuci,712020:8a2a2f7c-723a-43db-a06f-0cf0d1a65b4c,Lucas Petenuci,712020:8a2a2f7c-723a-43db-a06f-0cf0d1a65b4c,19/fev/26 6:39 PM,20/fev/26 4:04 PM,,20/fev/26 4:04 PM,,0,"h3. Resumo

Solicitação de apoio para análise de dados do Trator Hulk, especificamente para o Display 26917.

h3. Contexto

A análise dos dados é necessária para entender melhor o desempenho e as funcionalidades do Trator Hulk.

h3. Critérios de aceitação

* Apoio na análise dos dados do Trator Hulk.
* Foco no Display 26917.

h3. Outras informações

N/A",,Lucas Petenuci,,712020:8a2a2f7c-723a-43db-a06f-0cf0d1a65b4c,,;20/fev/26 4:03 PM;633212a0fedc6169aed6fd7c;1500,,,,,,,,,,,,,,0,1500,,,0,1500,,,,,,,,,,,,,,,,,,,,,,,,,,,,,,,,com.atlassian.servicedesk.plugins.approvals.internal.customfield.ApprovalsCFValue@25f1501f,,,,"Tudo ocorrido conforme o padrão, os técnicos foram bem participativos, e realiaram parte do processo.",,,,,,,,,,,,,,,,,,,,,,,,,,,,,,,,Médio,,,,,,,,,,,,,,,,,,,,,,,,,,,20/fev/26 10:30 AM,20/fev/26 10:00 AM,,,,20/fev/26 7:00 AM,,,,,,,,,,,{},,,,,,,,,,,,,,,,,,,,,,,,,,,,,Sim ,,,,,,,,,,,,,,,,,,,,,,,,,,,,,,,,,,,,,,,,JIRA ,,,,,,,,,,,Suporte Técnico e Treinamento,,,,,,,,,,,,,,,,,,,,,,,,,,,,,,,,,,,,,,,,,,,,,,,,,,,,,,,,,,,,,,,,,,,,,,,,,,1|i03s6i:,,,,,,,,,,,,,,,,,,,,,,,,,,,,,,,,,,,,,,,,,,,,,,,,,,,,,,,,,,,,,,,,,,,,,,,,,,,,,,,,,,,,,,,,,,,,,,,,,,,,,,,,,,,,,,,,,,,,,,6.500,,Talvez,,,,,,,,,,,,,,,,,,,,,14517_*:*_1_*:*_688_*|*_14520_*:*_1_*:*_0,14517_*:*_1_*:*_688_*|*_14520_*:*_1_*:*_0,,,,,,Itens concluídos,20/fev/26 4:04 PM
"Criar regra de obrigatoriedade de apontamento após ""Tempo não informado""",UNF2026-82,175102,Tarefa,Concluído,UNF2026,2026 - UNIDADE ESTRATÉGICA ,software,Adenilton Silva,633212a0fedc6169aed6fd7c,,Normal,Itens concluídos,Adenilton Silva,633212a0fedc6169aed6fd7c,Roniel Dias,60dc6c037d016900702ba63d,Roniel Dias,60dc6c037d016900702ba63d,19/fev/26 1:49 PM,27/fev/26 3:23 PM,,27/fev/26 3:23 PM,,0,"Criar uma regra para que seja obrigatório o apontamento de motivo de parada após o bordo informa “Atividade Não Informada”, com isso no CR a regra precisa reprocessar retroativo o tempo não informado com o primeiro motivo apontado pelo operador.",,Roniel Dias,,60dc6c037d016900702ba63d,,;27/fev/26 3:22 PM;633212a0fedc6169aed6fd7c;4020,,,,,,,,,,,,,,0,4020,,,0,4020,,,,,,,,,,,,,,,,,,,,,,,,,,,,,,,,com.atlassian.servicedesk.plugins.approvals.internal.customfield.ApprovalsCFValue@1a8a09,,,,"Realizada uma reunião com o cliente para entendimento das solicitações, aparentemente o que ja temos na plataforma CR atende. O cliente pode estar trabalhando nos DashBoard ja no CR, onde podem solicitar de acordo com sua necessidade, também tratamos osbre reprocessamento de dados indeterminados, e as questões das faltas de apontamentos.",,,,,,,,,,,,,,,,,,,,,,,,,,,,,,,,Difícil,,,,,,,,,,,,,,,,,,,,,,,,,,,27/fev/26 3:23 PM,19/fev/26 2:00 PM,,,,19/fev/26 1:30 PM,,,,,,,,,,,{},,,,,,,,0.0,,,,,,,,,,,,,,,,,,,,,Sim ,,,,,,,,,,,,,,,,,,,,,,,,,,,,,,,,,,,,,,,,Teams,,,,,,,,,,,Atualizações e Novas Funcionalidades,,,,,,,,,,,,,,,,,,,,,,,,,,,,,,,,,,,,,,,,,,,,,,,,,,,,,,,,,,,,,,,,,,,,,,,,,,1|i03rzm:,,,,,,,,,,,,,,,,,,,,,,,,,,,,,,,,,,,,,,,,,,,,,,,,,,,,,,,,,,,,,,,,,,,,,,,,,,,,,,,,,,,,,,,,,,,,,,,,,,,,,,,,,,,,,,,,,,,,,,6.500,,Não,,,,,,,,,,,,,,,,,,,,,14517_*:*_1_*:*_9810806_*|*_14518_*:*_1_*:*_120871_*|*_14520_*:*_1_*:*_0,14517_*:*_1_*:*_9810806_*|*_14518_*:*_1_*:*_120871_*|*_14520_*:*_1_*:*_0,,,,,,Itens concluídos,27/fev/26 3:23 PM
6.600 - Solicitação de apoio na análise de dados – Erro no lançamento de arquivos 24105 (OM x SWS),UNF2026-81,175083,Tarefa,Concluído,UNF2026,2026 - UNIDADE ESTRATÉGICA ,software,Adenilton Silva,633212a0fedc6169aed6fd7c,,Normal,Itens concluídos,Adenilton Silva,633212a0fedc6169aed6fd7c,Adenilton Silva,633212a0fedc6169aed6fd7c,Adenilton Silva,633212a0fedc6169aed6fd7c,19/fev/26 1:02 PM,19/fev/26 4:32 PM,,19/fev/26 4:32 PM,,0,"h3. *Descrição:*

Foi recebido e-mail do cliente relatando dificuldades no envio e processamento dos arquivos do bordo *24105*.

Segundo informado, ao enviar os arquivos para o *SWS1* e posteriormente analisar no *HxGN AgrOn OM*, o sistema apresenta a seguinte mensagem de erro:

{quote}“Mais de um serial number está associado ao macAddress c7a60000003dc2fc”{quote}

Em função desse erro, os mapas estão sendo gerados de forma incompleta, impactando a consolidação da adubação de cobertura desde *14/02/2026*.

----

h3. *Contexto identificado:*

* Arquivo: 24105
* Período analisado: 14/02/2026 a 20/02/2026
* Produtor: Suzano – MA
* Erro recorrente nos arquivos processados
* Área efetiva zerada (0.0 ha)
* Mensagem vinculada a conflito de serial number por MAC Address

----

h3. *Solicitação:*

Analisar:

# Associação de serial number x macAddress no ambiente.
# Possível duplicidade de cadastro de display/dispositivo.
# Impacto na consolidação entre SWS e OM.
# Correção necessária para normalização do processamento.",,Adenilton Silva,,633212a0fedc6169aed6fd7c,,;19/fev/26 4:31 PM;633212a0fedc6169aed6fd7c;1980,,,,,,,,,,,,,3600,1620,1980,55%,3600,1620,1980,,,,,,,,,,,,,,,,,,,,,,,,,,,,,,,,com.atlassian.servicedesk.plugins.approvals.internal.customfield.ApprovalsCFValue@3f7222bb,,,,"Retornado ao cliente via e-mail, conforme o programado.",,,,,,,,,,,,,,,,,,,,,,,,,,,,,,,,Médio,,,,,,,,,,,,,,,,,,,,,,,,,,,19/fev/26 4:30 PM,19/fev/26 1:03 PM,,,,19/fev/26 11:09 AM,,,,,,,,,,,{},,,,,,,,,,,,,,,,,,,,,,,,,,,,,Sim ,,,,,,,,,,,,,,,,,,,,,,,,,,,,,,,,,,,,,,,,E-mail,,,,,,,,,,,Suporte Técnico e Treinamento,,,,,,,,,,,,,,,,,,,,,,,,,,,,,,,,,,,,,,,,,,,,,,,,,,,,,,,,,,,,,,,,,,,,,,,,,,1|i03rve:,,,,,,,,,,,,,,,,,,,,,,,,,,,,,,,,,,,,,,,,,,,,,,,,,,,,,,,,,,,,,,,,,,,,,,,,,,,,,,,,,,,,,,,,,,,,,,,,,,,,,,,,,,,,,,,,,,,,,,6.600,,Talvez,,,,,,,,,,,,,,,,,,,,,14517_*:*_1_*:*_927534_*|*_14518_*:*_1_*:*_0,14517_*:*_1_*:*_927534_*|*_14518_*:*_1_*:*_0,,,,,,Itens concluídos,19/fev/26 4:32 PM
6.300 - Cadastro de Nova Base – Cliente COPA,UNF2026-80,174920,Tarefa,Concluído,UNF2026,2026 - UNIDADE ESTRATÉGICA ,software,Adenilton Silva,633212a0fedc6169aed6fd7c,,Normal,Itens concluídos,Adenilton Silva,633212a0fedc6169aed6fd7c,Adenilton Silva,633212a0fedc6169aed6fd7c,Adenilton Silva,633212a0fedc6169aed6fd7c,19/fev/26 8:02 AM,19/fev/26 10:37 AM,,19/fev/26 10:37 AM,,0,"h3. *Descrição:*

O cliente *COPA* enviou e-mail solicitando o cadastro de uma nova base no sistema.

Foi encaminhado em anexo o arquivo:
*ConquistaII_SimaroI.rar*

A solicitação refere-se à atualização da base com inclusão dos projetos:

* Conquista II
* Simaro I

----

h3. *Ações a serem tomadas.*

* Validar integridade dos arquivos SHP recebidos.
* Conferir sistema de coordenadas da base.
* Realizar cadastro da nova base no sistema.
* Validar sobreposição com bases já existentes.
* Retornar ao cliente após conclusão.",,Adenilton Silva,,633212a0fedc6169aed6fd7c,,;19/fev/26 10:36 AM;633212a0fedc6169aed6fd7c;1380,,,,,,,,,,,,,3600,2220,1380,38%,3600,2220,1380,,,,,,,,,,,,,,,,,,,,,,,,,,,,,,,,com.atlassian.servicedesk.plugins.approvals.internal.customfield.ApprovalsCFValue@1190f1b8,,,,"Retornado via e-mail ao cliente, conforme o programado.",,,,,,,,,,,,,,,,,,,,,,,,,,,,,,,,Difícil,,,,,,,,,,,,,,,,,,,,,,,,,,,19/fev/26 10:40 AM,19/fev/26 10:16 AM,,,,18/fev/26 8:47 AM,,,,,,,,,,,{},,,,,,,,,,,,,,,,,,,,,,,,,,,,,Sim ,,,,,,,,,,,,,,,,,,,,,,,,,,,,,,,,,,,,,,,,E-mail,,,,,,,,,,,Análise e Diagnóstico de Bugs Embarcados,,,,,,,,,,,,,,,,,,,,,,,,,,,,,,,,,,,,,,,,,,,,,,,,,,,,,,,,,,,,,,,,,,,,,,,,,,1|i03rr6:,,,,,,,,,,,,,,,,,,,,,,,,,,,,,,,,,,,,,,,,,,,,,,,,,,,,,,,,,,,,,,,,,,,,,,,,,,,,,,,,,,,,,,,,,,,,,,,,,,,,,,,,,,,,,,,,,,,,,,6.300,,Não,,,,,,,,,,,,,,,,,,,,,14517_*:*_1_*:*_8057640_*|*_14518_*:*_1_*:*_0,14517_*:*_1_*:*_8057640_*|*_14518_*:*_1_*:*_0,,,,,,Itens concluídos,19/fev/26 10:37 AM
6.700 - Cadastro de Nova Base – West Rock,UNF2026-79,174919,Tarefa,Concluído,UNF2026,2026 - UNIDADE ESTRATÉGICA ,software,Adenilton Silva,633212a0fedc6169aed6fd7c,,Normal,Itens concluídos,Adenilton Silva,633212a0fedc6169aed6fd7c,Adenilton Silva,633212a0fedc6169aed6fd7c,Adenilton Silva,633212a0fedc6169aed6fd7c,19/fev/26 7:57 AM,19/fev/26 10:10 AM,,19/fev/26 10:10 AM,,0,"h3. *Descrição:*

O cliente *West Rock* enviou e-mail solicitando o cadastro de uma nova base no sistema.

Inicialmente, foi informado que a base estava no sistema de coordenadas *Sirgas*, porém posteriormente o cliente encaminhou a base atualizada no sistema de coordenadas *WGS 84*.

Arquivo recebido:
Base_WGS_84_Fevereiro_SW (conforme anexo no e-mail)

----

h3. *Ações a serem tomadas:*

* Validar projeção da base recebida (WGS 84).
* Realizar cadastro da nova base no sistema.
* Garantir que não haja duplicidade com bases anteriores.
* Confirmar com o cliente após conclusão do cadastro.",,Adenilton Silva,,633212a0fedc6169aed6fd7c,,;19/fev/26 10:09 AM;633212a0fedc6169aed6fd7c;2100,,,,,,,,,,,,,3600,1500,2100,58%,3600,1500,2100,,,,,,,,,,,,,,,,,,,,,,,,,,,,,,,,com.atlassian.servicedesk.plugins.approvals.internal.customfield.ApprovalsCFValue@1c458923,,,,"Após o procedimento padrão, retornamos ao cliente via e-mail.",,,,,,,,,,,,,,,,,,,,,,,,,,,,,,,,Difícil,,,,,,,,,,,,,,,,,,,,,,,,,,,19/fev/26 10:10 AM,19/fev/26 9:30 AM,,,,17/fev/26 5:26 PM,,,,,,,,,,,{},,,,,,,,,,,,,,,,,,,,,,,,,,,,,Não,,,,,,,,,,,,,,,,,,,,,,,,,,,,,,,,,,,,,,,,E-mail,,,,,,,,,,,Cadastro e Gestão de Geometrias,,,,,,,,,,,,,,,,,,,,,,,,,,,,,,,,,,,,,,,,,,,,,,,,,,,,,,,,,,,,,,,,,,,,,,,,,,1|i03rqy:,,,,,,,,,,,,,,,,,,,,,,,,,,,,,,,,,,,,,,,,,,,,,,,,,,,,,,,,,,,,,,,,,,,,,,,,,,,,,,,,,,,,,,,,,,,,,,,,,,,,,,,,,,,,,,,,,,,,,,6.700,,Não,,,,,,,,,,,,,,,,,,,,,14517_*:*_1_*:*_7614916_*|*_14518_*:*_1_*:*_0,14517_*:*_1_*:*_7614916_*|*_14518_*:*_1_*:*_0,,,,,,Itens concluídos,19/fev/26 10:10 AM
6.500 - Divergência ID Veículo - SWS 2,UNF2026-78,174560,Tarefa,Concluído,UNF2026,2026 - UNIDADE ESTRATÉGICA ,software,Adenilton Silva,633212a0fedc6169aed6fd7c,,Normal,Itens concluídos,Adenilton Silva,633212a0fedc6169aed6fd7c,Johnny Nascimento,712020:6c42c3f9-35c5-48d4-9271-bfa26979c0c4,Johnny Nascimento,712020:6c42c3f9-35c5-48d4-9271-bfa26979c0c4,17/fev/26 9:36 PM,27/fev/26 3:19 PM,,27/fev/26 3:19 PM,,0,"h3. Resumo

O SWS2 não permite editar o único veículo configurado em um bordo do provedor Renova. É necessário desvincular esse veículo para que o bordo anteriormente utilizado no provedor JFI possa ser utilizado.

h3. Contexto

Atualmente, existe um veículo configurado no provedor Renova que precisa ser desvinculado. Isso é necessário para reconfigurar o bordo no provedor JFI.

h3. Critérios de aceitação

* O sistema deve permitir a edição do veículo no SWS2.
* O veículo deve ser desvinculado do provedor Renova.
* O bordo anteriormente utilizado no provedor JFI deve ser configurado corretamente após a desvinculação.

h3. Outras informações

N/A",,Johnny Nascimento,,712020:6c42c3f9-35c5-48d4-9271-bfa26979c0c4,,;27/fev/26 3:18 PM;633212a0fedc6169aed6fd7c;3240,,,,,,,,,,,,,,0,3240,,,0,3240,,,,,,,,,,,,,,,,,,,,,,,,,,,,,,,,com.atlassian.servicedesk.plugins.approvals.internal.customfield.ApprovalsCFValue@2f12d764,,,,"Sanadas todas as dúvidas via teams, participação técnicos [~accountid:712020:8a2a2f7c-723a-43db-a06f-0cf0d1a65b4c] e [~accountid:712020:6c42c3f9-35c5-48d4-9271-bfa26979c0c4] .",,,,,,,,,,,,,,,,,,,,,,,,,,,,,,,,Médio,,,,,,,,,,,,,,,,,,,,,,,,,,,27/fev/26 3:19 PM,19/fev/26 10:15 AM,,,,19/fev/26 7:00 AM,,,,,,,,,,,{},,,,,,,,0.0,,,,,,,,,,,,,,,,,,,,,Sim ,,,,,,,,,,,,,,,,,,,,,,,,,,,,,,,,,,,,,,,,JIRA ,,,,,,,,,,,Suporte Técnico e Treinamento,,,,,,,,,,,,,,,,,,,,,,,,,,,,,,,,,,,,,,,,,,,,,,,,,,,,,,,,,,,,,,,,,,,,,,,,,,1|i03rl6:,,,,,,,,,,,,,,,,,,,,,,,,,,,,,,,,,,,,,,,,,,,,,,,,,,,,,,,,,,,,,,,,,,,,,,,,,,,,,,,,,,,,,,,,,,,,,,,,,,,,,,,,,,,,,,,,,,,,,,6.500,,Talvez,,,,,,,,,,,,,,,,,,,,,14517_*:*_1_*:*_131953041_*|*_14520_*:*_1_*:*_0,14517_*:*_1_*:*_131953041_*|*_14520_*:*_1_*:*_0,,,,,,Itens concluídos,27/fev/26 3:19 PM
6.500 - Divergência Alteração ID Veículo - SWS 1,UNF2026-77,174559,Tarefa,Concluído,UNF2026,2026 - UNIDADE ESTRATÉGICA ,software,Adenilton Silva,633212a0fedc6169aed6fd7c,,Normal,Itens concluídos,Johnny Nascimento,712020:6c42c3f9-35c5-48d4-9271-bfa26979c0c4,Johnny Nascimento,712020:6c42c3f9-35c5-48d4-9271-bfa26979c0c4,Johnny Nascimento,712020:6c42c3f9-35c5-48d4-9271-bfa26979c0c4,17/fev/26 9:30 PM,27/fev/26 2:58 PM,,27/fev/26 2:58 PM,,0,"h3. Resumo

Divergência na alteração do ID dos veículos cadastrados da Suzano SP. O SWS1 não permite edições.

h3. Contexto

Após novas adequações no banco de dados da Suzano, é necessário alterar o nome dos veículos cadastrados.

h3. Critérios de aceitação

* Alterar o nome dos veículos cadastrados da Suzano SP.
* Garantir que o SWS1 permita edições.

h3. Outras informações

N/A",,Johnny Nascimento,,712020:6c42c3f9-35c5-48d4-9271-bfa26979c0c4,,;27/fev/26 2:56 PM;633212a0fedc6169aed6fd7c;3600,,,,,,,,,,,,,,0,3600,,,0,3600,,,,,,,,,,,,,,,,,,,,,,,,,,,,,,,,com.atlassian.servicedesk.plugins.approvals.internal.customfield.ApprovalsCFValue@5a98cb61,,,,"Realizada uma call com os técnicos Johnny e  Lucas.



Sanadas todas as dúvidas.",,,,,,,,,,,,,,,,,,,,,,,,,,,,,,,,Médio,,,,,,,,,,,,,,,,,,,,,,,,,,,27/fev/26 2:58 PM,19/fev/26 10:12 AM,,,,19/fev/26 7:00 AM,,,,,,,,,,,{},,,,,,,,0.0,,,,,,,,,,,,,,,,,,,,,Sim ,,,,,,,,,,,,,,,,,,,,,,,,,,,,,,,,,,,,,,,,JIRA ,,,,,,,,,,,Suporte Técnico e Treinamento,,,,,,,,,,,,,,,,,,,,,,,,,,,,,,,,,,,,,,,,,,,,,,,,,,,,,,,,,,,,,,,,,,,,,,,,,,1|i03rky:,,,,,,,,,,,,,,,,,,,,,,,,,,,,,,,,,,,,,,,,,,,,,,,,,,,,,,,,,,,,,,,,,,,,,,,,,,,,,,,,,,,,,,,,,,,,,,,,,,,,,,,,,,,,,,,,,,,,,,6.500,,Talvez,,,,,,,,,,,,,,,,,,,,,14517_*:*_1_*:*_132171473_*|*_14520_*:*_1_*:*_0,14517_*:*_1_*:*_132171473_*|*_14520_*:*_1_*:*_0,,,,,,Itens concluídos,27/fev/26 2:58 PM
6.200 - Divergência de índice de desvio entre SWS e OM – Talhões 17-01 e 27-01 – Projeto Sucupira II,UNF2026-76,174009,Tarefa,Concluído,UNF2026,2026 - UNIDADE ESTRATÉGICA ,software,Adenilton Silva,633212a0fedc6169aed6fd7c,,Normal,Itens concluídos,Adenilton Silva,633212a0fedc6169aed6fd7c,Adenilton Silva,633212a0fedc6169aed6fd7c,Adenilton Silva,633212a0fedc6169aed6fd7c,13/fev/26 2:44 PM,27/fev/26 2:54 PM,,27/fev/26 2:54 PM,,0,"h3. 📝 *Descrição:*

Foi solicitada uma análise referente ao desvio apresentado nos talhões *17-01 e 27-01* do projeto *Sucupira II*, conforme demanda encaminhada pela Trevo.

Durante a verificação do talhão *27-01 no SWS*, não foi identificado motivo aparente para o desvio apresentado na legenda.

Entretanto, ao realizar a conferência do mesmo talhão no *OM*, observou-se divergência nos índices de desvio:

* *SWS:* 10,55%
* *OM:* 0,49%

Conforme evidenciado nas imagens anexas.

Adicionalmente, não foi possível realizar o comparativo do talhão *17-01*, pois o sistema *OM apresentou erro ao tentar abrir o referido talhão*.

----

h3. 🎯 *Objetivo da análise:*

* Validar o critério de cálculo do desvio entre SWS e OM
* Verificar possível inconsistência de processamento ou consolidação
* Identificar motivo do erro de abertura do talhão 17-01 no OM",,Adenilton Silva,,633212a0fedc6169aed6fd7c,,;13/fev/26 4:12 PM;633212a0fedc6169aed6fd7c;1680,;27/fev/26 2:54 PM;633212a0fedc6169aed6fd7c;3240,,,,,,,,,,,,3600,0,4920,136%,3600,0,4920,,,,,,,,,,,,,,,,,,,,,,,,,,,,,,,,com.atlassian.servicedesk.plugins.approvals.internal.customfield.ApprovalsCFValue@552fd898,,,,"Foi realizada uma reunião com o cliente, não houe nenhum responsável da unidade.",,,,,,,,,,,,,,,,,,,,,,,,,,,,,,,,Médio,,,,,,,,,,,,,,,,,,,,,,,,,,,27/fev/26 2:54 PM,12/fev/26 5:00 PM,,,,12/fev/26 4:21 PM,,,,,,,,,,,{},,,,,,,,0.0,,,,,,,,,,,,,,,,,,,,,Sim ,,,,,,,,,,,,,,,,,,,,,,,,,,,,,,,,,,,,,,,,E-mail,,,,,,,,,,,Análise e Diagnóstico de Bugs Embarcados,,,,,,,,,,,,,,,,,,,,,,,,,,,,,,,,,,,,,,,,,,,,,,,,,,,,,,,,,,,,,,,,,,,,,,,,,,1|i03qj2:,,,,,,,,,,,,,,,,,,,,,,,,,,,,,,,,,,,,,,,,,,,,,,,,,,,,,,,,,,,,,,,,,,,,,,,,,,,,,,,,,,,,,,,,,,,,,,,,,,,,,,,,,,,,,,,,,,,,,,6.200,,Talvez,,,,,,,,,,,,,,,,,,,,,14517_*:*_1_*:*_5586_*|*_14518_*:*_1_*:*_5235447_*|*_14520_*:*_1_*:*_0,14517_*:*_1_*:*_5586_*|*_14518_*:*_1_*:*_5235447_*|*_14520_*:*_1_*:*_0,,,,,,Itens concluídos,27/fev/26 2:54 PM
6.500 Apoio Técnico- Reprocessamento de Dados Suzano - Trator Hulk,UNF2026-75,173662,Tarefa,Concluído,UNF2026,2026 - UNIDADE ESTRATÉGICA ,software,Adenilton Silva,633212a0fedc6169aed6fd7c,,Normal,Itens concluídos,Adenilton Silva,633212a0fedc6169aed6fd7c,Lucas Petenuci,712020:8a2a2f7c-723a-43db-a06f-0cf0d1a65b4c,Lucas Petenuci,712020:8a2a2f7c-723a-43db-a06f-0cf0d1a65b4c,12/fev/26 9:44 AM,20/fev/26 8:32 PM,,20/fev/26 8:31 PM,,0,"Apoio para reprocessamento de dados, Trator Hulk, cliente Suzano - SP",,Lucas Petenuci,,712020:8a2a2f7c-723a-43db-a06f-0cf0d1a65b4c,,;20/fev/26 8:32 PM;633212a0fedc6169aed6fd7c;3600,,,,,,,,,,,,,,0,3600,,,0,3600,,,,,,,,,,,,,,,,,,,,,,,,,,,,,,,,com.atlassian.servicedesk.plugins.approvals.internal.customfield.ApprovalsCFValue@3c849164,,,,Ajustado conforme o padrão. ,,,,,,,,,,,,,,,,,,,,,,,,,,,,,,,,Fácil,,,,,,,,,,,,,,,,,,,,,,,,,,,20/fev/26 10:32 AM,12/fev/26 9:50 AM,,,,12/fev/26 9:48 AM,,,,,,,,,,,{},,,,,,,,,,,,,,,,,,,,,,,,,,,,,Sim ,,,,,,,,,,,,,,,,,,,,,,,,,,,,,,,,,,,,,,,,Teams,,,,,,,,,,,Suporte Técnico e Treinamento,,,,,,,,,,,,,,,,,,,,,,,,,,,,,,,,,,,,,,,,,,,,,,,,,,,,,,,,,,,,,,,,,,,,,,,,,,1|i03qya:,,,,,,,,,,,,,,,,,,,,,,,,,,,,,,,,,,,,,,,,,,,,,,,,,,,,,,,,,,,,,,,,,,,,,,,,,,,,,,,,,,,,,,,,,,,,,,,,,,,,,,,,,,,,,,,,,,,,,,6.500,,Sim,,,,,,,,,,,,,,,,,,,,,14517_*:*_1_*:*_620_*|*_14520_*:*_1_*:*_0,14517_*:*_1_*:*_620_*|*_14520_*:*_1_*:*_0,,,,,,Itens concluídos,20/fev/26 8:31 PM
6.500 - Analise Dados EPS JL Vivaldini,UNF2026-74,173149,Tarefa,Concluído,UNF2026,2026 - UNIDADE ESTRATÉGICA ,software,Adenilton Silva,633212a0fedc6169aed6fd7c,,Normal,Itens concluídos,Johnny Nascimento,712020:6c42c3f9-35c5-48d4-9271-bfa26979c0c4,Johnny Nascimento,712020:6c42c3f9-35c5-48d4-9271-bfa26979c0c4,Johnny Nascimento,712020:6c42c3f9-35c5-48d4-9271-bfa26979c0c4,11/fev/26 7:58 AM,13/fev/26 2:27 PM,,13/fev/26 2:27 PM,,0,"h3. Resumo

Após alterações no provider list da JL Vivaldini, foram identificadas divergências nos dados operacionais da empresa. É necessária uma nova revisão.

h3. Contexto

As divergências foram notadas após mudanças feitas pelo P&D. Os bordos afetados são 290089, 20443, 290090 e o 21616.

h3. Critérios de aceitação

* Revisão dos dados operacionais para os bordos:
** 290089
** 20443
** 290090
** 21616

h3. Outras informações

N/A",,Johnny Nascimento,,712020:6c42c3f9-35c5-48d4-9271-bfa26979c0c4,,;13/fev/26 2:26 PM;633212a0fedc6169aed6fd7c;7980,,,,,,,,,,,,,,0,7980,,,0,7980,,,,,,,,,,,,,,,,,,,,,,,,,,,,,,,,com.atlassian.servicedesk.plugins.approvals.internal.customfield.ApprovalsCFValue@1be983e,,,,Foi retornado o e-mail do cliente com todas as informações.,,,,,,,,,,,,,,,,,,,,,,,,,,,,,,,,Médio,,,,,,,,,,,,,,,,,,,,,,,,,,,13/fev/26 11:33 AM,11/fev/26 1:00 PM,,,,11/fev/26 7:00 AM,,,,,,,,,,,{},,,,,,,,,,,,,,,,,,,,,,,,,,,,,Sim ,,,,,,,,,,,,,,,,,,,,,,,,,,,,,,,,,,,,,,,,Teams,,,,,,,,,,,Suporte Técnico e Treinamento,,,,,,,,,,,,,,,,,,,,,,,,,,,,,,,,,,,,,,,,,,,,,,,,,,,,,,,,,,,,,,,,,,,,,,,,,,1|i03qkq:,,,,,,,,,,,,,,,,,,,,,,,,,,,,,,,,,,,,,,,,,,,,,,,,,,,,,,,,,,,,,,,,,,,,,,,,,,,,,,,,,,,,,,,,,,,,,,,,,,,,,,,,,,,,,,,,,,,,,,6.500,,Talvez,,,,,,,,,,,,,,,,,,,,,14517_*:*_1_*:*_4179580_*|*_14518_*:*_1_*:*_0,14517_*:*_1_*:*_4179580_*|*_14518_*:*_1_*:*_0,,,,,,Itens concluídos,13/fev/26 2:27 PM
Análise de divergência nos arquivos do cliente Suzano-Aramuc no SWS 1,UNF2026-73,172884,Tarefa,Concluído,UNF2026,2026 - UNIDADE ESTRATÉGICA ,software,Adenilton Silva,633212a0fedc6169aed6fd7c,,Normal,Itens concluídos,,,Adenilton Silva,633212a0fedc6169aed6fd7c,Adenilton Silva,633212a0fedc6169aed6fd7c,10/fev/26 4:58 PM,19/fev/26 7:56 AM,,19/fev/26 7:56 AM,,0,"O técnico Cícero solicitou a análise dos arquivos do cliente *Suzano-Aramuc*, pois os mesmos estão chegando com divergências no *SWS 1*.",,Adenilton Silva,,633212a0fedc6169aed6fd7c,,;19/fev/26 7:55 AM;633212a0fedc6169aed6fd7c;12000,,,,,,,,,,,,,5400,0,12000,222%,5400,0,12000,,,,,,,,,,,,,,,,,,,,,,,,,,,,,,,,com.atlassian.servicedesk.plugins.approvals.internal.customfield.ApprovalsCFValue@35f749fd,,,,Retornado ao técnico solicitante via e-mail.,,,,,,,,,,,,,,,,,,,,,,,,,,,,,,,,Médio,,,,,,,,,,,,,,,,,,,,,,,,,,,16/fev/26 3:00 PM,10/fev/26 4:58 PM,,,,10/fev/26 4:50 PM,,,,,,,,,,,{},,,,,,,,,,,,,,,,,,,,,,,,,,,,,Não,,,,,,,,,,,,,,,,,,,,,,,,,,,,,,,,,,,,,,,,WhatsApp - PV,,,,,,,,,,,Suporte Técnico e Treinamento,,,,,,,,,,,,,,,,,,,,,,,,,,,,,,,,,,,,,,,,,,,,,,,,,,,,,,,,,,,,,,,,,,,,,,,,,,1|i03qiy:,,,,,,,,,,,,,,,,,,,,,,,,,,,,,,,,,,,,,,,,,,,,,,,,,,,,,,,,,,,,,,,,,,,,,,,,,,,,,,,,,,,,,,,,,,,,,,,,,,,,,,,,,,,,,,,,,,,,,,6.200,,Talvez,,,,,,,,,,,,,,,,,,,,,14517_*:*_1_*:*_58066838_*|*_14518_*:*_1_*:*_0,14517_*:*_1_*:*_58066838_*|*_14518_*:*_1_*:*_0,,,,,,Itens concluídos,19/fev/26 7:56 AM
6.700 - Talhão sem operação aparece com área produtiva – WestRock-SC,UNF2026-72,172598,Tarefa,Concluído,UNF2026,2026 - UNIDADE ESTRATÉGICA ,software,Adenilton Silva,633212a0fedc6169aed6fd7c,,Normal,Itens concluídos,Adenilton Silva,633212a0fedc6169aed6fd7c,Adenilton Silva,633212a0fedc6169aed6fd7c,Adenilton Silva,633212a0fedc6169aed6fd7c,10/fev/26 9:47 AM,10/fev/26 9:48 AM,,10/fev/26 9:48 AM,,0,"A gestora Gabriela, colaboradora do cliente WestRock-SC, questionou via grupo de WhatsApp um talhão que não realizou operação, mas está aparecendo com área produtiva no sistema.",,Adenilton Silva,,633212a0fedc6169aed6fd7c,,;10/fev/26 9:47 AM;633212a0fedc6169aed6fd7c;1800,,,,,,,,,,,,,2400,600,1800,75%,2400,600,1800,,,,,,,,,,,,,,,,,,,,,,,,,,,,,,,,com.atlassian.servicedesk.plugins.approvals.internal.customfield.ApprovalsCFValue@65a19c70,,,,"As informações e conclusões da análise foram retornadas via grupo de WhatsApp, conforme o esperado.",,,,,,,,,,,,,,,,,,,,,,,,,,,,,,,,Fácil,,,,,,,,,,,,,,,,,,,,,,,,,,,10/fev/26 9:47 AM,10/fev/26 9:00 AM,,,,10/fev/26 8:00 AM,,,,,,,,,,,{},,,,,,,,,,,,,,,,,,,,,,,,,,,,,Sim ,,,,,,,,,,,,,,,,,,,,,,,,,,,,,,,,,,,,,,,,WhatsApp - Grupo,,,,,,,,,,,Suporte Técnico e Treinamento,,,,,,,,,,,,,,,,,,,,,,,,,,,,,,,,,,,,,,,,,,,,,,,,,,,,,,,,,,,,,,,,,,,,,,,,,,1|i03qci:,,,,,,,,,,,,,,,,,,,,,,,,,,,,,,,,,,,,,,,,,,,,,,,,,,,,,,,,,,,,,,,,,,,,,,,,,,,,,,,,,,,,,,,,,,,,,,,,,,,,,,,,,,,,,,,,,,,,,,6.700,,Sim,,,,,,,,,,,,,,,,,,,,,14519_*:*_1_*:*_0_*|*_14517_*:*_1_*:*_32648,14519_*:*_1_*:*_0_*|*_14517_*:*_1_*:*_32648,,,,,,Itens concluídos,10/fev/26 9:48 AM
6.500 - Apoio Cadastro Eucatex,UNF2026-71,172291,Tarefa,Concluído,UNF2026,2026 - UNIDADE ESTRATÉGICA ,software,Adenilton Silva,633212a0fedc6169aed6fd7c,,Normal,Itens concluídos,Adenilton Silva,633212a0fedc6169aed6fd7c,Johnny Nascimento,712020:6c42c3f9-35c5-48d4-9271-bfa26979c0c4,Johnny Nascimento,712020:6c42c3f9-35c5-48d4-9271-bfa26979c0c4,09/fev/26 7:11 PM,20/fev/26 8:29 PM,,20/fev/26 8:27 PM,,0,"Preciso de informações quanto a incursão de nomenclatura de atividade e motivos de parada, gostaria de saber se como técnico haveria a possibilidade de criação e caso não gostaria de incluir novo banco de dados a pedido da Cliente Eucatex.",,Johnny Nascimento,,712020:6c42c3f9-35c5-48d4-9271-bfa26979c0c4,,;20/fev/26 8:29 PM;633212a0fedc6169aed6fd7c;3600,,,,,,,,,,,,,,0,3600,,,0,3600,,,,,,,,,,,,,,,,,,,,,,,,,,,,,,,,com.atlassian.servicedesk.plugins.approvals.internal.customfield.ApprovalsCFValue@393096e3,,,,Ajustado conforme o padrão ,,,,,,,,,,,,,,,,,,,,,,,,,,,,,,,,Médio,,,,,,,,,,,,,,,,,,,,,,,,,,,20/fev/26 9:29 AM,10/fev/26 9:15 AM,,,,10/fev/26 9:09 AM,,,,,,,,,,,{},,,,,,,,,,,,,,,,,,,,,,,,,,,,,Sim ,,,,,,,,,,,,,,,,,,,,,,,,,,,,,,,,,,,,,,,,Teams,,,,,,,,,,,Suporte Técnico e Treinamento,,,,,,,,,,,,,,,,,,,,,,,,,,,,,,,,,,,,,,,,,,,,,,,,,,,,,,,,,,,,,,,,,,,,,,,,,,1|i03q8y:,,,,,,,,,,,,,,,,,,,,,,,,,,,,,,,,,,,,,,,,,,,,,,,,,,,,,,,,,,,,,,,,,,,,,,,,,,,,,,,,,,,,,,,,,,,,,,,,,,,,,,,,,,,,,,,,,,,,,,6.500,,Talvez,,,,,,,,,,,,,,,,,,,,,14517_*:*_1_*:*_52042579_*|*_14520_*:*_1_*:*_0,14517_*:*_1_*:*_52042579_*|*_14520_*:*_1_*:*_0,,,,,,Itens concluídos,20/fev/26 8:27 PM
6.500 - Doc. Orientação baixar arquivo SHP do OM,UNF2026-70,172129,Tarefa,Concluído,UNF2026,2026 - UNIDADE ESTRATÉGICA ,software,Adenilton Silva,633212a0fedc6169aed6fd7c,,Normal,Itens concluídos,Adenilton Silva,633212a0fedc6169aed6fd7c,Roniel Dias,60dc6c037d016900702ba63d,Roniel Dias,60dc6c037d016900702ba63d,09/fev/26 11:15 AM,10/fev/26 3:28 PM,,10/fev/26 3:28 PM,,0,"Criar um documento com orientações para baixar arquivo SHP do OM e descompactar da pasta, na SUZANO o pessoal está reclamando de dificuldade de acesso aos arquivos baixados em pasta que não descompacta do Zip.",,Roniel Dias,,60dc6c037d016900702ba63d,,;10/fev/26 3:27 PM;633212a0fedc6169aed6fd7c;3000,,,,,,,,,,,,,,0,3000,,,0,3000,,,,,,,,,,,,,,,,,,,,,,,,,,,,,,,,com.atlassian.servicedesk.plugins.approvals.internal.customfield.ApprovalsCFValue@37857c53,,,,Enviado ao solicitante conforme o padrão solicitado.,,,,,,,,,,,,,,,,,,,,,,,,,,,,,,,,Fácil,,,,,,,,,,,,,,,,,,,,,,,,,,,11/fev/26 12:00 PM,09/fev/26 11:00 AM,,,,09/fev/26 11:00 AM,,,,,,,,,,,{},,,,,,,,,,,,,,,,,,,,,,,,,,,,,Sim ,,,,,,,,,,,,,,,,,,,,,,,,,,,,,,,,,,,,,,,,JIRA ,,,,,,,,,,,Cadastro e Gestão de Geometrias,,,,,,,,,,,,,,,,,,,,,,,,,,,,,,,,,,,,,,,,,,,,,,,,,,,,,,,,,,,,,,,,,,,,,,,,,,1|i03q2q:,,,,,,,,,,,,,,,,,,,,,,,,,,,,,,,,,,,,,,,,,,,,,,,,,,,,,,,,,,,,,,,,,,,,,,,,,,,,,,,,,,,,,,,,,,,,,,,,,,,,,,,,,,,,,,,,,,,,,,6.500,,Sim,,,,,,,,,,,,,,,,,,,,,14519_*:*_1_*:*_0_*|*_14517_*:*_1_*:*_101610476,14519_*:*_1_*:*_0_*|*_14517_*:*_1_*:*_101610476,,,,,,Itens concluídos,10/fev/26 3:28 PM
6.500 - Análise de Atualização de Equipamentos no Control Room,UNF2026-69,171702,Tarefa,Concluído,UNF2026,2026 - UNIDADE ESTRATÉGICA ,software,Adenilton Silva,633212a0fedc6169aed6fd7c,,Normal,Itens concluídos,Adenilton Silva,633212a0fedc6169aed6fd7c,Adenilton Silva,633212a0fedc6169aed6fd7c,Adenilton Silva,633212a0fedc6169aed6fd7c,06/fev/26 10:29 AM,19/fev/26 1:21 PM,,06/fev/26 10:29 AM,,0,"
Foi realizado um bate-papo com o coordenador *Roniel Dias* para tratar de uma análise no *Control Room*, com foco na *atualização de equipamentos*.

*Ações Realizadas*

* Alinhamento inicial sobre o cenário atual dos equipamentos no Control Room.
* Discussão dos impactos e necessidades relacionadas à atualização.
* Esclarecimento de pontos técnicos e operacionais.",,Adenilton Silva,,633212a0fedc6169aed6fd7c,,;19/fev/26 1:21 PM;633212a0fedc6169aed6fd7c;7620,,,,,,,,,,,,,14400,6780,7620,52%,14400,6780,7620,,,,,,,,,,,,,,,,,,,,,,,,,,,,,,,,com.atlassian.servicedesk.plugins.approvals.internal.customfield.ApprovalsCFValue@4cef0247,,,,Analisado e ajustado conforme o esperado.,,,,,,,,,,,,,,,,,,,,,,,,,,,,,,,,Médio,,,,,,,,,,,,,,,,,,,,,,,,,,,05/fev/26 3:00 PM,05/fev/26 12:00 PM,,,,05/fev/26 11:00 AM,,,,,,,,,,,{},,,,,,,,,,,,,,,,,,,,,,,,,,,,,Sim ,,,,,,,,,,,,,,,,,,,,,,,,,,,,,,,,,,,,,,,,Teams,,,,,,,,,,,Suporte Técnico e Treinamento,,,,,,,,,,,,,,,,,,,,,,,,,,,,,,,,,,,,,,,,,,,,,,,,,,,,,,,,,,,,,,,,,,,,,,,,,,1|i03ppy:,,,,,,,,,,,,,,,,,,,,,,,,,,,,,,,,,,,,,,,,,,,,,,,,,,,,,,,,,,,,,,,,,,,,,,,,,,,,,,,,,,,,,,,,,,,,,,,,,,,,,,,,,,,,,,,,,,,,,,6.500,,Talvez,,,,,,,,,,,,,,,,,,,,,14519_*:*_1_*:*_0_*|*_14517_*:*_1_*:*_423,14519_*:*_1_*:*_0_*|*_14517_*:*_1_*:*_423,,,,,,Itens concluídos,06/fev/26 10:29 AM
6.300 - Erro no SWS ao processar arquivo de pontos (NullPointerException),UNF2026-68,171701,Tarefa,Concluído,UNF2026,2026 - UNIDADE ESTRATÉGICA ,software,Adenilton Silva,633212a0fedc6169aed6fd7c,,Normal,Itens concluídos,Adenilton Silva,633212a0fedc6169aed6fd7c,Adenilton Silva,633212a0fedc6169aed6fd7c,Adenilton Silva,633212a0fedc6169aed6fd7c,06/fev/26 10:26 AM,06/fev/26 5:31 PM,,06/fev/26 5:31 PM,,0,"*Descrição:*
O técnico *Matheus Santana* solicitou apoio para análise e reprocessamento no SWS após erro durante o processamento de um arquivo de pontos. O sistema apresenta a mensagem *“Erro de leitura: valor de atributo de feature null. java.lang.NullPointerException”*, além do alerta indicando que o arquivo contém pontos já cadastrados no banco de dados. É necessário realizar a análise do arquivo e efetuar o reprocessamento adequado.",,Adenilton Silva,,633212a0fedc6169aed6fd7c,,;06/fev/26 5:30 PM;633212a0fedc6169aed6fd7c;3240,,,,,,,,,,,,,3600,360,3240,90%,3600,360,3240,,,,,,,,,,,,,,,,,,,,,,,,,,,,,,,,com.atlassian.servicedesk.plugins.approvals.internal.customfield.ApprovalsCFValue@1bf97ff6,,,,Retornado ao técnico com o parecerr positivo.,,,,,,,,,,,,,,,,,,,,,,,,,,,,,,,,Médio,,,,,,,,,,,,,,,,,,,,,,,,,,,06/fev/26 5:30 PM,06/fev/26 3:00 PM,,,,05/fev/26 3:33 PM,,,,,,,,,,,{},,,,,,,,,,,,,,,,,,,,,,,,,,,,,Sim ,,,,,,,,,,,,,,,,,,,,,,,,,,,,,,,,,,,,,,,,WhatsApp - PV,,,,,,,,,,,Análise e Diagnóstico de Bugs Embarcados,,,,,,,,,,,,,,,,,,,,,,,,,,,,,,,,,,,,,,,,,,,,,,,,,,,,,,,,,,,,,,,,,,,,,,,,,,1|i03n1c:02,,,,,,,,,,,,,,,,,,,,,,,,,,,,,,,,,,,,,,,,,,,,,,,,,,,,,,,,,,,,,,,,,,,,,,,,,,,,,,,,,,,,,,,,,,,,,,,,,,,,,,,,,,,,,,,,,,,,,,6.300,,Talvez,,,,,,,,,,,,,,,,,,,,,14517_*:*_1_*:*_17980999_*|*_14518_*:*_1_*:*_0,14517_*:*_1_*:*_17980999_*|*_14518_*:*_1_*:*_0,,,,,,Itens concluídos,06/fev/26 5:31 PM
6.300 - OM com alerta TPP003 – Operando fora de área cadastrada | Solicitação de apoio,UNF2026-67,171699,Tarefa,Concluído,UNF2026,2026 - UNIDADE ESTRATÉGICA ,software,Adenilton Silva,633212a0fedc6169aed6fd7c,,Normal,Itens concluídos,Adenilton Silva,633212a0fedc6169aed6fd7c,Adenilton Silva,633212a0fedc6169aed6fd7c,Adenilton Silva,633212a0fedc6169aed6fd7c,06/fev/26 10:11 AM,06/fev/26 2:34 PM,,06/fev/26 2:34 PM,,0,"h3. *Descrição*

O técnico *Matheus Ferreira de Santana* solicitou apoio para *análise no OM (Operations Manager)* devido à ocorrência do alerta *TPP003 – Operando fora de área cadastrada* durante o processamento de uma atividade de adubação.

O processamento encontra-se no estado *“Processando com alertas”*, impedindo a consolidação correta dos dados.

----

h3. *Contexto da Operação*

* *Produtor:* Suzano – Cerrado
* *Fornecedor:* JFI-MS
* *Função:* Adubação de Cobertura (1ª passada)
* *Veículo:* FADB1 JFI
* *Arquivo:* 29806_20260114_JFI_MS_ADBJFI00_0000.ti
* *Enviado por:* Matheus Ferreira de Santana
* *Data de envio:* 05/02/2026 – 11:15

----

h3. *Detalhes do Processamento (OM)*

* *Split:* 0
** *Período:* 14/01/2026 08:31 – 14/01/2026 16:01

h4. *Processador de Pontos*

* ✅ ti_file_importer
* ⚠️ ti_file_processor_function
* ✅ ti_points_models_forward
* 🔴 *TPP003 – Operando fora de área cadastrada*

h4. *Processador de Consolidações*

* Sem detalhes disponíveis

----

h3. *Indícios do Problema*

* Operação registrada fora dos limites da *área cadastrada*
* Possível causa relacionada a:
** Geometria do talhão desatualizada ou incorreta
** Diferença de projeção / sistema de coordenadas
** Atividade executada parcialmente fora do polígono cadastrado
** Deslocamento de GPS ou ruído nos pontos

----

h3. *Ações Solicitadas*

* Analisar ocorrência do alerta *TPP003* no OM
* Verificar sobreposição dos pontos com a área cadastrada
* Validar:
** Geometria do talhão
** Sistema de coordenadas
** Extensão dos pontos fora da área
* Orientar se é necessário:
** Ajuste de cadastro
** Reprocessamento do arquivo
** Correção de polígono

----

h3. *Evidências*

* Print do OM com alerta *TPP003 – Operando fora de área cadastrada* (anexo)

----

h3. *Solicitante*

* *Técnico:* Matheus Ferreira de Santana

----

h3. *Critérios de Aceitação*

* Análise concluída no OM
* Causa do alerta TPP003 identificada
* Definição clara de ação corretiva (ou validação do alerta)
* Retorno ao técnico com orientação final",,Adenilton Silva,,633212a0fedc6169aed6fd7c,,;06/fev/26 2:32 PM;633212a0fedc6169aed6fd7c;2520,,,,,,,,,,,,,3600,1080,2520,70%,3600,1080,2520,,,,,,,,,,,,,,,,,,,,,,,,,,,,,,,,com.atlassian.servicedesk.plugins.approvals.internal.customfield.ApprovalsCFValue@337da2a2,,,,Retornado ao técnico resposável.,,,,,,,,,,,,,,,,,,,,,,,,,,,,,,,,Médio,,,,,,,,,,,,,,,,,,,,,,,,,,,06/fev/26 2:32 PM,06/fev/26 1:52 PM,,,,05/fev/26 12:40 PM,,,,,,,,,,,{},,,,,,,,,,,,,,,,,,,,,,,,,,,,,Sim ,,,,,,,,,,,,,,,,,,,,,,,,,,,,,,,,,,,,,,,,WhatsApp - PV,,,,,,,,,,,Suporte Técnico e Treinamento,,,,,,,,,,,,,,,,,,,,,,,,,,,,,,,,,,,,,,,,,,,,,,,,,,,,,,,,,,,,,,,,,,,,,,,,,,1|i03n1c:04,,,,,,,,,,,,,,,,,,,,,,,,,,,,,,,,,,,,,,,,,,,,,,,,,,,,,,,,,,,,,,,,,,,,,,,,,,,,,,,,,,,,,,,,,,,,,,,,,,,,,,,,,,,,,,,,,,,,,,6.300,,Talvez,,,,,,,,,,,,,,,,,,,,,14517_*:*_1_*:*_13275297_*|*_14518_*:*_1_*:*_0,14517_*:*_1_*:*_13275297_*|*_14518_*:*_1_*:*_0,,,,,,Itens concluídos,06/fev/26 2:34 PM
6.300 - Talhão C1GW18 apresentando tela rosa – Solicitação de apoio técnico,UNF2026-66,171698,Tarefa,Concluído,UNF2026,2026 - UNIDADE ESTRATÉGICA ,software,Adenilton Silva,633212a0fedc6169aed6fd7c,,Normal,Itens concluídos,Adenilton Silva,633212a0fedc6169aed6fd7c,Adenilton Silva,633212a0fedc6169aed6fd7c,Adenilton Silva,633212a0fedc6169aed6fd7c,06/fev/26 10:03 AM,06/fev/26 1:52 PM,,06/fev/26 1:52 PM,,0,"*Descrição*

O talhão *C1GW18*, pertencente ao produtor *Suzano-Cerrado*, está apresentando *tela rosa* ao acessar os detalhes da atividade no sistema.

O problema foi identificado durante o acompanhamento da atividade *P57831 – Preparo de solo com adubação (M2)*, no período de *30/01/2025 a 04/02/2025*, e impede a visualização correta das informações do talhão.

O técnico *Marcelo Medina* solicitou *apoio técnico* para análise e correção do problema.

----

h3. *Contexto do Talhão*

* *Produtor:* Suzano-Cerrado
* *Fazenda:* Coqueiro
* *Talhão:* C1GW18
* *Provedor:* MOD4 CERRADO
* *Atividade:* P57831 – Preparo de solo com adubação (M2)
* *Status da Atividade:* 70,4%
* *Área do Talhão:* 61,92 ha
* *Área Trabalhada:* 43,6 ha

----

h3. *Problema Identificado*

* Tela do talhão exibida em *rosa*
* Possível falha de:
** Renderização do mapa
** Carregamento de geometria
** Inconsistência de dados espaciais (SHP / geometria inválida)
* Impacto direto na visualização e validação da atividade pelo técnico

----

h3. *Ações Solicitadas*

* Verificar integridade da *geometria do talhão*
* Validar carregamento do *mapa e camadas associadas*
* Conferir possíveis erros de:
** Projeção / sistema de coordenadas
** Polígono inválido ou corrompido
* Orientar técnico sobre reprocessamento, se necessário
* Normalizar visualização do talhão no sistema

----

h3. *Evidências*

* Print da tela com ocorrência de *tela rosa* (anexo)",,Adenilton Silva,,633212a0fedc6169aed6fd7c,,;06/fev/26 1:51 PM;633212a0fedc6169aed6fd7c;1380,,,,,,,,,,,,,,0,1380,,,0,1380,,,,,,,,,,,,,,,,,,,,,,,,,,,,,,,,com.atlassian.servicedesk.plugins.approvals.internal.customfield.ApprovalsCFValue@592f4c8,,,,Foi identificado a causa e retornado ao técnico resposável.,,,,,,,,,,,,,,,,,,,,,,,,,,,,,,,,Fácil,,,,,,,,,,,,,,,,,,,,,,,,,,,06/fev/26 1:51 PM,06/fev/26 1:40 PM,,,,04/fev/26 12:44 PM,,,,,,,,,,,{},,,,,,,,,,,,,,,,,,,,,,,,,,,,,Sim ,,,,,,,,,,,,,,,,,,,,,,,,,,,,,,,,,,,,,,,,WhatsApp - PV,,,,,,,,,,,Suporte Técnico e Treinamento,,,,,,,,,,,,,,,,,,,,,,,,,,,,,,,,,,,,,,,,,,,,,,,,,,,,,,,,,,,,,,,,,,,,,,,,,,1|i03n1c:09,,,,,,,,,,,,,,,,,,,,,,,,,,,,,,,,,,,,,,,,,,,,,,,,,,,,,,,,,,,,,,,,,,,,,,,,,,,,,,,,,,,,,,,,,,,,,,,,,,,,,,,,,,,,,,,,,,,,,,6.300,,Sim,,,,,,,,,,,,,,,,,,,,,14517_*:*_1_*:*_12730054_*|*_14518_*:*_1_*:*_0,14517_*:*_1_*:*_12730054_*|*_14518_*:*_1_*:*_0,,,,,,Itens concluídos,06/fev/26 1:52 PM
6.800 - Análise de lista de usuários Suzano e ajuste de permissão para Bolivar,UNF2026-65,171252,Tarefa,Concluído,UNF2026,2026 - UNIDADE ESTRATÉGICA ,software,Adenilton Silva,633212a0fedc6169aed6fd7c,,Normal,Itens concluídos,Adenilton Silva,633212a0fedc6169aed6fd7c,Adenilton Silva,633212a0fedc6169aed6fd7c,Adenilton Silva,633212a0fedc6169aed6fd7c,05/fev/26 9:35 AM,06/fev/26 9:53 AM,,06/fev/26 9:53 AM,,0,"

O colaborador *Bolivar*, do cliente *Suzano*, solicitou uma *análise da lista de usuários* que lhe foi enviada pela *Gerente Claudia Garcia*.

Segundo o solicitante, *há usuários ausentes na lista* recebida. Além disso, foi solicitado que seja concedida ao próprio *Bolivar* a *permissão de administrador (admin)* no sistema.

----

h2. 🛠️ *Ações Esperadas*

# Validar a *lista de usuários enviada pela Gerente Claudia Garcia*, confrontando com:
#* Base atual de usuários ativos do cliente Suzano;
#* Perfis, status (ativo/inativo) e vínculos corretos.
# Identificar e listar:
#* Usuários ausentes;
#* Usuários duplicados (se houver);
#* Usuários com perfil incorreto.
# Avaliar e aplicar, se aprovado conforme governança:
#* *Permissão de administrador (admin)* para o usuário *Bolivar*.
# Registrar evidências da validação:
#* Lista ajustada;
#* Print ou relatório do sistema após correção.
# Retornar ao cliente com o *resultado da análise* e as *ações executadas*.

----

h2. ✅ *Conclusão Esperada*

* Lista de usuários do cliente *Suzano* validada e corrigida;
* Usuários faltantes identificados e regularizados (se aplicável);
* Permissão de *admin* concedida ao usuário *Bolivar*, conforme solicitação;
* Cliente comunicado com clareza sobre as correções realizadas.",,Adenilton Silva,,633212a0fedc6169aed6fd7c,,;06/fev/26 9:52 AM;633212a0fedc6169aed6fd7c;2100,,,,,,,,,,,,,5400,3300,2100,38%,5400,3300,2100,,,,,,,,,,,,,,,,,,,,,,,,,,,,,,,,com.atlassian.servicedesk.plugins.approvals.internal.customfield.ApprovalsCFValue@728516a4,,,,Retornado conforme o esperado.,,,,,,,,,,,,,,,,,,,,,,,,,,,,,,,,Difícil,,,,,,,,,,,,,,,,,,,,,,,,,,,05/fev/26 6:00 PM,05/fev/26 9:35 AM,,,,05/fev/26 9:15 AM,,,,,,,,,,,{},,,,,,,,,,,,,,,,,,,,,,,,,,,,,Sim ,,,,,,,,,,,,,,,,,,,,,,,,,,,,,,,,,,,,,,,,E-mail,,,,,,,,,,,Suporte Técnico e Treinamento,,,,,,,,,,,,,,,,,,,,,,,,,,,,,,,,,,,,,,,,,,,,,,,,,,,,,,,,,,,,,,,,,,,,,,,,,,1|i03p0i:,,,,,,,,,,,,,,,,,,,,,,,,,,,,,,,,,,,,,,,,,,,,,,,,,,,,,,,,,,,,,,,,,,,,,,,,,,,,,,,,,,,,,,,,,,,,,,,,,,,,,,,,,,,,,,,,,,,,,,6.800,,Não,,,,,,,,,,,,,,,,,,,,,14519_*:*_1_*:*_0_*|*_14517_*:*_1_*:*_87445296,14519_*:*_1_*:*_0_*|*_14517_*:*_1_*:*_87445296,,,,,,Itens concluídos,06/fev/26 9:53 AM
6500 - Necessito que seja incluído na plataforma SWS2 a provedora JFI no contrato Eucatex,UNF2026-64,171102,Tarefa,Concluído,UNF2026,2026 - UNIDADE ESTRATÉGICA ,software,Adenilton Silva,633212a0fedc6169aed6fd7c,,Normal,Itens concluídos,Johnny Nascimento,712020:6c42c3f9-35c5-48d4-9271-bfa26979c0c4,Johnny Nascimento,712020:6c42c3f9-35c5-48d4-9271-bfa26979c0c4,Johnny Nascimento,712020:6c42c3f9-35c5-48d4-9271-bfa26979c0c4,04/fev/26 5:41 PM,06/fev/26 1:34 PM,,06/fev/26 1:33 PM,,0,O técnico Johnny Kevin Solicitou o cadastro do provedor JFI ao Produtor Eucatex.,,Johnny Nascimento,,712020:6c42c3f9-35c5-48d4-9271-bfa26979c0c4,,;06/fev/26 1:33 PM;633212a0fedc6169aed6fd7c;900,,,,,,,,,,,,,,0,900,,,0,900,,,,,,,,,,,,,,,,,,,,,,,,,,,,,,,,com.atlassian.servicedesk.plugins.approvals.internal.customfield.ApprovalsCFValue@56180ad4,,,,"Ajustado.

Retonado ao técnico solicitante.",,,,,,,,,,,,,,,,,,,,,,,,,,,,,,,,Médio,,,,,,,,,,,,,,,,,,,,,,,,,,,06/fev/26 1:35 PM,06/fev/26 1:22 PM,,,,05/fev/26 1:00 PM,,,,,,,,,,,{},,,,,,,,,,,,,,,,,,,,,,,,,,,,,Sim ,,,,,,,,,,,,,,,,,,,,,,,,,,,,,,,,,,,,,,,,WhatsApp - PV,,,,,,,,,,,Cadastro e Gestão de Geometrias,,,,,,,,,,,,,,,,,,,,,,,,,,,,,,,,,,,,,,,,,,,,,,,,,,,,,,,,,,,,,,,,,,,,,,,,,,1|i03n1c:0i,,,,,,,,,,,,,,,,,,,,,,,,,,,,,,,,,,,,,,,,,,,,,,,,,,,,,,,,,,,,,,,,,,,,,,,,,,,,,,,,,,,,,,,,,,,,,,,,,,,,,,,,,,,,,,,,,,,,,,6.500,,Talvez,,,,,,,,,,,,,,,,,,,,,14517_*:*_1_*:*_57288211_*|*_14518_*:*_1_*:*_0,14517_*:*_1_*:*_57288211_*|*_14518_*:*_1_*:*_0,,05/fev/26 12:33 PM;712020:6c42c3f9-35c5-48d4-9271-bfa26979c0c4;[like]  NASCIMENTO Johnny reacted to your message:,,,,Itens concluídos,06/fev/26 1:33 PM
6.500 - Solicitação Apoio Analise de Dados,UNF2026-63,170666,Tarefa,Concluído,UNF2026,2026 - UNIDADE ESTRATÉGICA ,software,Adenilton Silva,633212a0fedc6169aed6fd7c,,Normal,Itens concluídos,Adenilton Silva,633212a0fedc6169aed6fd7c,Welinton Silva,712020:21e2d9c9-0f61-4500-b7e0-312746cc1897,Welinton Silva,712020:21e2d9c9-0f61-4500-b7e0-312746cc1897,03/fev/26 4:45 PM,25/fev/26 3:54 PM,,25/fev/26 3:53 PM,,0,"*Descrição:*
Solicitamos apoio do *Analista Adenilton* para análise e correção de *erros nos dados do cliente Sylvamo*, relacionados ao *provedor JRM*.

Foram identificadas inconsistências que estão impactando o processamento/validação dos dados do cliente. Necessário verificar a origem do erro, realizar os ajustes necessários e orientar quanto à correção definitiva.

*Cliente:* Sylvamo
*Provedor:* JRM

*Atividades esperadas:*

* Analisar os dados com erro
* Identificar a causa raiz
* Corrigir ou orientar a correção
* Retornar com evidências e conclusão
*Responsável (Assignee):* Adenilton

* Ajustado juntamento com o técnico Welinton - Erros identificados: Arquivo de barra de luz sendo lançados como funções de controle.",,Welinton Silva,,712020:21e2d9c9-0f61-4500-b7e0-312746cc1897,,;06/fev/26 9:54 AM;633212a0fedc6169aed6fd7c;7200,;25/fev/26 3:54 PM;633212a0fedc6169aed6fd7c;18000,,,,,,,,,,,,10800,0,25200,233%,10800,0,25200,,,,,,,,,,,,,,,,,,,,,,,,,,,,,,,,com.atlassian.servicedesk.plugins.approvals.internal.customfield.ApprovalsCFValue@2f633757,,,,"Enviado e até o devido momento o cliente não nos retornou com as devidas informações.

O cliente no retornou, e realizamos as devidas ánalises, identificado que houve operação sem leitura do fluxêometro, no display 2694.
Retornado ao cliente via e-mail.",,,,,,,,,,,,,,,,,,,,,,,,,,,,,,,,Fácil,,,,,,,,,,,,,,,,,,,,,,03/fev/26 12:00 PM,,,03/fev/26 11:00 AM,25/fev/26 9:21 AM,25/fev/26 3:53 PM,03/fev/26 11:00 AM,,,,03/fev/26 11:00 AM,,,,,,,,,,,{},,,,,,31521.0,,,5.0,392.0,,,,,,,,,,,,,,,,,,,Sim ,,,,,,,,,,,,,,,,,,,,,,,,,,,,,,,,,,,,,,,,WhatsApp - PV,,,,,,,,,,,Suporte Técnico e Treinamento,,,,,,,,,,,,,,,,,,,,,,,,,,,,,,,,,,,,,,,,,,,,,,,,,,,,,,,,,,,,,,,,,,,,,,,,,,1|i03ose:,,,,,,,,,,,,,,,,,,,,,,,,,,,,,,,,,,,,,,,,,,,,,,,,,,,,,,,,,,,,,,,,,,,,,,,,,,,,,,,,,,,,,,,,,,,,,,,,,,,,,,,,,,,,,,,,,,,,,,6.500,,Sim,,,,,,,,,,,,,,,,,,,,,14519_*:*_1_*:*_52753_*|*_14517_*:*_1_*:*_234553141_*|*_14518_*:*_1_*:*_0_*|*_14521_*:*_1_*:*_1639511890,14519_*:*_1_*:*_52753_*|*_14517_*:*_1_*:*_234553141_*|*_14518_*:*_1_*:*_0_*|*_14521_*:*_1_*:*_1639511890,,,,,,Itens concluídos,25/fev/26 3:53 PM
6.200 - Solicitação de Ativação de Displays,UNF2026-62,170665,Tarefa,Concluído,UNF2026,2026 - UNIDADE ESTRATÉGICA ,software,Adenilton Silva,633212a0fedc6169aed6fd7c,,Normal,Itens concluídos,Adenilton Silva,633212a0fedc6169aed6fd7c,Adenilton Silva,633212a0fedc6169aed6fd7c,Adenilton Silva,633212a0fedc6169aed6fd7c,03/fev/26 4:39 PM,27/fev/26 2:49 PM,,27/fev/26 2:49 PM,,0," Suporte Técnico
*Prioridade:* Baixa
*Solicitante:* Danilo Narciso
*Sistema:* Displays / Ativações Operacionais

----

h3. 📌 *Descrição*

O técnico *Danilo Narciso* realizou contato solicitando a *ativação de funcionalidades* para *quatro displays*, conforme números listados abaixo.

----

h3. 🔢 *Displays Solicitados*

* *21591*
* *21593*
* *24472*
* *21570*

----

h3. ⚙️ *Funcionalidades Solicitadas para Ativação*

* Controle de *Plantio / Fertilização*
* *Formicida*
* *Monitor de Plantio*
* *Monitor de Máquinas*

----

h3. ",,Adenilton Silva,,633212a0fedc6169aed6fd7c,,;04/fev/26 9:27 AM;633212a0fedc6169aed6fd7c;1200,,,,,,,,,,,,,3600,2400,1200,33%,3600,2400,1200,,,,,,,,,,,,,,,,,,,,,,,,,,,,,,,,com.atlassian.servicedesk.plugins.approvals.internal.customfield.ApprovalsCFValue@5f050cb0,,,,"----

h3. ✅ *Conclusão*

As ativações foram realizadas conforme solicitado.
A issue permanece como *registro de atendimento*, aguardando apenas a formalização via e-mail pelo solicitante.



Devido as condições, nós reportamos por e-mail, e estamos finalizando o chamado.",,,,,,,,,,,,,,,,,,,,,,,,,,,,,,,,Fácil,,,,,,,,,,,,,,,,,,,,,,,,,,,27/fev/26 2:49 PM,03/fev/26 3:20 PM,,,,03/fev/26 3:00 PM,,,,,,,,,,,{},,,,,,,,0.0,,,,,,,,,,,,,,,,,,,,,Sim ,,,,,,,,,,,,,,,,,,,,,,,,,,,,,,,,,,,,,,,,WhatsApp - PV,,,,,,,,,,,Suporte Técnico e Treinamento,,,,,,,,,,,,,,,,,,,,,,,,,,,,,,,,,,,,,,,,,,,,,,,,,,,,,,,,,,,,,,,,,,,,,,,,,,1|i03os6:,,,,,,,,,,,,,,,,,,,,,,,,,,,,,,,,,,,,,,,,,,,,,,,,,,,,,,,,,,,,,,,,,,,,,,,,,,,,,,,,,,,,,,,,,,,,,,,,,,,,,,,,,,,,,,,,,,,,,,6.200,,Sim,,,,,,,,,,,,,,,,,,,,,14517_*:*_1_*:*_60500020_*|*_14520_*:*_1_*:*_0,14517_*:*_1_*:*_60500020_*|*_14520_*:*_1_*:*_0,,,,,,Itens concluídos,27/fev/26 2:49 PM
6.500 - Apoio técnico | Erro no SWS – Reprocessamento em Modo Avançado,UNF2026-61,170552,Tarefa,Concluído,UNF2026,2026 - UNIDADE ESTRATÉGICA ,software,Adenilton Silva,633212a0fedc6169aed6fd7c,,Normal,Itens concluídos,Adenilton Silva,633212a0fedc6169aed6fd7c,Adenilton Silva,633212a0fedc6169aed6fd7c,Adenilton Silva,633212a0fedc6169aed6fd7c,03/fev/26 3:09 PM,27/fev/26 2:34 PM,,27/fev/26 2:34 PM,,0,"*Cliente:* Suzano – São Paulo
*Provedor:* JL Vivaldine
*Sistema:* SWS / GDC

----

h3. 📌 *Descrição*

Foi realizado apoio técnico ao *Johnny Kevin* referente a erros identificados no *processamento de arquivos no SWS*, associados ao cliente *Suzano – São Paulo*, provedor *JL Vivaldine*.

Os arquivos estavam sendo enviados corretamente, porém retornavam erro durante o processamento no SWS.

----

h3. 🔎 *Análise / Diagnóstico*

Após análise técnica, foi identificado que a *possível causa raiz* está relacionada a inconsistências no *cadastro do provider na LIST (Provider LIST)*, o que impacta diretamente a validação dos arquivos no SWS e o vínculo correto com as *CTIS*.",,Adenilton Silva,,633212a0fedc6169aed6fd7c,,;03/fev/26 3:11 PM;633212a0fedc6169aed6fd7c;5580,;27/fev/26 2:33 PM;633212a0fedc6169aed6fd7c;2100,,,,,,,,,,,,7200,0,7680,106%,7200,0,7680,,,,,,,,,,,,,,,,,,,,,,,,,,,,,,,,com.atlassian.servicedesk.plugins.approvals.internal.customfield.ApprovalsCFValue@ec55f8c,,,,"h3. ✅ *Conclusão*

O erro está associado ao cadastro do provider na LIST.
Com a planilha corrigida já enviada via *GDC*, o processo segue aguardando a efetivação do cadastro e atualização das CTIS.
Enquanto isso, o *reprocessamento em modo avançado* será utilizado como medida temporária.

----

h3. 🎯 *Critérios de Aceitação*

* Provider cadastrado corretamente na LIST
* CTIS atualizadas
* Arquivos processados no SWS sem erro
* Reprocessamento em modo padrão funcionando
* Validação final com o técnico Johnny Kevin",,,,,,,,,,,,,,,,,,,,,,,,,,,,,,,,Difícil,,,,,,,,,,,,,,,,,,,,,,,,,,,27/fev/26 2:34 PM,02/fev/26 3:00 PM,,,,02/fev/26 2:00 PM,,,,,,,,,,,{},,,,,,,,0.0,,,,,,,,,,,,,,,,,,,,,Sim ,,,,,,,,,,,,,,,,,,,,,,,,,,,,,,,,,,,,,,,,WhatsApp - PV,,,,,,,,,,,Suporte Técnico e Treinamento,,,,,,,,,,,,,,,,,,,,,,,,,,,,,,,,,,,,,,,,,,,,,,,,,,,,,,,,,,,,,,,,,,,,,,,,,,1|i03ory:,,,,,,,,,,,,,,,,,,,,,,,,,,,,,,,,,,,,,,,,,,,,,,,,,,,,,,,,,,,,,,,,,,,,,,,,,,,,,,,,,,,,,,,,,,,,,,,,,,,,,,,,,,,,,,,,,,,,,,6.500,,Não,,,,,,,,,,,,,,,,,,,,,14517_*:*_1_*:*_97756_*|*_14520_*:*_1_*:*_0,14517_*:*_1_*:*_97756_*|*_14520_*:*_1_*:*_0,,,,,,Itens concluídos,27/fev/26 2:34 PM
6.500 - Associação Provedor JFI ao Prod. Eucatex,UNF2026-60,169561,Tarefa,Concluído,UNF2026,2026 - UNIDADE ESTRATÉGICA ,software,Adenilton Silva,633212a0fedc6169aed6fd7c,,Normal,Itens concluídos,Adenilton Silva,633212a0fedc6169aed6fd7c,Johnny Nascimento,712020:6c42c3f9-35c5-48d4-9271-bfa26979c0c4,Johnny Nascimento,712020:6c42c3f9-35c5-48d4-9271-bfa26979c0c4,30/jan/26 5:16 PM,30/jan/26 9:31 PM,,30/jan/26 9:31 PM,,0,"h3. Resumo

A JFI está entrando no contrato com a Eucatex. É necessário incluir a empresa na plataforma Control Room.

h3. Contexto

A JFI precisa ser associada ao contrato Eucatex.

h3. Critérios de aceitação

* Incluir a JFI na plataforma Control Room.

h3. Outras informações

N/A",,Johnny Nascimento,,712020:6c42c3f9-35c5-48d4-9271-bfa26979c0c4,,;30/jan/26 9:30 PM;633212a0fedc6169aed6fd7c;600,,,,,,,,,,,,,,0,600,,,0,600,,30/jan/26 5:16 PM;e8cfcaf8-0790-4fc3-9c04-fa7b74df305d;image-20260130-211756.png;https://agguidance.atlassian.net/rest/api/3/attachment/content/160204,,,,,,,,,,,,,,,,,,,,,,,,,,,,,,com.atlassian.servicedesk.plugins.approvals.internal.customfield.ApprovalsCFValue@591412d5,,,,Retornado as partes interessadas via grupo de Whatsapp.,,,,,,,,,,,,,,,,,,,,,,,,,,,,,,,,Difícil,,,,,,,,,,,,,,,,,,,,,,,,,,,30/jan/26 9:36 PM,30/jan/26 9:26 PM,,,,30/jan/26 5:00 PM,,,,,,,,,,,{},,,,,,,,,,,,,,,,,,,,,,,,,,,,,Não,,,,,,,,,,,,,,,,,,,,,,,,,,,,,,,,,,,,,,,,JIRA ,Teams,WhatsApp - PV,,,,,,,,,Gestão de Dados e Integração,,,,,,,,,,,,,,,,,,,,,,,,,,,,,,,,,,,,,,,,,,,,,,,,,,,,,,,,,,,,,,,,,,,,,,,,,,1|i03n1c:1,,,,,,,,,,,,,,,,,,,,,,,,,,,,,,,,,,,,,,,,,,,,,,,,,,,,,,,,,,,,,,,,,,,,,,,,,,,,,,,,,,,,,,,,,,,,,,,,,,,,,,,,,,,,,,,,,,,,,,6.500,,Talvez,,,,,,,,,,,,,,,,,,,,,14517_*:*_1_*:*_14893852_*|*_14518_*:*_1_*:*_0,14517_*:*_1_*:*_14893852_*|*_14518_*:*_1_*:*_0,,,,,,Itens concluídos,30/jan/26 9:31 PM
6.800 - Análise e contribuição nas implantações do relatório de fertilização – OM,UNF2026-59,169527,Tarefa,Concluído,UNF2026,2026 - UNIDADE ESTRATÉGICA ,software,Adenilton Silva,633212a0fedc6169aed6fd7c,,Normal,Itens concluídos,Adenilton Silva,633212a0fedc6169aed6fd7c,Adenilton Silva,633212a0fedc6169aed6fd7c,Adenilton Silva,633212a0fedc6169aed6fd7c,30/jan/26 4:00 PM,06/fev/26 9:51 AM,,06/fev/26 9:51 AM,,0,"h3. 📌 *Descrição*

O gerente *André Azevedo* enviou uma solicitação para *análise técnica e contribuição* nas *implantações realizadas no relatório do OM*, com foco específico no *relatório de fertilização*.

A demanda envolve avaliar o que já foi implantado, validar aderência às necessidades operacionais e propor melhorias ou ajustes, se necessário.

----

h3. 🎯 *Objetivo*

* Avaliar as implantações atuais no *relatório de fertilização do OM*
* Identificar oportunidades de melhoria, ajustes ou correções
* Contribuir tecnicamente com sugestões e validações para evolução do relatório

----

h3. 🔍 *Escopo da Análise*

* Estrutura e campos do relatório
* Consistência das informações apresentadas
* Adequação às necessidades do negócio/operação
* Possíveis gaps ou melhorias técnicas

----

h3. 🧑‍💼 *Solicitante*

André Azevedo – Gerência

----

h3. 📂 *Sistema / Módulo*

* Operations Manager (OM)
* Relatório: Fertilização

----

h3. 📎 *Observações*

* A issue não está relacionada a erro crítico, e sim a *análise e contribuição técnica*
* Resultados da análise devem ser documentados para alinhamento com a gerência",,Adenilton Silva,,633212a0fedc6169aed6fd7c,,;06/fev/26 9:50 AM;633212a0fedc6169aed6fd7c;1800,,,,,,,,,,,,,3600,1800,1800,50%,3600,1800,1800,,,,,,,,,,,,,,,,,,,,,,,,,,,,,,,,com.atlassian.servicedesk.plugins.approvals.internal.customfield.ApprovalsCFValue@9eec758,,,,Retornado,,,,,,,,,,,,,,,,,,,,,,,,,,,,,,,,Médio,,,,,,,,,,,,,,,,,,,,,,,,,,,02/fev/26 10:40 AM,,,,,30/jan/26 10:30 AM,,,,,,,,,,,{},,,,,,,,,,,,,,,,,,,,,,,,,,,,,Sim ,,,,,,,,,,,,,,,,,,,,,,,,,,,,,,,,,,,,,,,,E-mail,,,,,,,,,,,Suporte Técnico e Treinamento,,,,,,,,,,,,,,,,,,,,,,,,,,,,,,,,,,,,,,,,,,,,,,,,,,,,,,,,,,,,,,,,,,,,,,,,,,1|i03o2u:,,,,,,,,,,,,,,,,,,,,,,,,,,,,,,,,,,,,,,,,,,,,,,,,,,,,,,,,,,,,,,,,,,,,,,,,,,,,,,,,,,,,,,,,,,,,,,,,,,,,,,,,,,,,,,,,,,,,,,6.800,,Talvez,,,,,,,,,,,,,,,,,,,,,14519_*:*_1_*:*_0_*|*_14517_*:*_1_*:*_582675183,14519_*:*_1_*:*_0_*|*_14517_*:*_1_*:*_582675183,,,,,,Itens concluídos,06/fev/26 9:51 AM
6.800- Solicitação de ajuste temporário de tipo de apontamento – Controladores de Fluxo,UNF2026-58,169520,Tarefa,Concluído,UNF2026,2026 - UNIDADE ESTRATÉGICA ,software,Adenilton Silva,633212a0fedc6169aed6fd7c,,Normal,Itens concluídos,Adenilton Silva,633212a0fedc6169aed6fd7c,Adenilton Silva,633212a0fedc6169aed6fd7c,Adenilton Silva,633212a0fedc6169aed6fd7c,30/jan/26 3:03 PM,30/jan/26 3:15 PM,,30/jan/26 3:15 PM,,0,"h3. *Descrição*

*Solicitação:* _Bolivar Felipe de Freitas_

Conforme alinhamentos realizados, foi identificado um problema semelhante ao já reportado por *@SILVA Wriel*.

Após alinhamento com o *Luis*, definiu-se como melhor estratégia seguir com as solicitações às gerências para a inclusão dos *controladores de fluxo*.
Entretanto, para *evitar impactos nos pagamentos do mês corrente*, solicito a *alteração temporária do tipo de apontamento no sistema*, alterando de *Controlador* para *Monitoramento*.

A alteração deve ser aplicada de forma *corporativa* para os códigos abaixo:

* *P7121* – Aplicação de Herbicida na Entrelinha
* *P7332* – Combate a Formiga Líquida

Essa configuração deverá permanecer até a conclusão das aprovações necessárias, garantindo a continuidade operacional sem impactos financeiros.

----

h3. *Envolvidos / Loop*

* @SILVA Wriel
* @SILVA Adenilton
* *Solicitante:* Bolivar Felipe de Freitas",,Adenilton Silva,,633212a0fedc6169aed6fd7c,,;30/jan/26 3:14 PM;633212a0fedc6169aed6fd7c;1200,,,,,,,,,,,,,3600,2400,1200,33%,3600,2400,1200,,,,,,,,,,,,,,,,,,,,,,,,,,,,,,,,com.atlassian.servicedesk.plugins.approvals.internal.customfield.ApprovalsCFValue@7b14d84c,,,,Retornado o e-mail ao cliente e aos demais interessados.,,,,,,,,,,,,,,,,,,,,,,,,,,,,,,,,Médio,,,,,,,,,,,,,,,,,,,,,,,,,,,30/jan/26 3:15 PM,30/jan/26 3:00 PM,,,,30/jan/26 1:30 PM,,,,,,,,,,,{},,,,,,,,,,,,,,,,,,,,,,,,,,,,,Sim ,,,,,,,,,,,,,,,,,,,,,,,,,,,,,,,,,,,,,,,,E-mail,,,,,,,,,,,Análise e Diagnóstico de Bugs Embarcados,,,,,,,,,,,,,,,,,,,,,,,,,,,,,,,,,,,,,,,,,,,,,,,,,,,,,,,,,,,,,,,,,,,,,,,,,,1|i03n1c:2,,,,,,,,,,,,,,,,,,,,,,,,,,,,,,,,,,,,,,,,,,,,,,,,,,,,,,,,,,,,,,,,,,,,,,,,,,,,,,,,,,,,,,,,,,,,,,,,,,,,,,,,,,,,,,,,,,,,,,6.800,,Talvez,,,,,,,,,,,,,,,,,,,,,14517_*:*_1_*:*_5338_*|*_14518_*:*_1_*:*_0,14517_*:*_1_*:*_5338_*|*_14518_*:*_1_*:*_0,,,,,,Itens concluídos,30/jan/26 3:15 PM
6.500 - Provedor JL Vivaldini sem opção de inserção de arquivos e falha no envio para SWS após atualizações,UNF2026-56,169163,Tarefa,Concluído,UNF2026,2026 - UNIDADE ESTRATÉGICA ,software,Adenilton Silva,633212a0fedc6169aed6fd7c,,Normal,Itens concluídos,Adenilton Silva,633212a0fedc6169aed6fd7c,Adenilton Silva,633212a0fedc6169aed6fd7c,Adenilton Silva,633212a0fedc6169aed6fd7c,29/jan/26 10:26 AM,29/jan/26 11:50 AM,,29/jan/26 11:49 AM,,0,"h3. *Descrição*

O técnico *Johnny* informou que o *provedor JL Vivaldini* está enfrentando dificuldades nos lançamentos de dados.

Segundo o relato:

* O provedor *não encontra a função/opção para inserção de arquivos* no sistema.
* Após as *atualizações recentes*, os *arquivos não estão chegando à plataforma SWS*, mesmo quando gerados/enviados pelo provedor.

O problema está impactando diretamente o fluxo de envio e processamento de dados na SWS.

h3. *Passos relatados*

# Provedor tenta realizar lançamento de dados.
# Não localiza a função para inserção do arquivo.
# Após atualizações do sistema, arquivos enviados não aparecem/processam na SWS.

h3. *Resultado esperado*

* Função de inserção de arquivos disponível normalmente para o provedor.
* Arquivos enviados após atualizações sendo corretamente recebidos e processados na plataforma SWS.

h3. *Resultado atual*

* Função de inserção indisponível ou não visível.
* Arquivos não chegam à SWS após atualizações.

h3. *Provedor*

JL Vivaldini

h3. *Canal de origem*

Relato técnico – Johnny

h3. ",,Adenilton Silva,,633212a0fedc6169aed6fd7c,,;29/jan/26 11:49 AM;633212a0fedc6169aed6fd7c;5100,,,,,,,,,,,,,,0,5100,,,0,5100,,,,,,,,,,,,,,,,,,,,,,,,,,,,,,,,com.atlassian.servicedesk.plugins.approvals.internal.customfield.ApprovalsCFValue@e47fa8e,,,,"Foram todos os dysplay analisados, os mesmos estão transmitindo conforme o esperado, porém tiveram que ser realizados alguns ajustes.",,,,,,,,,,,,,,,,,,,,,,,,,,,,,,,,Médio,,,,,,,,,,,,,,,,,,,,,,,,,,,29/jan/26 11:50 AM,29/jan/26 10:30 AM,,,,29/jan/26 9:30 AM,,,,,,,,,,,{},,,,,,,,,,,,,,,,,,,,,,,,,,,,,Sim ,,,,,,,,,,,,,,,,,,,,,,,,,,,,,,,,,,,,,,,,WhatsApp - PV,,,,,,,,,,,Suporte Técnico e Treinamento,,,,,,,,,,,,,,,,,,,,,,,,,,,,,,,,,,,,,,,,,,,,,,,,,,,,,,,,,,,,,,,,,,,,,,,,,,1|i03n1c:9,,,,,,,,,,,,,,,,,,,,,,,,,,,,,,,,,,,,,,,,,,,,,,,,,,,,,,,,,,,,,,,,,,,,,,,,,,,,,,,,,,,,,,,,,,,,,,,,,,,,,,,,,,,,,,,,,,,,,,6.500,,Talvez,,,,,,,,,,,,,,,,,,,,,14517_*:*_1_*:*_27611_*|*_14518_*:*_1_*:*_0,14517_*:*_1_*:*_27611_*|*_14518_*:*_1_*:*_0,,,,,,Itens concluídos,29/jan/26 11:49 AM
6.300 - Erro de leitura em monitor – Arquivo de linhas de preparo,UNF2026-55,168945,Tarefa,Concluído,UNF2026,2026 - UNIDADE ESTRATÉGICA ,software,Adenilton Silva,633212a0fedc6169aed6fd7c,,Normal,Itens concluídos,Adenilton Silva,633212a0fedc6169aed6fd7c,Adenilton Silva,633212a0fedc6169aed6fd7c,Adenilton Silva,633212a0fedc6169aed6fd7c,28/jan/26 10:34 AM,29/jan/26 10:22 AM,,29/jan/26 10:22 AM,,0,"h3. *Descrição*

Estamos com problema na leitura de um arquivo no monitor.
O sistema aponta um erro com a mensagem semelhante a *“Guia não identificada”*.
O arquivo segue o mesmo padrão dos demais que estão sendo lidos normalmente.

----

h3. *Análise inicial*

Apesar do erro apresentado no monitor, o arquivo não possui diferenças aparentes em relação aos outros arquivos que estão sendo processados com sucesso.

----

h3. *Anexo*

Arquivo enviado para verificação:
*CN3_LIN_007_270126.rar*",,Adenilton Silva,,633212a0fedc6169aed6fd7c,,;29/jan/26 10:22 AM;633212a0fedc6169aed6fd7c;4800,,,,,,,,,,,,,5400,600,4800,88%,5400,600,4800,,,,,,,,,,,,,,,,,,,,,,,,,,,,,,,,com.atlassian.servicedesk.plugins.approvals.internal.customfield.ApprovalsCFValue@34681985,,,,,,,,,,,,,,,,,,,,,,,,,,,,,,,,,,,,Médio,,,,,,,,,,,,,,,,,,,,,,,,,,,,29/jan/26 8:30 AM,,,,28/jan/26 3:06 PM,,,,,,,,,,,{},,,,,,,,,,,,,,,,,,,,,,,,,,,,,Sim ,,,,,,,,,,,,,,,,,,,,,,,,,,,,,,,,,,,,,,,,E-mail,,,,,,,,,,,Suporte Técnico e Treinamento,,,,,,,,,,,,,,,,,,,,,,,,,,,,,,,,,,,,,,,,,,,,,,,,,,,,,,,,,,,,,,,,,,,,,,,,,,1|i03n1c:i,,,,,,,,,,,,,,,,,,,,,,,,,,,,,,,,,,,,,,,,,,,,,,,,,,,,,,,,,,,,,,,,,,,,,,,,,,,,,,,,,,,,,,,,,,,,,,,,,,,,,,,,,,,,,,,,,,,,,,6.300,,Talvez,,,,,,,,,,,,,,,,,,,,,14517_*:*_1_*:*_80907187_*|*_14518_*:*_1_*:*_0,14517_*:*_1_*:*_80907187_*|*_14518_*:*_1_*:*_0,,"29/jan/26 10:22 AM;633212a0fedc6169aed6fd7c;Performou conforme o esperado, o arquivo encontra-se ok.

E-mail retornado ao cliente.",,,,Itens concluídos,29/jan/26 10:22 AM
6.200 - Veracel – BA | Análise de usuários com permissão de acesso aos dados do cliente,UNF2026-54,168944,Tarefa,Concluído,UNF2026,2026 - UNIDADE ESTRATÉGICA ,software,Adenilton Silva,633212a0fedc6169aed6fd7c,,Normal,Itens concluídos,Adenilton Silva,633212a0fedc6169aed6fd7c,Adenilton Silva,633212a0fedc6169aed6fd7c,Adenilton Silva,633212a0fedc6169aed6fd7c,28/jan/26 10:31 AM,28/jan/26 5:25 PM,,28/jan/26 5:25 PM,,0,"h3. *Descrição*

O cliente *Veracel – BA* solicitou a verificação e análise de *todos os usuários que atualmente possuem permissão de acesso aos dados do cliente*, com o objetivo de garantir conformidade, segurança da informação e adequação dos perfis de acesso às responsabilidades atuais.",,Adenilton Silva,,633212a0fedc6169aed6fd7c,,;28/jan/26 5:24 PM;633212a0fedc6169aed6fd7c;5940,,,,,,,,,,,,,3600,0,5940,165%,3600,0,5940,,,,,,,,,,,,,,,,,,,,,,,,,,,,,,,,com.atlassian.servicedesk.plugins.approvals.internal.customfield.ApprovalsCFValue@406f2ea4,,,,Foi enviado os dados ao cliente conforme o solicitado.,,,,,,,,,,,,,,,,,,,,,,,,,,,,,,,,Difícil,,,,,,,,,,,,,,,,,,,,,,,,,,,28/jan/26 5:25 PM,28/jan/26 2:25 PM,,,,27/jan/26 2:55 PM,,,,,,,,,,,{},,,,,,,,,,,,,,,,,,,,,,,,,,,,,Sim ,,,,,,,,,,,,,,,,,,,,,,,,,,,,,,,,,,,,,,,,E-mail,,,,,,,,,,,Suporte Técnico e Treinamento,,,,,,,,,,,,,,,,,,,,,,,,,,,,,,,,,,,,,,,,,,,,,,,,,,,,,,,,,,,,,,,,,,,,,,,,,,1|i03n1d:,,,,,,,,,,,,,,,,,,,,,,,,,,,,,,,,,,,,,,,,,,,,,,,,,,,,,,,,,,,,,,,,,,,,,,,,,,,,,,,,,,,,,,,,,,,,,,,,,,,,,,,,,,,,,,,,,,,,,,6.200,,Não,,,,,,,,,,,,,,,,,,,,,14517_*:*_1_*:*_12951434_*|*_14518_*:*_1_*:*_0,14517_*:*_1_*:*_12951434_*|*_14518_*:*_1_*:*_0,,,,,,Itens concluídos,28/jan/26 5:25 PM
6.800 - Levantamento de Equipamentos | Atualizações via CR | Retorno em Planilha,UNF2026-53,168941,Tarefa,Concluído,UNF2026,2026 - UNIDADE ESTRATÉGICA ,software,Adenilton Silva,633212a0fedc6169aed6fd7c,,Normal,Itens concluídos,Adenilton Silva,633212a0fedc6169aed6fd7c,Adenilton Silva,633212a0fedc6169aed6fd7c,Adenilton Silva,633212a0fedc6169aed6fd7c,28/jan/26 10:22 AM,28/jan/26 1:33 PM,,28/jan/26 10:22 AM,,0,"h2. 📝 *Descrição*

O gerente *André Azevedo* solicitou a realização de um *levantamento dos equipamentos que foram atualizados até o momento*, utilizando informações obtidas por intermédio do *Control Room (CR)*.

A solicitação teve como objetivo consolidar os dados atualizados e disponibilizá-los de forma estruturada para acompanhamento e validação.",,Adenilton Silva,,633212a0fedc6169aed6fd7c,,;28/jan/26 10:22 AM;633212a0fedc6169aed6fd7c;7620,;28/jan/26 1:33 PM;633212a0fedc6169aed6fd7c;1200,,,,,,,,,,,,7200,0,8820,122%,7200,0,8820,,,,,,,,,,,,,,,,,,,,,,,,,,,,,,,,com.atlassian.servicedesk.plugins.approvals.internal.customfield.ApprovalsCFValue@2ef39a2,,,,"O levantamento foi realizado com sucesso e a *planilha consolidada* contendo as informações dos equipamentos atualizados foi *retornada ao gerente André Azevedo*, atendendo integralmente à solicitação.",,,,,,,,,,,,,,,,,,,,,,,,,,,,,,,,Fácil,,,,,,,,,,,,,,,,,,,,,,,,,,,28/jan/26 10:00 AM,28/jan/26 7:00 AM,,,,27/jan/26 2:00 PM,,,,,,,,,,,{},,,,,,,,,,,,,,,,,,,,,,,,,,,,,Sim ,,,,,,,,,,,,,,,,,,,,,,,,,,,,,,,,,,,,,,,,WhatsApp - PV,,,,,,,,,,,Suporte Técnico e Treinamento,,,,,,,,,,,,,,,,,,,,,,,,,,,,,,,,,,,,,,,,,,,,,,,,,,,,,,,,,,,,,,,,,,,,,,,,,,1|i03nie:,,,,,,,,,,,,,,,,,,,,,,,,,,,,,,,,,,,,,,,,,,,,,,,,,,,,,,,,,,,,,,,,,,,,,,,,,,,,,,,,,,,,,,,,,,,,,,,,,,,,,,,,,,,,,,,,,,,,,,6.800,,Sim,,,,,,,,,,,,,,,,,,,,,14519_*:*_1_*:*_0_*|*_14517_*:*_1_*:*_22926,14519_*:*_1_*:*_0_*|*_14517_*:*_1_*:*_22926,,,,,,Itens concluídos,28/jan/26 10:22 AM
Ativação de Controle de Seção no Display 292132 – Bracell,UNF2026-52,168937,Tarefa,Concluído,UNF2026,2026 - UNIDADE ESTRATÉGICA ,software,Adenilton Silva,633212a0fedc6169aed6fd7c,,Normal,Itens concluídos,Adenilton Silva,633212a0fedc6169aed6fd7c,Adenilton Silva,633212a0fedc6169aed6fd7c,Adenilton Silva,633212a0fedc6169aed6fd7c,28/jan/26 10:11 AM,28/jan/26 10:12 AM,,28/jan/26 10:12 AM,,0,"h2. 📝 *Descrição*

O técnico *Johnny Kevin* solicitou suporte para *ativação de licença* no display *nº de série 292132*, modelo *Ti7*, pertencente ao cliente *Bracell*.

Durante a verificação, foi identificado que o display *não possuía a ativação do Controle de Seção (Corte de Seção)*, o que estava impedindo o uso correto da funcionalidade durante as operações de campo.

As demais licenças principais (Controle de Plantio/Fertilização, Pulverização, Monitoramento de Máquinas e Guia Virtual) constavam como *ativas/permanentes*, conforme evidências apresentadas.",,Adenilton Silva,,633212a0fedc6169aed6fd7c,,;28/jan/26 10:12 AM;633212a0fedc6169aed6fd7c;660,,,,,,,,,,,,,1200,540,660,55%,1200,540,660,,,,,,,,,,,,,,,,,,,,,,,,,,,,,,,,com.atlassian.servicedesk.plugins.approvals.internal.customfield.ApprovalsCFValue@281250e6,,,,"

A licença de *Controle de Seção (Corte de Seção)* foi *ativada com sucesso* no display *292132*.

O equipamento encontra-se agora *totalmente regularizado*, com todas as funcionalidades necessárias disponíveis para operação.
O técnico foi informado e orientado a prosseguir com os testes em campo.

*Status:* Concluído
*Cliente:* Bracell
*Display:* 292132 – Ti7",,,,,,,,,,,,,,,,,,,,,,,,,,,,,,,,Fácil,,,,,,,,,,,,,,,,,,,,,,,,,,,26/jan/26 11:23 AM,26/jan/26 11:10 AM,,,,26/jan/26 11:00 AM,,,,,,,,,,,{},,,,,,,,,,,,,,,,,,,,,,,,,,,,,Sim ,,,,,,,,,,,,,,,,,,,,,,,,,,,,,,,,,,,,,,,,WhatsApp - PV,,,,,,,,,,,Suporte Técnico e Treinamento,,,,,,,,,,,,,,,,,,,,,,,,,,,,,,,,,,,,,,,,,,,,,,,,,,,,,,,,,,,,,,,,,,,,,,,,,,1|i03ni6:,,,,,,,,,,,,,,,,,,,,,,,,,,,,,,,,,,,,,,,,,,,,,,,,,,,,,,,,,,,,,,,,,,,,,,,,,,,,,,,,,,,,,,,,,,,,,,,,,,,,,,,,,,,,,,,,,,,,,,6.500,,Sim,,,,,,,,,,,,,,,,,,,,,14519_*:*_1_*:*_0_*|*_14517_*:*_1_*:*_21393,14519_*:*_1_*:*_0_*|*_14517_*:*_1_*:*_21393,,,,,,Itens concluídos,28/jan/26 10:12 AM
6.500 - Apoio técnico – Análise de transmissão de dados | Cliente Dexco,UNF2026-51,168936,Tarefa,Concluído,UNF2026,2026 - UNIDADE ESTRATÉGICA ,software,Adenilton Silva,633212a0fedc6169aed6fd7c,,Normal,Itens concluídos,Adenilton Silva,633212a0fedc6169aed6fd7c,Adenilton Silva,633212a0fedc6169aed6fd7c,Adenilton Silva,633212a0fedc6169aed6fd7c,28/jan/26 10:02 AM,28/jan/26 10:02 AM,,28/jan/26 10:02 AM,,0,"Foi realizado apoio técnico ao colaborador *Lucas Antunes*, relacionado à *análise de transmissão de dados do cliente Dexco*. A atividade teve como objetivo verificar a integridade e a recorrência do envio de dados dos dispositivos em operação.",,Adenilton Silva,,633212a0fedc6169aed6fd7c,,;28/jan/26 10:02 AM;633212a0fedc6169aed6fd7c;2640,,,,,,,,,,,,,3600,960,2640,73%,3600,960,2640,,,,,,,,,,,,,,,,,,,,,,,,,,,,,,,,com.atlassian.servicedesk.plugins.approvals.internal.customfield.ApprovalsCFValue@7290dc70,,,,"Foi identificado que *diversos displays não realizam transmissão de dados há um longo período*, indicando possível falha de comunicação, inatividade dos equipamentos ou necessidade de intervenção técnica para restabelecimento da transmissão.",,,,,,,,,,,,,,,,,,,,,,,,,,,,,,,,Fácil,,,,,,,,,,,,,,,,,,,,,,,,,,,27/jan/26 5:53 PM,27/jan/26 5:15 PM,,,,27/jan/26 5:10 PM,,,,,,,,,,,{},,,,,,,,,,,,,,,,,,,,,,,,,,,,,Sim ,,,,,,,,,,,,,,,,,,,,,,,,,,,,,,,,,,,,,,,,Teams,,,,,,,,,,,Suporte Técnico e Treinamento,,,,,,,,,,,,,,,,,,,,,,,,,,,,,,,,,,,,,,,,,,,,,,,,,,,,,,,,,,,,,,,,,,,,,,,,,,1|i03nhy:,,,,,,,,,,,,,,,,,,,,,,,,,,,,,,,,,,,,,,,,,,,,,,,,,,,,,,,,,,,,,,,,,,,,,,,,,,,,,,,,,,,,,,,,,,,,,,,,,,,,,,,,,,,,,,,,,,,,,,6.500,,Sim,,,,,,,,,,,,,,,,,,,,,14519_*:*_1_*:*_0_*|*_14517_*:*_1_*:*_13772,14519_*:*_1_*:*_0_*|*_14517_*:*_1_*:*_13772,,,,,,Itens concluídos,28/jan/26 10:02 AM
6.700 - Importação de mapas no Hexagon – Operações de Fevereiro,UNF2026-50,168758,Tarefa,Concluído,UNF2026,2026 - UNIDADE ESTRATÉGICA ,software,Adenilton Silva,633212a0fedc6169aed6fd7c,,Normal,Itens concluídos,Adenilton Silva,633212a0fedc6169aed6fd7c,Adenilton Silva,633212a0fedc6169aed6fd7c,Adenilton Silva,633212a0fedc6169aed6fd7c,27/jan/26 2:32 PM,29/jan/26 6:08 PM,,29/jan/26 6:08 PM,,0,"h3. *Descrição*

Solicitação de importação de mapas no sistema *Hexagon* para as operações previstas para o mês de *fevereiro*.

A solicitante questiona a possibilidade de realizar a importação dos mapas para garantir o planejamento e execução das operações do período.

----

h3. *Solicitante*

Mary Helen D. Malgieski
Silvicultura – Monte Alegre
Klabin

----

h3. *Anexo*

Arquivo: {{area_produtiva_d_2025-12-2...}}
(Tamanho aproximado: 6 MB)

----

h3. *Observações*

Nenhuma observação adicional informada no e-mail.



h3. *Ações:*",,Adenilton Silva,,633212a0fedc6169aed6fd7c,,;29/jan/26 6:07 PM;633212a0fedc6169aed6fd7c;1200,,,,,,,,,,,,,7200,6000,1200,16%,7200,6000,1200,,,,,,,,,,,,,,,,,,,,,,,,,,,,,,,,com.atlassian.servicedesk.plugins.approvals.internal.customfield.ApprovalsCFValue@136a250e,,,,"Cadastrados os talhões e retornado o e-mail ao cliente.



Anterior : 19.046 talhões 

Atual: 1.905 talhões 

 ",,,,,,,,,,,,,,,,,,,,,,,,,,,,,,,,Difícil,,,,,,,,,,,,,,,,,,,,,,,,,,,29/jan/26 6:10 PM,29/jan/26 5:30 PM,,,,27/jan/26 11:30 AM,,,,,,,,,,,{},,,,,,,,,,,,,,,,,,,,,,,,,,,,,Sim ,,,,,,,,,,,,,,,,,,,,,,,,,,,,,,,,,,,,,,,,E-mail,,,,,,,,,,,Cadastro e Gestão de Geometrias,,,,,,,,,,,,,,,,,,,,,,,,,,,,,,,,,,,,,,,,,,,,,,,,,,,,,,,,,,,,,,,,,,,,,,,,,,1|i03n1c:4,,,,,,,,,,,,,,,,,,,,,,,,,,,,,,,,,,,,,,,,,,,,,,,,,,,,,,,,,,,,,,,,,,,,,,,,,,,,,,,,,,,,,,,,,,,,,,,,,,,,,,,,,,,,,,,,,,,,,,6.700,,Não,,,,,,,,,,,,,,,,,,,,,14517_*:*_1_*:*_184502814_*|*_14518_*:*_1_*:*_0,14517_*:*_1_*:*_184502814_*|*_14518_*:*_1_*:*_0,,,,,,Itens concluídos,29/jan/26 6:08 PM
6.300 - Função Preparo de Solo com Savannah indisponível para o cliente Suzano Horizonte,UNF2026-49,168756,Tarefa,Concluído,UNF2026,2026 - UNIDADE ESTRATÉGICA ,software,Adenilton Silva,633212a0fedc6169aed6fd7c,,Normal,Itens concluídos,Adenilton Silva,633212a0fedc6169aed6fd7c,Adenilton Silva,633212a0fedc6169aed6fd7c,Adenilton Silva,633212a0fedc6169aed6fd7c,27/jan/26 2:21 PM,27/jan/26 2:28 PM,,27/jan/26 2:28 PM,,0,"h3. *Descrição*

O técnico *Marcelo Medina*, da *Unidade MS*, realizou contato informando que a função *Preparo de Solo com Savannah* não está disponível para o cliente *Suzano – Horizonte*.

h3. *Detalhes do Atendimento*

* *Unidade:* MS
* *Cliente:* Suzano
* *Regional / Projeto:* Horizonte
* *Técnico:* Marcelo Medina
* *Módulo / Função:* Preparo de Solo com Savannah
* *Tipo de solicitação:* Indisponibilidade de função
* *Origem do contato:* Atendimento técnico

h3. *Problema Identificado*

A função esperada não aparece ou não está habilitada para o cliente, impossibilitando o uso operacional.

h3. *Ação Esperada*

* Verificar configuração de permissões/ativação da função
* Validar se o cliente Suzano Horizonte possui liberação para o módulo
* Habilitar a função ou orientar sobre pré-requisitos, se aplicável

h3. *Ações:*

Função estava inativa, foi ativada, e criado o fluxo conforme o padrão às 14:27 - 27/01/2026 - retornada mensagem ao técnico.

h3. ",,Adenilton Silva,,633212a0fedc6169aed6fd7c,,;27/jan/26 2:28 PM;633212a0fedc6169aed6fd7c;720,,,,,,,,,,,,,3600,2880,720,20%,3600,2880,720,,,,,,,,,,,,,,,,,,,,,,,,,,,,,,,,com.atlassian.servicedesk.plugins.approvals.internal.customfield.ApprovalsCFValue@684853fd,,,,,,,,,,,,,,,,,,,,,,,,,,,,,,,,,,,,Médio,,,,,,,,,,,,,,,,,,,,,,,,,,,,27/jan/26 2:21 PM,,,,27/jan/26 8:00 AM,,,,,,,,,,,{},,,,,,,,,,,,,,,,,,,,,,,,,,,,,Sim ,,,,,,,,,,,,,,,,,,,,,,,,,,,,,,,,,,,,,,,,WhatsApp - PV,,,,,,,,,,,Suporte Técnico e Treinamento,,,,,,,,,,,,,,,,,,,,,,,,,,,,,,,,,,,,,,,,,,,,,,,,,,,,,,,,,,,,,,,,,,,,,,,,,,1|i03n1e:,,,,,,,,,,,,,,,,,,,,,,,,,,,,,,,,,,,,,,,,,,,,,,,,,,,,,,,,,,,,,,,,,,,,,,,,,,,,,,,,,,,,,,,,,,,,,,,,,,,,,,,,,,,,,,,,,,,,,,6.300,,Talvez,,,,,,,,,,,,,,,,,,,,,14517_*:*_1_*:*_6433_*|*_14518_*:*_1_*:*_0,14517_*:*_1_*:*_6433_*|*_14518_*:*_1_*:*_0,,,,,,Itens concluídos,27/jan/26 2:28 PM
6.600 - Bug SWS 1 – Arquivos consolidados vinculados a relatórios atuais | BOA VISTA QG (S-G67T),UNF2026-48,168604,Tarefa,Concluído,UNF2026,2026 - UNIDADE ESTRATÉGICA ,software,Adenilton Silva,633212a0fedc6169aed6fd7c,,Normal,Itens concluídos,Adenilton Silva,633212a0fedc6169aed6fd7c,Adenilton Silva,633212a0fedc6169aed6fd7c,Adenilton Silva,633212a0fedc6169aed6fd7c,26/jan/26 7:07 PM,04/fev/26 10:33 AM,,04/fev/26 10:33 AM,,0,"h3. *Descrição*

O técnico *Jonas* solicitou apoio devido a um *bug na plataforma SWS 1*, onde *diversos arquivos consolidados estão aparecendo associados a relatórios atuais*, causando inconsistência nas informações apresentadas.

O problema foi identificado no contexto do mapa *BOA VISTA QG*, com referência *S-G67T / I5AJ53*.

----

h3. *Ambiente*

* Plataforma: *SWS 1*
* Unidade / Área: *BOA VISTA QG*
* Identificador: *S-G67T*
* Referência adicional: *I5AJ53*
* Técnico solicitante: *Jonas*

----

h3. *Problema Identificado*

* Arquivos *consolidados (históricos)* estão sendo carregados/exibidos em *relatórios atuais*
* Geração de *dados incorretos/inconsistentes*
* Impacta a *análise operacional e tomada de decisão*

----

h3. *Impacto*

* Relatórios com dados indevidos
* Risco de interpretação errada de resultados
* Necessidade de reprocessamento ou correção de base

----

h3. *Ação Solicitada*

* Verificar lógica de consolidação e vínculo de arquivos no *SWS 1*
* Identificar origem do bug (filtro de data / versionamento / cache)
* Corrigir associação indevida entre arquivos consolidados e relatórios atuais
* Validar novamente os relatórios afetados

----

h3. *Status Inicial*

🔴 *Pendente / Em Análise*

----

h3. *Observações*

* Aguardar logs ou prints adicionais, se necessário
* Prioridade média/alta, dependendo do número de relatórios impactados

h3. *Ações:*

Dados reprocessados 26/01/2026 às 20:13

Analisar 27/01/2026 .

Ficou um arquivo ainda associado aos dados atuais, 23140_20220211 - o memso foi reprocessado às 09:16 - 27/01/2026.

Ok - finalizado enviada mensagem ao técnico Jonas - às 14:14 - 27/01/2026

Técnico Jonas fez contato na data 03/02/2026 às 17:00 alegando o cliente não está conseguindo enxergar o mapa.

Analise inicia em  04/02/2026 às 09:30 

Reprocessados os dados às 09:57

Ajustado e retornado ao ténico Jonas.",,Adenilton Silva,,633212a0fedc6169aed6fd7c,,;26/jan/26 8:14 PM;633212a0fedc6169aed6fd7c;4140,;27/jan/26 9:16 AM;633212a0fedc6169aed6fd7c;480,;27/jan/26 2:14 PM;633212a0fedc6169aed6fd7c;660,;04/fev/26 9:57 AM;633212a0fedc6169aed6fd7c;1680,;04/fev/26 10:33 AM;633212a0fedc6169aed6fd7c;240,,,,,,,,,7200,0,7200,100%,7200,0,7200,,,,,,,,,,,,,,,,,,,,,,,,,,,,,,,,com.atlassian.servicedesk.plugins.approvals.internal.customfield.ApprovalsCFValue@1f88ba0e,,,,,,,,,,,,,,,,,,,,,,,,,,,,,,,,,,,,Difícil,,,,,,,,,,,,,,,,,,,,,,,,,,,27/jan/26 2:15 PM,26/jan/26 7:00 PM,,,,26/jan/26 12:00 PM,,,,,,,,,,,{},,,,,,,,,,,,,,,,,,,,,,,,,,,,,Sim ,,,,,,,,,,,,,,,,,,,,,,,,,,,,,,,,,,,,,,,,WhatsApp - PV,,,,,,,,,,,Análise e Diagnóstico de Bugs na Plataforma,,,,,,,,,,,,,,,,,,,,,,,,,,,,,,,,,,,,,,,,,,,,,,,,,,,,,,,,,,,,,,,,,,,,,,,,,,1|i03n1q:,,,,,,,,,,,,,,,,,,,,,,,,,,,,,,,,,,,,,,,,,,,,,,,,,,,,,,,,,,,,,,,,,,,,,,,,,,,,,,,,,,,,,,,,,,,,,,,,,,,,,,,,,,,,,,,,,,,,,,6.600,,Não,,,,,,,,,,,,,,,,,,,,,14519_*:*_1_*:*_674116085_*|*_14517_*:*_1_*:*_15751_*|*_14518_*:*_2_*:*_68846367,14519_*:*_1_*:*_674116085_*|*_14517_*:*_1_*:*_15751_*|*_14518_*:*_2_*:*_68846367,,,,,,Itens concluídos,04/fev/26 10:33 AM
6.300 - Erro no SWS 1 – Falha no processamento de arquivos (chamado via WhatsApp e e-mail),UNF2026-46,168477,Tarefa,Concluído,UNF2026,2026 - UNIDADE ESTRATÉGICA ,software,Adenilton Silva,633212a0fedc6169aed6fd7c,,Normal,Itens concluídos,Adenilton Silva,633212a0fedc6169aed6fd7c,Adenilton Silva,633212a0fedc6169aed6fd7c,Adenilton Silva,633212a0fedc6169aed6fd7c,26/jan/26 11:53 AM,26/jan/26 6:43 PM,,26/jan/26 6:43 PM,,0,"h3. 👤 *Origem do Chamado*

* *WhatsApp*: Reportado no grupo da Unidade pelo coordenador *Wriel Silva*
* *E-mail*: Encaminhado por *Felipe Silvestre* em 26/01/2026 às 11:41, com evidências anexadas

----

h3. 📝 *Descrição do Problema (atualizada)*

Recebemos um chamado referente a *erro no SWS 1* por dois canais:

* *WhatsApp*, via grupo da Unidade, reportado pelo coordenador *Wriel Silva*
* *E-mail*, enviado por *Felipe Silvestre*, detalhando falhas ocorridas durante o envio de arquivos do computador de bordo *29806*, com evidência em anexo

Durante o envio dos arquivos, foram registrados *erros de processamento no SWS 1*, afetando parte dos arquivos submetidos, enquanto outros foram processados com sucesso no mesmo intervalo de tempo.

----

h3. ⚠️ *Mensagens de Erro Identificadas*

* {{FATAL: sorry, too many clients already}}
* {{FATAL: connection limit exceeded for non-superusers}}
* {{O arquivo contém pontos já cadastrados no Banco de Dados}}

----

h3. 📂 *Arquivos com Erro (exemplos)*

* {{29806_20260115_JFI_MS_ADBJF100_0000.Ti}}
* {{29806_20260119_JFI_MS_ADBJF100_0000.Ti}}
* {{29806_20260123_JFI_MS_ADBJF100_0000.Ti}}

----

h3. 🕒 *Data/Hora*

26/01/2026 – entre *10:51 e 11:16*

----

h3. 📎 *Evidências*

* Print da tela de histórico de uploads do SWS 1
* Print do e-mail enviado por Felipe Silvestre com detalhamento do erro

----

h3. 🔍 *Observações Técnicas*

* Indício de *limite de conexões simultâneas no banco*
* Erros intermitentes (arquivos do mesmo lote com sucesso e falha)
* Ocorrência simultânea de erro de infraestrutura e regra de negócio (duplicidade de pontos)

h3. *Ações:*

Respondido o e-mail, e retornado ao grupo, houve vários lançamentos de arquivos duplicados, foi ajustado e nadado tal divergência.",,Adenilton Silva,,633212a0fedc6169aed6fd7c,,;26/jan/26 12:22 PM;633212a0fedc6169aed6fd7c;1740,;26/jan/26 6:43 PM;633212a0fedc6169aed6fd7c;1980,,,,,,,,,,,,3600,0,3720,103%,3600,0,3720,,,,,,,,,,,,,,,,,,,,,,,,,,,,,,,,com.atlassian.servicedesk.plugins.approvals.internal.customfield.ApprovalsCFValue@22d86863,,,,,,,,,,,,,,,,,,,,,,,,,,,,,,,,,,,,Médio,,,,,,,,,,,,,,,,,,,,,,,,,,,,26/jan/26 11:52 AM,,,,26/jan/26 11:41 AM,,,,,,,,,,,{},,,,,,,,,,,,,,,,,,,,,,,,,,,,,Sim ,,,,,,,,,,,,,,,,,,,,,,,,,,,,,,,,,,,,,,,,E-mail,WhatsApp - Grupo,,,,,,,,,,Análise e Diagnóstico de Bugs na Plataforma,,,,,,,,,,,,,,,,,,,,,,,,,,,,,,,,,,,,,,,,,,,,,,,,,,,,,,,,,,,,,,,,,,,,,,,,,,1|i03msm:,,,,,,,,,,,,,,,,,,,,,,,,,,,,,,,,,,,,,,,,,,,,,,,,,,,,,,,,,,,,,,,,,,,,,,,,,,,,,,,,,,,,,,,,,,,,,,,,,,,,,,,,,,,,,,,,,,,,,,6.300,,Talvez,,,,,,,,,,,,,,,,,,,,,14517_*:*_1_*:*_4665_*|*_14518_*:*_1_*:*_0,14517_*:*_1_*:*_4665_*|*_14518_*:*_1_*:*_0,,,,,,Itens concluídos,26/jan/26 6:43 PM
6.800 - Atualização da base cadastral da Suzano - SWS 1,UNF2026-45,168476,Tarefa,Concluído,UNF2026,2026 - UNIDADE ESTRATÉGICA ,software,Adenilton Silva,633212a0fedc6169aed6fd7c,,Normal,Itens concluídos,Adenilton Silva,633212a0fedc6169aed6fd7c,Adenilton Silva,633212a0fedc6169aed6fd7c,Adenilton Silva,633212a0fedc6169aed6fd7c,26/jan/26 11:45 AM,11/fev/26 8:19 AM,,11/fev/26 8:19 AM,,0,"h3. 📌 *Descrição*

Realizar a atualização da base cadastral da *Suzano*, conforme arquivos enviados pelo cliente.

* *Data de envio pelo cliente:* 24/01/2026
* *Data de download interno:* 26/01/2026

A base será utilizada para atualização dos registros cadastrais e validação das informações nos sistemas internos.

----

h3. 📂 *Escopo / Atividades*

* Validar integridade dos arquivos recebidos
* Conferir estrutura cadastral (fazenda, talhão, centro de custo, etc.)
* Atualizar base cadastral nos sistemas correspondentes
* Garantir consistência espacial e cadastral após a atualização

----

h3. 🏷️ *Cliente*

Suzano

----

h3. 📊 *Prioridade*

Média _(ajustável, se necessário)_

----

h3. 🔄 *Status Inicial*

Pendente

----

h3. 📝 *Observações*

Caso sejam identificadas inconsistências cadastrais ou divergências em relação à base anterior, registrar evidências e abrir tratativa com o cliente.",,Adenilton Silva,,633212a0fedc6169aed6fd7c,,;27/jan/26 2:44 PM;633212a0fedc6169aed6fd7c;1260,;05/fev/26 8:19 AM;633212a0fedc6169aed6fd7c;4980,;05/fev/26 9:27 AM;633212a0fedc6169aed6fd7c;4080,;11/fev/26 8:18 AM;633212a0fedc6169aed6fd7c;2880,,,,,,,,,,14400,1200,13200,91%,14400,1200,13200,,,,,,,,,,,,,,,,,,,,,,,,,,,,,,,,com.atlassian.servicedesk.plugins.approvals.internal.customfield.ApprovalsCFValue@20cb6258,,,,,,,,,,,,,,,,,,,,,,,,,,,,,,,,,,,,Difícil,,,,,,,,,,,,,,,,,,,,,,,,,,,11/fev/26 8:18 AM,26/jan/26 11:45 AM,,,,26/jan/26 7:00 AM,,,,,,,,,,,{},,,,,,,,,,,,,,,,,,,,,,,,,,,,,Sim ,,,,,,,,,,,,,,,,,,,,,,,,,,,,,,,,,,,,,,,,Outros,,,,,,,,,,,Cadastro e Gestão de Geometrias,,,,,,,,,,,,,,,,,,,,,,,,,,,,,,,,,,,,,,,,,,,,,,,,,,,,,,,,,,,,,,,,,,,,,,,,,,1|i03n1c:,,,,,,,,,,,,,,,,,,,,,,,,,,,,,,,,,,,,,,,,,,,,,,,,,,,,,,,,,,,,,,,,,,,,,,,,,,,,,,,,,,,,,,,,,,,,,,,,,,,,,,,,,,,,,,,,,,,,,,6.800,,Não,,,,,,,,,,,,,,,,,,,,,14517_*:*_1_*:*_97154128_*|*_14518_*:*_1_*:*_0,14517_*:*_1_*:*_97154128_*|*_14518_*:*_1_*:*_0,,,,,,Itens concluídos,11/fev/26 8:19 AM
6.500 - Atualização de Base Cadastral – Shapefile Fazendas/Talhões,UNF2026-44,168283,Tarefa,Concluído,UNF2026,2026 - UNIDADE ESTRATÉGICA ,software,Adenilton Silva,633212a0fedc6169aed6fd7c,,Normal,Itens concluídos,Adenilton Silva,633212a0fedc6169aed6fd7c,Adenilton Silva,633212a0fedc6169aed6fd7c,Adenilton Silva,633212a0fedc6169aed6fd7c,23/jan/26 8:46 AM,23/jan/26 2:27 PM,,23/jan/26 2:26 PM,,0,"h3.  *Descrição*

Encaminhado shapefile atualizado da *base cadastral*, contendo informações de *fazendas e talhões*, para atualização no sistema.

O arquivo foi enviado compactado (.zip) e deve ser validado e incorporado à base vigente.

----

h3. 🧾 *Detalhes Técnicos*

* *Conteúdo:* Fazendas e Talhões
* *Tipo de arquivo:* Shapefile (.shp + arquivos auxiliares)
* *Formato de envio:* {{.zip}}
* *Ação necessária:*
** Validar integridade do shapefile
** Conferir projeção/cartografia
** Atualizar base cadastral no sistema

----

h3. 📎 *Anexo*

* {{shp_talhoes.zip}}

----

h3. 👤 *Remetente*

Giulia de Crescenzo Fernandes
Eucatex – Silvicultura

----

h3. ✅ *Critério de Conclusão*

* Base cadastral atualizada
* Geometrias validadas e disponíveis no sistema

h3. *Ações :*    

Cadastrado e retornado o e-mail.",,Adenilton Silva,,633212a0fedc6169aed6fd7c,,;23/jan/26 2:26 PM;633212a0fedc6169aed6fd7c;1980,,,,,,,,,,,,,3600,1620,1980,55%,3600,1620,1980,,,,,,,,,,,,,,,,,,,,,,,,,,,,,,,,com.atlassian.servicedesk.plugins.approvals.internal.customfield.ApprovalsCFValue@3a99b5cf,,,,,,,,,,,,,,,,,,,,,,,,,,,,,,,,,,,,Difícil,,,,,,,,,,,,,,,,,,,,,,,,,,,23/jan/26 2:30 PM,23/jan/26 1:55 PM,,,,22/jan/26 7:57 AM,,,,,,,,,,,{},,,,,,,,,,,,,,,,,,,,,,,,,,,,,Sim ,,,,,,,,,,,,,,,,,,,,,,,,,,,,,,,,,,,,,,,,E-mail,,,,,,,,,,,Cadastro e Gestão de Geometrias,,,,,,,,,,,,,,,,,,,,,,,,,,,,,,,,,,,,,,,,,,,,,,,,,,,,,,,,,,,,,,,,,,,,,,,,,,1|i03mdq:,,,,,,,,,,,,,,,,,,,,,,,,,,,,,,,,,,,,,,,,,,,,,,,,,,,,,,,,,,,,,,,,,,,,,,,,,,,,,,,,,,,,,,,,,,,,,,,,,,,,,,,,,,,,,,,,,,,,,,6.500,,Não,,,,,,,,,,,,,,,,,,,,,14517_*:*_1_*:*_18670451_*|*_14518_*:*_1_*:*_0,14517_*:*_1_*:*_18670451_*|*_14518_*:*_1_*:*_0,,,,,,Itens concluídos,23/jan/26 2:26 PM
6.600 - Aplicação de Defensivos – Área Efetiva não exibida e mapa não gerado,UNF2026-43,168280,Tarefa,Concluído,UNF2026,2026 - UNIDADE ESTRATÉGICA ,software,Adenilton Silva,633212a0fedc6169aed6fd7c,,Normal,Itens concluídos,Adenilton Silva,633212a0fedc6169aed6fd7c,Adenilton Silva,633212a0fedc6169aed6fd7c,Adenilton Silva,633212a0fedc6169aed6fd7c,23/jan/26 8:45 AM,23/jan/26 2:58 PM,,23/jan/26 2:58 PM,,0,"h3. 🟧 *Descrição*

Foram acrescentados dados de *Aplicação de defensivos agrícolas* na plataforma.
O registro apresenta *área trabalhada*, porém *não exibe área efetiva* e *não gerou o mapa correspondente*.

Situação identificada após o processamento do arquivo enviado.

----

h3. 🧾 *Detalhes Técnicos*

* *Atividade:* Aplicação de defensivos agrícolas
* *Comportamento observado:*
** Área trabalhada exibida
** Área efetiva não apresentada
** Mapa não gerado
* *Arquivo relacionado:* conforme anexo do e-mail
* *Ação necessária:*
** Verificar processamento do arquivo
** Analisar cálculo de área efetiva
** Validar geração de mapa

----

h3. 📎 *Anexo*

* Arquivo de aplicação enviado pelo solicitante (conforme e-mail)

----

h3. 👤 *Solicitante*

Eva Abreu de Oliveira
JSF Florestal – Qualidade

----

h3. ✅ *Critério de Conclusão*

* Área efetiva corretamente exibida
* Mapa gerado e disponível na plataforma
* Validação do processamento do arquivo",,Adenilton Silva,,633212a0fedc6169aed6fd7c,,;23/jan/26 2:57 PM;633212a0fedc6169aed6fd7c;1800,,,,,,,,,,,,,3600,1800,1800,50%,3600,1800,1800,,,,,,,,,,,,,,,,,,,,,,,,,,,,,,,,com.atlassian.servicedesk.plugins.approvals.internal.customfield.ApprovalsCFValue@3771439d,,,,,,,,,,,,,,,,,,,,,,,,,,,,,,,,,,,,Fácil,,,,,,,,,,,,,,,,,,,,,,,,,,,23/jan/26 3:00 PM,23/jan/26 2:30 PM,,,,22/jan/26 8:21 AM,,,,,,,,,,,{},,,,,,,,,,,,,,,,,,,,,,,,,,,,,Sim ,,,,,,,,,,,,,,,,,,,,,,,,,,,,,,,,,,,,,,,,E-mail,,,,,,,,,,,Cadastro e Gestão de Geometrias,,,,,,,,,,,,,,,,,,,,,,,,,,,,,,,,,,,,,,,,,,,,,,,,,,,,,,,,,,,,,,,,,,,,,,,,,,1|i03mda:,,,,,,,,,,,,,,,,,,,,,,,,,,,,,,,,,,,,,,,,,,,,,,,,,,,,,,,,,,,,,,,,,,,,,,,,,,,,,,,,,,,,,,,,,,,,,,,,,,,,,,,,,,,,,,,,,,,,,,6.600,,Sim,,,,,,,,,,,,,,,,,,,,,14517_*:*_1_*:*_20636947_*|*_14518_*:*_1_*:*_0,14517_*:*_1_*:*_20636947_*|*_14518_*:*_1_*:*_0,,,,,,Itens concluídos,23/jan/26 2:58 PM
6.300 - Atualização de Base COPA – Projeto CONQUISTA III (SWS),UNF2026-42,168279,Tarefa,Concluído,UNF2026,2026 - UNIDADE ESTRATÉGICA ,software,Adenilton Silva,633212a0fedc6169aed6fd7c,,Normal,Itens concluídos,Adenilton Silva,633212a0fedc6169aed6fd7c,Adenilton Silva,633212a0fedc6169aed6fd7c,Adenilton Silva,633212a0fedc6169aed6fd7c,23/jan/26 8:43 AM,23/jan/26 1:56 PM,,23/jan/26 1:56 PM,,0,"h3. 🟪 *Cliente / Unidade*

* *Cliente:* COPA
* *Sistema:* SWS

----

h3. 🟧 *Descrição*

Solicitação de atualização da base *COPA* no *SWS*, incluindo o projeto *CONQUISTA III*.

O solicitante encaminhou *arquivo shapefile em anexo* para inclusão/atualização da base cartográfica.

Solicitação recebida via e-mail.

----

h3. 🧾 *Detalhes Técnicos*

* *Projeto:* CONQUISTA III
* *Tipo de arquivo:* Shapefile (.shp + arquivos auxiliares)
* *Origem:* Cliente COPA
* *Ação necessária:*
** Validar arquivos (geometria, projeção, integridade)
** Atualizar base no SWS
** Garantir correta visualização e associação do projeto

----

h3. 📎 *Anexos*

* Shapefile enviado pelo cliente (em anexo no e-mail)

----

h3. 👤 *Solicitante*

Fabio Moreno – Mantena Florestal

----

h3. ✅ *Critérios de Conclusão*

* Base COPA atualizada no SWS
* Projeto CONQUISTA III disponível e validado
* Confirmação de atualização ao solicitante",,Adenilton Silva,,633212a0fedc6169aed6fd7c,,;23/jan/26 1:55 PM;633212a0fedc6169aed6fd7c;1680,,,,,,,,,,,,,3600,1920,1680,46%,3600,1920,1680,,,,,,,,,,,,,,,,,,,,,,,,,,,,,,,,com.atlassian.servicedesk.plugins.approvals.internal.customfield.ApprovalsCFValue@4128672d,,,,,,,,,,,,,,,,,,,,,,,,,,,,,,,,,,,,Difícil,,,,,,,,,,,,,,,,,,,,,,,,,,,23/jan/26 2:00 PM,23/jan/26 1:20 PM,,,,21/jan/26 3:42 PM,,,,,,,,,,,{},,,,,,,,,,,,,,,,,,,,,,,,,,,,,Sim ,,,,,,,,,,,,,,,,,,,,,,,,,,,,,,,,,,,,,,,,E-mail,,,,,,,,,,,Cadastro e Gestão de Geometrias,,,,,,,,,,,,,,,,,,,,,,,,,,,,,,,,,,,,,,,,,,,,,,,,,,,,,,,,,,,,,,,,,,,,,,,,,,1|i03md2:,,,,,,,,,,,,,,,,,,,,,,,,,,,,,,,,,,,,,,,,,,,,,,,,,,,,,,,,,,,,,,,,,,,,,,,,,,,,,,,,,,,,,,,,,,,,,,,,,,,,,,,,,,,,,,,,,,,,,,6.300,,Não,,,,,,,,,,,,,,,,,,,,,14517_*:*_1_*:*_18726612_*|*_14518_*:*_1_*:*_0,14517_*:*_1_*:*_18726612_*|*_14518_*:*_1_*:*_0,,,,,,Itens concluídos,23/jan/26 1:56 PM
6.600 - Cadastro de áreas – arquivo f00364_gaviao_20251223_wg,UNF2026-41,168278,Tarefa,Concluído,UNF2026,2026 - UNIDADE ESTRATÉGICA ,software,Adenilton Silva,633212a0fedc6169aed6fd7c,,Normal,Itens concluídos,Adenilton Silva,633212a0fedc6169aed6fd7c,Adenilton Silva,633212a0fedc6169aed6fd7c,Adenilton Silva,633212a0fedc6169aed6fd7c,23/jan/26 8:38 AM,27/fev/26 3:44 PM,,27/fev/26 3:44 PM,,0,"h3. 🟦 *Solicitante*

Raphael Teixeira Pereira
(Coordenador Florestal – Hexagon)

----

h3. 🟦 *Descrição*

Conforme solicitação recebida por e-mail em *21/01/2026*, foi solicitado o *cadastro das áreas* anexadas.

O arquivo encaminhado contém as áreas que devem ser registradas no sistema.

----

h3. 🟦 *Anexo*

📎 {{f00364_gaviao_20251223_wg}}
_(anexar o arquivo original recebido no e-mail)_

----

h3. 🟦 *Ação Solicitada*

* Realizar o *cadastro das áreas* conforme arquivo anexado
* Validar geometrias antes da conclusão
* Confirmar finalização ao solicitante, se aplicável

----

h3. 🟦 *Critérios de Aceite*

* Áreas cadastradas corretamente no sistema
* Sem erros de geometria ou projeção
* Cadastro concluído conforme arquivo recebido

----

h3. 🟦 *Observações*

* Solicitação marcada como *Alta prioridade*
* E-mail enviado com cópia para outros envolvidos (apenas informativo)

h3. *Ações:*

Retornado o e-mail para a unidade às 13:33 do dia 23/01/2026, base poluída com poligonos já cadastrado, e sem a classificação de área produtiva, nativas, etc.",,Adenilton Silva,,633212a0fedc6169aed6fd7c,,;23/jan/26 1:34 PM;633212a0fedc6169aed6fd7c;1980,,,,,,,,,,,,,3600,1620,1980,55%,3600,1620,1980,,,,,,,,,,,,,,,,,,,,,,,,,,,,,,,,com.atlassian.servicedesk.plugins.approvals.internal.customfield.ApprovalsCFValue@6d0ef8dc,,,,"Retornado um e-mail a Unidade 27/02/2026 às 14:28, aguardando retorno.



O coordenador da unidade, nos retornou com a informação que podemos finalizar o chamado.",,,,,,,,,,,,,,,,,,,,,,,,,,,,,,,,Difícil,,,,,,,,,,,,,,,,,,,,,,,,,,,27/fev/26 3:44 PM,23/jan/26 1:00 PM,,,,21/jan/26 11:15 AM,,,,,,,,,,,{},,,,,,,,0.0,,,,,,,,,,,,,,,,,,,,,Sim ,,,,,,,,,,,,,,,,,,,,,,,,,,,,,,,,,,,,,,,,E-mail,,,,,,,,,,,Cadastro e Gestão de Geometrias,,,,,,,,,,,,,,,,,,,,,,,,,,,,,,,,,,,,,,,,,,,,,,,,,,,,,,,,,,,,,,,,,,,,,,,,,,1|i03mcu:,,,,,,,,,,,,,,,,,,,,,,,,,,,,,,,,,,,,,,,,,,,,,,,,,,,,,,,,,,,,,,,,,,,,,,,,,,,,,,,,,,,,,,,,,,,,,,,,,,,,,,,,,,,,,,,,,,,,,,6.600,,Não,,,,,,,,,,,,,,,,,,,,,14517_*:*_1_*:*_17791658_*|*_14520_*:*_1_*:*_0,14517_*:*_1_*:*_17791658_*|*_14520_*:*_1_*:*_0,,,,,,Itens concluídos,27/fev/26 3:44 PM
6.400 - Apoio na associação de relatórios no Admin do OM – Unidade Minas Gerais,UNF2026-40,168277,Tarefa,Concluído,UNF2026,2026 - UNIDADE ESTRATÉGICA ,software,Adenilton Silva,633212a0fedc6169aed6fd7c,,Normal,Itens concluídos,Adenilton Silva,633212a0fedc6169aed6fd7c,Adenilton Silva,633212a0fedc6169aed6fd7c,Adenilton Silva,633212a0fedc6169aed6fd7c,23/jan/26 8:33 AM,23/jan/26 8:33 AM,,23/jan/26 8:33 AM,,0,"h3. 

h3. *Descrição*

Foi realizado apoio técnico à *Unidade de Minas Gerais*, em conjunto com o coordenador *Flávio*, com foco na organização das associações de *Funções x Relatórios* no Admin do OM.

Durante a análise, foi identificado que a estrutura estava *desorganizada*, com associações fora do padrão definido, impactando a correta visualização e acesso aos relatórios pelos perfis de usuários.

----

h3. *Atividades Realizadas*

* Análise da configuração atual de *Funções x Relatórios* no Admin do OM
* Identificação de inconsistências e associações incorretas
* Reorganização das associações conforme o *padrão estabelecido*
* Validação da nova estrutura junto à unidade

----

h3. *Resultado*

* Estrutura de *Funções x Relatórios* reorganizada
* Relatórios corretamente associados aos perfis correspondentes
* Padronização aplicada à Unidade de Minas Gerais
* Melhoria na governança e usabilidade do ambiente

----

h3. *Unidade*

Minas Gerais

----

h3. *Responsável / Contato*

Coordenador: Flávio Silva

----

h3. *Ações:*

Ajustado conforme o padrão.",,Adenilton Silva,,633212a0fedc6169aed6fd7c,,;23/jan/26 8:33 AM;633212a0fedc6169aed6fd7c;2280,,,,,,,,,,,,,3600,1320,2280,63%,3600,1320,2280,,,,,,,,,,,,,,,,,,,,,,,,,,,,,,,,com.atlassian.servicedesk.plugins.approvals.internal.customfield.ApprovalsCFValue@6f0c4d39,,,,,,,,,,,,,,,,,,,,,,,,,,,,,,,,,,,,Fácil,,,,,,,,,,,,,,,,,,,,,,,,,,,22/jan/26 3:40 PM,22/jan/26 2:00 PM,,,,22/jan/26 8:00 AM,,,,,,,,,,,{},,,,,,,,,,,,,,,,,,,,,,,,,,,,,Sim ,,,,,,,,,,,,,,,,,,,,,,,,,,,,,,,,,,,,,,,,WhatsApp - PV,,,,,,,,,,,Gestão de Dados e Integração,,,,,,,,,,,,,,,,,,,,,,,,,,,,,,,,,,,,,,,,,,,,,,,,,,,,,,,,,,,,,,,,,,,,,,,,,,1|i03mcm:,,,,,,,,,,,,,,,,,,,,,,,,,,,,,,,,,,,,,,,,,,,,,,,,,,,,,,,,,,,,,,,,,,,,,,,,,,,,,,,,,,,,,,,,,,,,,,,,,,,,,,,,,,,,,,,,,,,,,,6.400,,Sim,,,,,,,,,,,,,,,,,,,,,14519_*:*_1_*:*_0_*|*_14517_*:*_1_*:*_17488,14519_*:*_1_*:*_0_*|*_14517_*:*_1_*:*_17488,,,,,,Itens concluídos,23/jan/26 8:33 AM
6.700 - Apoio na análise de polígonos não inseridos no display – Cliente WestRock,UNF2026-39,168093,Tarefa,Concluído,UNF2026,2026 - UNIDADE ESTRATÉGICA ,software,Adenilton Silva,633212a0fedc6169aed6fd7c,,Normal,Itens concluídos,Adenilton Silva,633212a0fedc6169aed6fd7c,Adenilton Silva,633212a0fedc6169aed6fd7c,Adenilton Silva,633212a0fedc6169aed6fd7c,22/jan/26 9:44 AM,22/jan/26 10:13 AM,,22/jan/26 10:13 AM,,0,"h3. *Descrição*

A gestora *Gabriela*, colaboradora do cliente *WestRock*, solicitou via grupo de *WhatsApp* um apoio técnico para análise dos *polígonos*, pois os mesmos *não estavam sendo inseridos/disponibilizados no display conforme o esperado*.

Foi solicitado apoio para verificar todo o fluxo, desde o *cadastro/estrutura geométrica* até o *processamento e disponibilização no display*, a fim de identificar a causa do problema e orientar a correção.

----

h3. *Atividades a serem realizadas*

* Analisar os arquivos de polígonos enviados pelo cliente
* Validar formato, projeção e integridade geométrica
* Verificar cadastro da base geométrica no sistema
* Avaliar processamento e sincronização com o display
* Identificar possíveis inconsistências ou falhas no fluxo
* Retornar feedback técnico ao cliente com orientações

----

h3. *Cliente*

WestRock

----

h3. *Solicitante*

Gabriela – Gestora do cliente WestRock

----

h3. *Canal de solicitação*

Grupo de WhatsApp

----

h3. *Prioridade*

Média (ajustável conforme impacto operacional)



h3. *Ações:* 

Testado no display, todos os arquivos foram inserido conforme o padrão esperado.",,Adenilton Silva,,633212a0fedc6169aed6fd7c,,;22/jan/26 10:13 AM;633212a0fedc6169aed6fd7c;1800,,,,,,,,,,,,,3600,1800,1800,50%,3600,1800,1800,,,,,,,,,,,,,,,,,,,,,,,,,,,,,,,,com.atlassian.servicedesk.plugins.approvals.internal.customfield.ApprovalsCFValue@4f373316,,,,,,,,,,,,,,,,,,,,,,,,,,,,,,,,,,,,Fácil,,,,,,,,,,,,,,,,,,,,,,,,,,,22/jan/26 10:15 AM,22/jan/26 9:44 AM,,,,22/jan/26 8:30 AM,,,,,,,,,,,{},,,,,,,,,,,,,,,,,,,,,,,,,,,,,Sim ,,,,,,,,,,,,,,,,,,,,,,,,,,,,,,,,,,,,,,,,WhatsApp - Grupo,,,,,,,,,,,Suporte Técnico e Treinamento,,,,,,,,,,,,,,,,,,,,,,,,,,,,,,,,,,,,,,,,,,,,,,,,,,,,,,,,,,,,,,,,,,,,,,,,,,1|i03lxi:,,,,,,,,,,,,,,,,,,,,,,,,,,,,,,,,,,,,,,,,,,,,,,,,,,,,,,,,,,,,,,,,,,,,,,,,,,,,,,,,,,,,,,,,,,,,,,,,,,,,,,,,,,,,,,,,,,,,,,6.700,,Sim,,,,,,,,,,,,,,,,,,,,,14519_*:*_1_*:*_0_*|*_14517_*:*_1_*:*_1739030,14519_*:*_1_*:*_0_*|*_14517_*:*_1_*:*_1739030,,,,,,Itens concluídos,22/jan/26 10:13 AM
6.800 - Análise e liberação de acesso completo – Usuário Suzano,UNF2026-38,167983,Tarefa,Concluído,UNF2026,2026 - UNIDADE ESTRATÉGICA ,software,Adenilton Silva,633212a0fedc6169aed6fd7c,,Normal,Itens concluídos,Adenilton Silva,633212a0fedc6169aed6fd7c,Adenilton Silva,633212a0fedc6169aed6fd7c,Adenilton Silva,633212a0fedc6169aed6fd7c,21/jan/26 3:19 PM,21/jan/26 3:35 PM,,21/jan/26 3:35 PM,,0,"*Descrição:*
O *Gerente Operacional Andre Marcatti* solicitou a análise do usuário [*luisferrari@suzano.com.br*|mailto:luisferrari@suzano.com.br] para *disponibilização de acesso a toda a base Suzano* no sistema.

Solicitamos a verificação dos perfis, permissões e impactos, bem como a execução dos ajustes necessários para garantir que o usuário possua acesso completo conforme solicitado.

*Usuário:* [luisferrari@suzano.com.br|mailto:luisferrari@suzano.com.br]
*Cliente:* Suzano
*Solicitante:* Andre Marcatti
*Tipo de solicitação:* Acesso / Permissão

*Ações esperadas:*

* Analisar perfil atual do usuário
* Validar necessidade de acesso global Suzano
* Ajustar permissões conforme política de segurança
* Retornar com status da liberação

*Ações:*

Feito, respondido via WhatsApp",,Adenilton Silva,,633212a0fedc6169aed6fd7c,,;21/jan/26 3:34 PM;633212a0fedc6169aed6fd7c;960,,,,,,,,,,,,,,0,960,,,0,960,,,,,,,,,,,,,,,,,,,,,,,,,,,,,,,,com.atlassian.servicedesk.plugins.approvals.internal.customfield.ApprovalsCFValue@6ac8c858,,,,,,,,,,,,,,,,,,,,,,,,,,,,,,,,,,,,Fácil,,,,,,,,,,,,,,,,,,,,,,,,,,,21/jan/26 3:37 PM,21/jan/26 3:15 PM,,,,21/jan/26 8:45 AM,,,,,,,,,,,{},,,,,,,,,,,,,,,,,,,,,,,,,,,,,Sim ,,,,,,,,,,,,,,,,,,,,,,,,,,,,,,,,,,,,,,,,WhatsApp - PV,,,,,,,,,,,Suporte Técnico e Treinamento,,,,,,,,,,,,,,,,,,,,,,,,,,,,,,,,,,,,,,,,,,,,,,,,,,,,,,,,,,,,,,,,,,,,,,,,,,1|i03lv2:,,,,,,,,,,,,,,,,,,,,,,,,,,,,,,,,,,,,,,,,,,,,,,,,,,,,,,,,,,,,,,,,,,,,,,,,,,,,,,,,,,,,,,,,,,,,,,,,,,,,,,,,,,,,,,,,,,,,,,6.800,,Talvez,,,,,,,,,,,,,,,,,,,,,14519_*:*_1_*:*_0_*|*_14517_*:*_1_*:*_956478,14519_*:*_1_*:*_0_*|*_14517_*:*_1_*:*_956478,,,,,,Itens concluídos,21/jan/26 3:35 PM
6.500 - Cadastro da máquina Maindra 9500S – 429 e envio de CTI remota,UNF2026-37,167982,Tarefa,Concluído,UNF2026,2026 - UNIDADE ESTRATÉGICA ,software,Adenilton Silva,633212a0fedc6169aed6fd7c,,Normal,Itens concluídos,Adenilton Silva,633212a0fedc6169aed6fd7c,Adenilton Silva,633212a0fedc6169aed6fd7c,Adenilton Silva,633212a0fedc6169aed6fd7c,21/jan/26 3:15 PM,21/jan/26 3:15 PM,,21/jan/26 3:15 PM,,0,"h3. *Descrição*

O técnico *Anderson*, responsável pelo apoio do *provedor JRM*, entrou em contato solicitando o *cadastro da máquina Maindra 9500S – nº 429*, informando que o equipamento havia sido *recém-instalado*.

Foi informado que o *display nº 26929*, anteriormente instalado na *máquina 407*, foi *migrado para a máquina 429*, juntamente com os demais componentes.

----

h3. *Atendimento realizado*

* ✅ Cadastro da máquina *Maindra 9500S – 429*
* ✅ Envio de *CTI remota*

----

h3. *Orientações*

O técnico Anderson foi orientado a *encaminhar todas as informações e evidências necessárias* ao *técnico responsável da Hexagon, Welinton Estevão*, para acompanhamento e validação do processo.

----

h3. *Status*

Atendido / Aguardando evidências (caso aplicável)",,Adenilton Silva,,633212a0fedc6169aed6fd7c,,;21/jan/26 3:15 PM;633212a0fedc6169aed6fd7c;900,,,,,,,,,,,,,1800,900,900,50%,1800,900,900,,,,,,,,,,,,,,,,,,,,,,,,,,,,,,,,com.atlassian.servicedesk.plugins.approvals.internal.customfield.ApprovalsCFValue@2c45c8ac,,,,,,,,,,,,,,,,,,,,,,,,,,,,,,,,,,,,Fácil,,,,,,,,,,,,,,,,,,,,,,,,,,,21/jan/26 3:20 PM,21/jan/26 3:00 PM,,,,21/jan/26 3:00 PM,,,,,,,,,,,{},,,,,,,,,,,,,,,,,,,,,,,,,,,,,Sim ,,,,,,,,,,,,,,,,,,,,,,,,,,,,,,,,,,,,,,,,WhatsApp - PV,,,,,,,,,,,Suporte Técnico e Treinamento,,,,,,,,,,,,,,,,,,,,,,,,,,,,,,,,,,,,,,,,,,,,,,,,,,,,,,,,,,,,,,,,,,,,,,,,,,1|i03luu:,,,,,,,,,,,,,,,,,,,,,,,,,,,,,,,,,,,,,,,,,,,,,,,,,,,,,,,,,,,,,,,,,,,,,,,,,,,,,,,,,,,,,,,,,,,,,,,,,,,,,,,,,,,,,,,,,,,,,,6.500,,Sim,,,,,,,,,,,,,,,,,,,,,14519_*:*_1_*:*_0_*|*_14517_*:*_1_*:*_9011,14519_*:*_1_*:*_0_*|*_14517_*:*_1_*:*_9011,,,,,,Itens concluídos,21/jan/26 3:15 PM
6.400 - Reunião de alinhamento – Relatório OM | Unidade Formiga (MG),UNF2026-36,167981,Tarefa,Concluído,UNF2026,2026 - UNIDADE ESTRATÉGICA ,software,Adenilton Silva,633212a0fedc6169aed6fd7c,,Normal,Itens concluídos,Adenilton Silva,633212a0fedc6169aed6fd7c,Adenilton Silva,633212a0fedc6169aed6fd7c,Adenilton Silva,633212a0fedc6169aed6fd7c,21/jan/26 2:42 PM,21/jan/26 2:43 PM,,21/jan/26 2:43 PM,,0,"h3. *Descrição*

Foi realizada uma reunião de alinhamento envolvendo as equipes técnicas e a unidade de Minas Gerais, com foco no *relatório de Formiga do OM*.

Participantes da reunião:

* Samuel Ferreira (PD)
* Ana Senger
* Unidade de Minas Gerais
* Flávio Silva (Coordenador – Unidade MG)

Durante a reunião, foram *esclarecidas diversas dúvidas* relacionadas ao relatório, abordando pontos técnicos, interpretações de dados e alinhamentos operacionais.

A reunião foi considerada *extremamente importante e muito produtiva*, contribuindo para o melhor entendimento do relatório e para o alinhamento entre as áreas envolvidas.

h3. *Objetivo*

* Alinhar entendimento sobre o relatório OM de Formiga
* Esclarecer dúvidas técnicas e operacionais
* Garantir consistência na interpretação das informações apresentadas

h3. *Resultado*

* Dúvidas esclarecidas
* Alinhamento técnico realizado entre PD e unidade
* Base consolidada para continuidade das análises e próximos passos",,Adenilton Silva,,633212a0fedc6169aed6fd7c,,;21/jan/26 2:43 PM;633212a0fedc6169aed6fd7c;3600,,,,,,,,,,,,,3600,0,3600,100%,3600,0,3600,,,,,,,,,,,,,,,,,,,,,,,,,,,,,,,,com.atlassian.servicedesk.plugins.approvals.internal.customfield.ApprovalsCFValue@76bac425,,,,,,,,,,,,,,,,,,,,,,,,,,,,,,,,,,,,Médio,,,,,,,,,,,,,,,,,,,,,,,,,,,21/jan/26 10:00 AM,21/jan/26 9:00 AM,,,,,,,,,,,,,,,{},,,,,,,,,,,,,,,,,,,,,,,,,,,,,Não,Sim ,,,,,,,,,,,,,,,,,,,,,,,,,,,,,,,,,,,,,,,Teams,,,,,,,,,,,Suporte Técnico e Treinamento,,,,,,,,,,,,,,,,,,,,,,,,,,,,,,,,,,,,,,,,,,,,,,,,,,,,,,,,,,,,,,,,,,,,,,,,,,1|i03lum:,,,,,,,,,,,,,,,,,,,,,,,,,,,,,,,,,,,,,,,,,,,,,,,,,,,,,,,,,,,,,,,,,,,,,,,,,,,,,,,,,,,,,,,,,,,,,,,,,,,,,,,,,,,,,,,,,,,,,,6.400,,Talvez,,,,,,,,,,,,,,,,,,,,,14519_*:*_1_*:*_0_*|*_14517_*:*_1_*:*_8529,14519_*:*_1_*:*_0_*|*_14517_*:*_1_*:*_8529,,,,,,Itens concluídos,21/jan/26 2:43 PM
6.700 - Ativação CB 151858 + Problemas de versão de fábrica - Berneck,UNF2026-35,167980,Tarefa,Concluído,UNF2026,2026 - UNIDADE ESTRATÉGICA ,software,Adenilton Silva,633212a0fedc6169aed6fd7c,,Normal,Itens concluídos,Adenilton Silva,633212a0fedc6169aed6fd7c,Adenilton Silva,633212a0fedc6169aed6fd7c,Adenilton Silva,633212a0fedc6169aed6fd7c,21/jan/26 2:36 PM,21/jan/26 2:36 PM,,21/jan/26 2:36 PM,,0,"h3. *Descrição*

William Queiroz via e-mail solicitou : 

Solicitação de *ativação do CB 151858* com os seguintes recursos:

* Monitor de máquinas
* Piloto Automático
* Barra de luz

Durante as instalações recentes (incluindo máquinas *Plantmax*), foi identificado que diversos equipamentos *não estão vindo ativados de fábrica*, exigindo geração manual de ativações após a instalação em campo.

Esse cenário gera risco operacional quando a instalação é realizada pelo próprio cliente, sem acompanhamento técnico, dificultando a identificação de falhas e atrasando a entrada em operação.

----

h3. *Problemas identificados em versões de fábrica*

Foram observadas inconsistências recorrentes em versões específicas:

h4. 1️⃣ *Versão 4.8.7*

* Alarme: *ROVER GNSS HW sem comunicação*
* Antena não reconhece o bordo, mesmo estando conectada

h4. 2️⃣ *Incompatibilidade de versões*

* Conflito entre:
** Versão do CB
** Driver *3.15.1*
* Mensagem exibida:
_“INS (Solução INS não compatível com firmware)”_

----

h3. *Workaround aplicado em campo*

Para normalizar o funcionamento foi necessário:

# Formatar o CB
# Retroceder a versão do firmware
# Atualizar o driver
# Reconfigurar o equipamento

Após esse procedimento, o CB passa a operar normalmente *sem alarmes*.

----

h3. *Impacto*

* Atraso na entrega técnica
* Risco de instalação incorreta pelo cliente final
* Aumento de retrabalho e acionamentos de suporte
* Experiência negativa na ativação inicial do produto

----

h3. *Anexos*

📎 Prints das telas de erro e configuração (em anexo no e-mail original)

----

h3. *Solicitação*

* Ativação do *CB 151858* com os recursos solicitados
* Avaliação das *versões de fábrica* que estão sendo entregues
* Verificação de compatibilidade entre firmware do CB e drivers INS/ROVER
* Alinhamento para que equipamentos vendidos diretamente já saiam *ativados de fábrica*

----

h3. *Ações:*

Atendido via e-mail, enviado a ativação do produto, o técnico precisa solicitar para o seu Gestor abrir uma não conformidade sobre o processo.",,Adenilton Silva,,633212a0fedc6169aed6fd7c,,;21/jan/26 2:36 PM;633212a0fedc6169aed6fd7c;1020,,,,,,,,,,,,,3600,2580,1020,28%,3600,2580,1020,,,,,,,,,,,,,,,,,,,,,,,,,,,,,,,,com.atlassian.servicedesk.plugins.approvals.internal.customfield.ApprovalsCFValue@5a7fe4ab,,,,,,,,,,,,,,,,,,,,,,,,,,,,,,,,,,,,Fácil,,,,,,,,,,,,,,,,,,,,,,,,,,,20/jan/26 8:00 PM,,,,,20/jan/26 5:00 PM,,,,,,,,,,,{},,,,,,,,,,,,,,,,,,,,,,,,,,,,,Não,,,,,,,,,,,,,,,,,,,,,,,,,,,,,,,,,,,,,,,,E-mail,,,,,,,,,,,Suporte Técnico e Treinamento,,,,,,,,,,,,,,,,,,,,,,,,,,,,,,,,,,,,,,,,,,,,,,,,,,,,,,,,,,,,,,,,,,,,,,,,,,1|i03lue:,,,,,,,,,,,,,,,,,,,,,,,,,,,,,,,,,,,,,,,,,,,,,,,,,,,,,,,,,,,,,,,,,,,,,,,,,,,,,,,,,,,,,,,,,,,,,,,,,,,,,,,,,,,,,,,,,,,,,,6.700,,Sim,,,,,,,,,,,,,,,,,,,,,14519_*:*_1_*:*_0_*|*_14517_*:*_1_*:*_10471,14519_*:*_1_*:*_0_*|*_14517_*:*_1_*:*_10471,,,,,,Itens concluídos,21/jan/26 2:36 PM
6.200 - Analisar solicitação de desvio de Fabio Costa,UNF2026-34,167657,Tarefa,Concluído,UNF2026,2026 - UNIDADE ESTRATÉGICA ,software,Adenilton Silva,633212a0fedc6169aed6fd7c,,Normal,Itens concluídos,Adenilton Silva,633212a0fedc6169aed6fd7c,Adenilton Silva,633212a0fedc6169aed6fd7c,Adenilton Silva,633212a0fedc6169aed6fd7c,19/jan/26 11:18 AM,08/fev/26 6:30 PM,,08/fev/26 6:30 PM,,0,"*Boa tarde a todos,*

Denis, você pode me ajudar? Alguns talhões da Trevo apresentaram desvios na aplicação de cinza. Analisei os mapas da forma que consegui, mas não encontrei o motivo para o cabeçalho do mapa registrar desvios tão elevados.

Os talhões são os seguintes:

* Liberdade III-142-01
* Liberdade III-146-01
* Liberdade III-149-02
* Liberdade III-128-01
* Liberdade III-133-01",,Adenilton Silva,,633212a0fedc6169aed6fd7c,,;23/jan/26 8:24 AM;633212a0fedc6169aed6fd7c;7380,,,,,,,,,,,,,5400,0,7380,136%,5400,0,7380,,,,,,,,,,,,,,,,,,,,,,,,,,,,,,,,com.atlassian.servicedesk.plugins.approvals.internal.customfield.ApprovalsCFValue@397411a9,,,,,,,,,,,,,,,,,,,,,,,,,,,,,,,,,,,,Médio,,,,,,,,,,,,,,,,,,,,,,,,,,,22/jan/26 4:40 PM,21/jan/26 8:30 AM,,,,16/jan/26 9:00 PM,,,,,,,,,,,{},,,,,,,,,,,,,,,,,,,,,,,,,,,,,Não,,,,,,,,,,,,,,,,,,,,,,,,,,,,,,,,,,,,,,,,E-mail,,,,,,,,,,,Suporte Técnico e Treinamento,,,,,,,,,,,,,,,,,,,,,,,,,,,,,,,,,,,,,,,,,,,,,,,,,,,,,,,,,,,,,,,,,,,,,,,,,,1|i03l1e:,,,,,,,,,,,,,,,,,,,,,,,,,,,,,,,,,,,,,,,,,,,,,,,,,,,,,,,,,,,,,,,,,,,,,,,,,,,,,,,,,,,,,,,,,,,,,,,,,,,,,,,,,,,,,,,,,,,,,,6.200,,Talvez,,,,,,,,,,,,,,,,,,,,,14519_*:*_1_*:*_1418691058_*|*_14517_*:*_1_*:*_107857_*|*_14518_*:*_1_*:*_335056904_*|*_14521_*:*_1_*:*_0,14519_*:*_1_*:*_1418691058_*|*_14517_*:*_1_*:*_107857_*|*_14518_*:*_1_*:*_335056904_*|*_14521_*:*_1_*:*_0,,,,,,Itens concluídos,08/fev/26 6:30 PM
6.500 - Dados não transmitidos para o SWS – Erro de geometria não cadastrada (SUZANO | Reflorestar | Limpeza de Linha de Plantio),UNF2026-33,167641,Tarefa,Concluído,UNF2026,2026 - UNIDADE ESTRATÉGICA ,software,Adenilton Silva,633212a0fedc6169aed6fd7c,,Normal,Itens concluídos,Adenilton Silva,633212a0fedc6169aed6fd7c,Adenilton Silva,633212a0fedc6169aed6fd7c,Adenilton Silva,633212a0fedc6169aed6fd7c,19/jan/26 8:49 AM,21/jan/26 2:26 PM,,21/jan/26 2:26 PM,,0,"h3. *Descrição*

Foi identificado, juntamente com o técnico *William Queiroz*, que os dados do cliente *SUZANO*, *provedor Reflorestar*, na *função Limpeza de Linha de Plantio*, *não estão chegando ao SWS*.

Os registros *chegam corretamente ao OM*, porém com o erro *“geometria não cadastrada”*. *Os dados não são transmitidos do OM para o SWS*, impossibilitando a visualização e o processamento da operação no SWS.

----

h3. *Cenário Identificado*

* Cliente: *SUZANO*
* Provedor: *Reflorestar*
* Função: *Limpeza de Linha de Plantio*
* Sistema de origem: *OM*
* Sistema de destino: *SWS*

----

h3. *Comportamento Atual*

* Dados *chegam no OM*
* OM apresenta erro: *geometria não cadastrada*
* Dados *não são enviados/transmitidos para o SWS*

----

h3. *Comportamento Esperado*

* Geometria reconhecida corretamente no OM
* Dados transmitidos normalmente para o *SWS*
* Operação disponível para visualização e validação no SWS

----

h3. *Impacto*

* Operação não disponível no SWS
* Falha no fluxo operacional entre OM → SWS
* Possível atraso em análises, validações e faturamento

h3. *Ações:* 

Ajustado, era a ligação no Admin do OM que estava desligada para o SWS.",,Adenilton Silva,,633212a0fedc6169aed6fd7c,,;21/jan/26 2:25 PM;633212a0fedc6169aed6fd7c;2820,,,,,,,,,,,,,7200,4380,2820,39%,7200,4380,2820,,,,,,,,,,,,,,,,,,,,,,,,,,,,,,,,com.atlassian.servicedesk.plugins.approvals.internal.customfield.ApprovalsCFValue@4d84c19c,,,,,,,,,,,,,,,,,,,,,,,,,,,,,,,,,,,,Fácil,,,,,,,,,,,,,,,,,,,,,,,,,,,19/jan/26 9:00 AM,,,,,19/jan/26 7:00 AM,,,,,,,,,,,{},,,,,,,,,,,,,,,,,,,,,,,,,,,,,Sim ,,,,,,,,,,,,,,,,,,,,,,,,,,,,,,,,,,,,,,,,WhatsApp - PV,,,,,,,,,,,Gestão de Dados e Integração,,,,,,,,,,,,,,,,,,,,,,,,,,,,,,,,,,,,,,,,,,,,,,,,,,,,,,,,,,,,,,,,,,,,,,,,,,1|i03l8e:,,,,,,,,,,,,,,,,,,,,,,,,,,,,,,,,,,,,,,,,,,,,,,,,,,,,,,,,,,,,,,,,,,,,,,,,,,,,,,,,,,,,,,,,,,,,,,,,,,,,,,,,,,,,,,,,,,,,,,6.500,,,,,,,,,,,,,,,,,,,,,,,14519_*:*_1_*:*_0_*|*_14517_*:*_1_*:*_193066624,14519_*:*_1_*:*_0_*|*_14517_*:*_1_*:*_193066624,,,,,,Itens concluídos,21/jan/26 2:26 PM
6.500 - Apoio ao técnico Welinton – Análise de dados JRM e display 21200 não setando,UNF2026-32,167449,Tarefa,Concluído,UNF2026,2026 - UNIDADE ESTRATÉGICA ,software,Adenilton Silva,633212a0fedc6169aed6fd7c,,Normal,Itens concluídos,Adenilton Silva,633212a0fedc6169aed6fd7c,Adenilton Silva,633212a0fedc6169aed6fd7c,Adenilton Silva,633212a0fedc6169aed6fd7c,16/jan/26 2:09 PM,05/mar/26 2:02 PM,,05/mar/26 2:00 PM,,0,"h3. Resumo

Apoio técnico ao Welinton para análise de dados da JRM e diagnóstico do display nº 21200, que não está setando corretamente.

h3. Contexto

Welinton compareceu à residência para suporte nas análises operacionais. O foco foi identificar causas relacionadas à configuração e comunicação do equipamento.

h3. Critérios de aceitação

* Análise dos dados da JRM.
* Diagnóstico do display nº 21200.
* Identificação de causas relacionadas à configuração, comunicação ou parametrização do equipamento.
* Apoio na interpretação dos dados disponíveis.

h3. Outras informações

Equipamento envolvido:

* Display: 21200

Atividades executadas:

* Apoio técnico presencial.
* Análise de dados operacionais (JRM).
* Análise de comportamento do display (não setando).

Status atual:

* 🔄 Em análise / acompanhamento

Observações:

* Possível continuidade do suporte com nova validação de configurações, verificação de firmware e checagem de comunicação/sensores associados ao display.

Ações:

* Divergências no processo foram alinhadas com o responsável técnico, incluindo mudança de display sem coleta de dados e falta de cadastros.
* Na data 22/01/2026 o cliente entrou em contato novamente referente aos dados vários displays, foram realizados alguns levantamentes e retornado ao cliente, sem devolutiva até o momento, é necessario nos retornar com as informações de campo.
* Conversando com Welinton  data 03/02/2026 - aguardando modem de internet.",,Adenilton Silva,,633212a0fedc6169aed6fd7c,,;21/jan/26 2:24 PM;633212a0fedc6169aed6fd7c;11220,,,,,,,,,,,,,10800,0,11220,103%,10800,0,11220,,,,,,,,,,,,,,,,,,,,,,,,,,,,,,,,com.atlassian.servicedesk.plugins.approvals.internal.customfield.ApprovalsCFValue@2a33efa,,,,"o Técnico [~accountid:712020:21e2d9c9-0f61-4500-b7e0-312746cc1897], veio até o escritótio com o novo modem, foi realizado os devidos apoio para que o memso fizesse todos os procedimentos conforme o padrão.



O display setou e sincronizou a nuvem conforme o esperado, ficou pendente por parte do técnico resposável o envio dos devidos registros para configuração do BD do display ( enviar ao PD), tinfo, disgnóstico e registros.",,,,,,,,,,,,,,,,,,,,,,,,,,,,,,,,Médio,,,,,,,,,,,,,,,,,,,,,,,,16/jan/26 12:40 PM,,,05/mar/26 2:00 PM,16/jan/26 1:30 PM,,,,16/jan/26 12:00 PM,,,,,,,,,,,{},,,,,,,,66240.0,,,,,,,,,,,,,,,,,,,,,Sim ,,,,,,,,,,,,,,,,,,,,,,,,,,,,,,,,,,,,,,,,WhatsApp - PV,,,,,,,,,,,Suporte Técnico e Treinamento,,,,,,,,,,,,,,,,,,,,,,,,,,,,,,,,,,,,,,,,,,,,,,,,,,,,,,,,,,,,,,,,,,,,,,,,,,1|i03mcy:,,,,,,,,,,,,,,,,,,,,,,,,,,,,,,,,,,,,,,,,,,,,,,,,,,,,,,,,,,,,,,,,,,,,,,,,,,,,,,,,,,,,,,,,,,,,,,,,,,,,,,,,,,,,,,,,,,,,,,6.500,,Sim,,,,,,,,,,,,,,,,,,,,,14519_*:*_1_*:*_151348388_*|*_14517_*:*_1_*:*_6666_*|*_14518_*:*_1_*:*_249048441_*|*_14520_*:*_1_*:*_0_*|*_14521_*:*_2_*:*_1155193076,14519_*:*_1_*:*_151348388_*|*_14517_*:*_1_*:*_6666_*|*_14518_*:*_1_*:*_249048441_*|*_14520_*:*_1_*:*_0_*|*_14521_*:*_2_*:*_1155193076,,,,,,Itens concluídos,05/mar/26 2:00 PM
6.700 - Reprocessamento de Fazendas – Base WGS Janeiro/2026 (Smurfit Westrock),UNF2026-31,167448,Tarefa,Concluído,UNF2026,2026 - UNIDADE ESTRATÉGICA ,software,Adenilton Silva,633212a0fedc6169aed6fd7c,,Normal,Itens concluídos,Adenilton Silva,633212a0fedc6169aed6fd7c,Adenilton Silva,633212a0fedc6169aed6fd7c,Adenilton Silva,633212a0fedc6169aed6fd7c,16/jan/26 2:05 PM,23/jan/26 10:34 AM,,23/jan/26 10:34 AM,,0,"h3.  *Descrição*

Utilizar este envio como *modelo padrão* para os próximos compartilhamentos, garantindo consistência na troca de dados e evitando divergências.

Foi disponibilizada em anexo a *base completa atualizada*, considerando:

* Áreas próprias
* Parceria direta
* Arrendamento

Solicita-se o *reprocessamento das seguintes fazendas* com base na atualização enviada.

----

h3. 🌱 *Fazendas para Reprocessamento*

* *17 – Prefeitura de Mafra*
* *55 – Devoivaski*
* *15 – Engenho do Meio*

----

h3. 📎 *Anexos*

* {{Dados_Janeiro_2026_Final.xls}}
* {{Base_WGS_Janeiro_SW.zip}}

----

h3. ✅ *Ação Esperada*

* Reprocessar as fazendas listadas utilizando a base WGS atualizada.
* Garantir alinhamento com a base oficial enviada para evitar divergências futuras.

h3. *Ações:*

Geometrias cadastrdas, haviam duplicatas.

Reprocessados arquivos em um período de 1 mês.

Solicitado treinamento para o cliente executar o processo de reprocessamento dos arquivos.",,Adenilton Silva,,633212a0fedc6169aed6fd7c,,;23/jan/26 10:32 AM;633212a0fedc6169aed6fd7c;6480,,,,,,,,,,,,,3600,0,6480,180%,3600,0,6480,,,,,,,,,,,,,,,,,,,,,,,,,,,,,,,,com.atlassian.servicedesk.plugins.approvals.internal.customfield.ApprovalsCFValue@10da0315,,,,,,,,,,,,,,,,,,,,,,,,,,,,,,,,,,,,Difícil,,,,,,,,,,,,,,,,,,,,,,,,,,,23/jan/26 10:40 AM,23/jan/26 8:00 AM,,,,15/jan/26 11:46 AM,,,,,,,,,,,{},,,,,,,,,,,,,,,,,,,,,,,,,,,,,Sim ,,,,,,,,,,,,,,,,,,,,,,,,,,,,,,,,,,,,,,,,E-mail,,,,,,,,,,,Suporte Técnico e Treinamento,,,,,,,,,,,,,,,,,,,,,,,,,,,,,,,,,,,,,,,,,,,,,,,,,,,,,,,,,,,,,,,,,,,,,,,,,,1|i03l12:,,,,,,,,,,,,,,,,,,,,,,,,,,,,,,,,,,,,,,,,,,,,,,,,,,,,,,,,,,,,,,,,,,,,,,,,,,,,,,,,,,,,,,,,,,,,,,,,,,,,,,,,,,,,,,,,,,,,,,6.700,,Não,,,,,,,,,,,,,,,,,,,,,14519_*:*_1_*:*_0_*|*_14517_*:*_1_*:*_592118925,14519_*:*_1_*:*_0_*|*_14517_*:*_1_*:*_592118925,,,,,,Itens concluídos,23/jan/26 10:34 AM
6.600 - Recebimento de shapefile – Fazenda Ipê,UNF2026-30,167447,Tarefa,Concluído,UNF2026,2026 - UNIDADE ESTRATÉGICA ,software,Adenilton Silva,633212a0fedc6169aed6fd7c,,Normal,Itens concluídos,Adenilton Silva,633212a0fedc6169aed6fd7c,Adenilton Silva,633212a0fedc6169aed6fd7c,Adenilton Silva,633212a0fedc6169aed6fd7c,16/jan/26 2:00 PM,21/jan/26 2:25 PM,,21/jan/26 2:25 PM,,0,"h3. Resumo

Recebido shapefile solicitado referente à Fazenda Ipê.

h3. Contexto

O shapefile foi encaminhado pela JSF Florestal, conforme e-mail da remetente.

h3. Critérios de aceitação

* Conferir shapefile recebido.
* Prosseguir com a análise/uso conforme demanda solicitada.

h3. Outras informações

* *Arquivo:* {{PA101_003B_20250617.shp}}
* *Remetente:* Eva Abreu de Oliveira – JSF Florestal
* *Conteúdo do e-mail:* “Bom dia, segue em anexo o shapefile solicitado.”
* *Anexo:* PA101_003B_20250617.sh



h3. Ações

Foi retornado o e-mail ao cliente pois estão pendentes os arquivos DBF, PRJ e SHX - 19/01/2026 às 08:37.",,Adenilton Silva,,633212a0fedc6169aed6fd7c,,;19/jan/26 8:37 AM;633212a0fedc6169aed6fd7c;780,;21/jan/26 2:25 PM;633212a0fedc6169aed6fd7c;2100,,,,,,,,,,,,3600,720,2880,80%,3600,720,2880,,,,,,,,,,,,,,,,,,,,,,,,,,,,,,,,com.atlassian.servicedesk.plugins.approvals.internal.customfield.ApprovalsCFValue@206a9dd8,,,,,,,,,,,,,,,,,,,,,,,,,,,,,,,,,,,,Fácil,,,,,,,,,,,,,,,,,,,,,,,,,,,,19/jan/26 8:00 AM,,,,15/jan/26 11:05 AM,,,,,,,,,,,{},,,,,,,,,,,,,,,,,,,,,,,,,,,,,Sim ,,,,,,,,,,,,,,,,,,,,,,,,,,,,,,,,,,,,,,,,E-mail,,,,,,,,,,,Cadastro e Gestão de Geometrias,,,,,,,,,,,,,,,,,,,,,,,,,,,,,,,,,,,,,,,,,,,,,,,,,,,,,,,,,,,,,,,,,,,,,,,,,,1|i03l0u:,,,,,,,,,,,,,,,,,,,,,,,,,,,,,,,,,,,,,,,,,,,,,,,,,,,,,,,,,,,,,,,,,,,,,,,,,,,,,,,,,,,,,,,,,,,,,,,,,,,,,,,,,,,,,,,,,,,,,,6.600,,Sim,,,,,,,,,,,,,,,,,,,,,14517_*:*_1_*:*_239922500_*|*_14521_*:*_1_*:*_0,14517_*:*_1_*:*_239922500_*|*_14521_*:*_1_*:*_0,,,,,,Itens concluídos,21/jan/26 2:25 PM
6.500 - Apoio Suzano - Dowload SHP - OM,UNF2026-27,167301,Tarefa,Concluído,UNF2026,2026 - UNIDADE ESTRATÉGICA ,software,Adenilton Silva,633212a0fedc6169aed6fd7c,,Normal,Itens concluídos,Adenilton Silva,633212a0fedc6169aed6fd7c,Adenilton Silva,633212a0fedc6169aed6fd7c,Adenilton Silva,633212a0fedc6169aed6fd7c,15/jan/26 4:09 PM,15/jan/26 4:09 PM,,15/jan/26 4:09 PM,,0,"h3. Resumo

A gestora Gabriela Munhoz, da Suzano - SP, solicitou apoio para download de arquivos Shapefile da plataforma OM.

h3. Contexto

O apoio foi fornecido via Teams. Durante a interação, foram sanadas as dúvidas da gestora.

h3. Critérios de aceitação

* Apoio solicitado via Teams.
* Download dos arquivos Shapefile da plataforma OM.
* Dúvidas da gestora sanadas.

h3. Outras informações

N/A",,Adenilton Silva,,633212a0fedc6169aed6fd7c,,;15/jan/26 4:09 PM;633212a0fedc6169aed6fd7c;1200,,,,,,,,,,,,,1800,600,1200,66%,1800,600,1200,,,,,,,,,,,,,,,,,,,,,,,,,,,,,,,,com.atlassian.servicedesk.plugins.approvals.internal.customfield.ApprovalsCFValue@60ce54a0,,,,,,,,,,,,,,,,,,,,,,,,,,,,,,,,,,,,Fácil,,,,,,,,,,,,,,,,,,,,,,,,,,,15/jan/26 2:50 PM,15/jan/26 2:30 PM,,,,15/jan/26 2:30 PM,,,,,,,,,,,{},,,,,,,,,,,,,,,,,,,,,,,,,,,,,Sim ,,,,,,,,,,,,,,,,,,,,,,,,,,,,,,,,,,,,,,,,Teams,,,,,,,,,,,Suporte Técnico e Treinamento,,,,,,,,,,,,,,,,,,,,,,,,,,,,,,,,,,,,,,,,,,,,,,,,,,,,,,,,,,,,,,,,,,,,,,,,,,1|i03ky6:,,,,,,,,,,,,,,,,,,,,,,,,,,,,,,,,,,,,,,,,,,,,,,,,,,,,,,,,,,,,,,,,,,,,,,,,,,,,,,,,,,,,,,,,,,,,,,,,,,,,,,,,,,,,,,,,,,,,,,6.500,,Sim,,,,,,,,,,,,,,,,,,,,,14519_*:*_1_*:*_0_*|*_14517_*:*_1_*:*_47509,14519_*:*_1_*:*_0_*|*_14517_*:*_1_*:*_47509,,,,,,Itens concluídos,15/jan/26 4:09 PM
6.400 - Coordenador Flavio Silva solicitou Split File,UNF2026-26,167290,Tarefa,Concluído,UNF2026,2026 - UNIDADE ESTRATÉGICA ,software,Adenilton Silva,633212a0fedc6169aed6fd7c,,Normal,Itens concluídos,Adenilton Silva,633212a0fedc6169aed6fd7c,Adenilton Silva,633212a0fedc6169aed6fd7c,Adenilton Silva,633212a0fedc6169aed6fd7c,15/jan/26 3:24 PM,19/fev/26 1:19 PM,11/mai/26 9:10 AM,15/jan/26 3:26 PM,,0,"h3. Resumo

Solicitação para quebrar o log do arquivo 291474_20251218000 em duas atividades distintas.

h3. Contexto

O arquivo contém registros de atividades executadas em talhões específicos. As atividades ocorreram simultaneamente às 12:00.

h3. Critérios de aceitação

* Quebrar o log do arquivo *291474_20251218000*.
* Identificar e separar as atividades nos talhões:
** *5803-1194*: 1ª Adubação de condução.
** *5803-1220*: 2ª adubação de cobertura.

h3. Outras informações

N/A



h3. Ações:

Em contato com Samuel Ferreira ele nos apoio e nos direcionou onde e como encontrar determinada função.

# [Amazon S3|https://us-east-1.console.aws.amazon.com/s3/get-started?region=us-east-1]
# [Buckets|https://us-east-1.console.aws.amazon.com/s3/buckets?region=us-east-1]
# [ti-file-processor-prod|https://us-east-1.console.aws.amazon.com/s3/buckets/ti-file-processor-prod]
# *incomming/*

Foram enviados os arquivos conforme o solicitado.",,Adenilton Silva,,633212a0fedc6169aed6fd7c,,;19/fev/26 1:19 PM;633212a0fedc6169aed6fd7c;2820,,,,,,,,,,,,,7200,4380,2820,39%,7200,4380,2820,,,,,,,,,,,,,,,,,,,,,,,,,,,,,,,,com.atlassian.servicedesk.plugins.approvals.internal.customfield.ApprovalsCFValue@6d6cada,,,,,,,,,,,,,,,,,,,,,,,,,,,,,,,,,,,,Difícil,,,,,,,,,,,,,,,,,,,,,,,,,,,15/jan/26 3:30 PM,15/jan/26 12:30 PM,,,,15/jan/26 10:41 AM,,,,,,,,,,,{},,,,,,,,,,,,,,,,,,,,,,,,,,,,,Sim ,,,,,,,,,,,,,,,,,,,,,,,,,,,,,,,,,,,,,,,,E-mail,,,,,,,,,,,Análise e Diagnóstico de Bugs Embarcados,,,,,,,,,,,,,,,,,,,,,,,,,,,,,,,,,,,,,,,,,,,,,,,,,,,,,,,,,,,,,,,,,,,,,,,,,,1|i03kwu:,,,,,,,,,,,,,,,,,,,,,,,,,,,,,,,,,,,,,,,,,,,,,,,,,,,,,,,,,,,,,,,,,,,,,,,,,,,,,,,,,,,,,,,,,,,,,,,,,,,,,,,,,,,,,,,,,,,,,,6.400,,Não,,,,,,,,,,,,,,,,,,,,,14517_*:*_1_*:*_11491_*|*_14518_*:*_1_*:*_0,14517_*:*_1_*:*_11491_*|*_14518_*:*_1_*:*_0,,,,,,Itens concluídos,15/jan/26 3:26 PM
6.700 - Perímetro não disponível no display (WestRock),UNF2026-25,167083,Tarefa,Concluído,UNF2026,2026 - UNIDADE ESTRATÉGICA ,software,Adenilton Silva,633212a0fedc6169aed6fd7c,,Normal,Itens concluídos,Adenilton Silva,633212a0fedc6169aed6fd7c,Adenilton Silva,633212a0fedc6169aed6fd7c,Adenilton Silva,633212a0fedc6169aed6fd7c,14/jan/26 3:24 PM,14/jan/26 4:14 PM,,14/jan/26 4:14 PM,,0,"h3.  Descrição do problema

A gestora *Gabriela*, colaboradora do cliente *WestRock*, encaminhou arquivos de *perímetro* para análise técnica, relatando dificuldades em campo relacionadas ao *não carregamento/disponibilidade do perímetro no display*.

Segundo o relato, mesmo após o envio e processamento dos arquivos, o perímetro *não fica visível no display*, impossibilitando a correta execução das operações em campo.

h3. 🎯 Objetivo da issue

* Analisar os *arquivos de perímetro enviados*
* Validar se o *processamento do perímetro está ocorrendo corretamente*
* Verificar como o perímetro está sendo *interpretado e carregado no display*
* Identificar possíveis *falhas de conversão, validação ou sincronização*
* Propor e/ou aplicar *correção* para que o perímetro fique disponível no display

h3. 

h3. Ações.

Ajustado e enviado a Gabriela ás 16:13 de 14/01/2026 .",,Adenilton Silva,,633212a0fedc6169aed6fd7c,,;14/jan/26 4:14 PM;633212a0fedc6169aed6fd7c;3300,,,,,,,,,,,,,3600,300,3300,91%,3600,300,3300,,,,,,,,,,,,,,,,,,,,,,,,,,,,,,,,com.atlassian.servicedesk.plugins.approvals.internal.customfield.ApprovalsCFValue@6124632c,,,,,,,,,,,,,,,,,,,,,,,,,,,,,,,,,,,,Médio,,,,,,,,,,,,,,,,,,,,,,,,,,,14/jan/26 4:15 PM,14/jan/26 3:20 PM,,,,,,,,,,,,,,,{},,,,,,,,,,,,,,,,,,,,,,,,,,,,,Sim ,,,,,,,,,,,,,,,,,,,,,,,,,,,,,,,,,,,,,,,,WhatsApp - PV,,,,,,,,,,,Suporte Técnico e Treinamento,,,,,,,,,,,,,,,,,,,,,,,,,,,,,,,,,,,,,,,,,,,,,,,,,,,,,,,,,,,,,,,,,,,,,,,,,,1|i03kp2:,,,,,,,,,,,,,,,,,,,,,,,,,,,,,,,,,,,,,,,,,,,,,,,,,,,,,,,,,,,,,,,,,,,,,,,,,,,,,,,,,,,,,,,,,,,,,,,,,,,,,,,,,,,,,,,,,,,,,,6.700,,Talvez,,,,,,,,,,,,,,,,,,,,,14517_*:*_1_*:*_7453_*|*_14518_*:*_1_*:*_0,14517_*:*_1_*:*_7453_*|*_14518_*:*_1_*:*_0,,,,,,Itens concluídos,14/jan/26 4:14 PM
6.500 -  Reprocessar arquivos da The Navigator a partir de 12/01/2026 (área cadastrada em 14/01/2026),UNF2026-24,167060,Tarefa,Concluído,UNF2026,2026 - UNIDADE ESTRATÉGICA ,software,Adenilton Silva,633212a0fedc6169aed6fd7c,,Normal,Itens concluídos,Adenilton Silva,633212a0fedc6169aed6fd7c,Adenilton Silva,633212a0fedc6169aed6fd7c,Adenilton Silva,633212a0fedc6169aed6fd7c,14/jan/26 2:19 PM,15/jan/26 8:57 AM,,15/jan/26 8:57 AM,,0,"Reprocessar todos os arquivos da The Navigator a partir de *12/01/2026*, garantindo que sejam corretamente vinculados à área cadastrada em *14/01/2026*.

----

h3. 🗓️ Período afetado

* *Início:* 12/01/2026
* *Cadastro da área:* 14/01/2026

----

h3. ⚠️ Impacto

* Dados históricos incompletos ou inconsistentes
* Possível divergência em métricas operacionais e relatórios
* Análises comprometidas no período anterior ao cadastro da área

----

h3. 🔧 Ações necessárias

* Identificar todos os arquivos da The Navigator enviados a partir de 12/01/2026
* Executar reprocessamento considerando a área cadastrada em 14/01/2026
* Validar se os dados foram corretamente consolidados após o reprocesso
* Confirmar integridade das métricas e relatórios afetados

----

h3. ✅ Critérios de aceitação

* Todos os arquivos desde 12/01/2026 corretamente associados à área
* Dados visíveis e consistentes nas plataformas/relatórios
* Nenhuma divergência residual no período reprocessado

h3. Ações 

Havia apenas um arquivo com alarme de falta de área, o memso foi reprocessado e efetivou conforme o esperado.",,Adenilton Silva,,633212a0fedc6169aed6fd7c,,;15/jan/26 8:56 AM;633212a0fedc6169aed6fd7c;900,,,,,,,,,,,,,3600,2700,900,25%,3600,2700,900,,,,,,,,,,,,,,,,,,,,,,,,,,,,,,,,com.atlassian.servicedesk.plugins.approvals.internal.customfield.ApprovalsCFValue@43a82e22,,,,,,,,,,,,,,,,,,,,,,,,,,,,,,,,,,,,Difícil,Fácil,,,,,,,,,,,,,,,,,,,,,,,,,,14/jan/26 5:54 PM,14/jan/26 5:30 PM,,,,14/jan/26 2:00 PM,,,,,,,,,,,{},,,,,,,,,,,,,,,,,,,,,,,,,,,,,Sim ,,,,,,,,,,,,,,,,,,,,,,,,,,,,,,,,,,,,,,,,E-mail,,,,,,,,,,,Cadastro e Gestão de Geometrias,,,,,,,,,,,,,,,,,,,,,,,,,,,,,,,,,,,,,,,,,,,,,,,,,,,,,,,,,,,,,,,,,,,,,,,,,,1|i03kme:,,,,,,,,,,,,,,,,,,,,,,,,,,,,,,,,,,,,,,,,,,,,,,,,,,,,,,,,,,,,,,,,,,,,,,,,,,,,,,,,,,,,,,,,,,,,,,,,,,,,,,,,,,,,,,,,,,,,,,6.500,,Sim,,,,,,,,,,,,,,,,,,,,,14519_*:*_1_*:*_0_*|*_14517_*:*_1_*:*_67070119,14519_*:*_1_*:*_0_*|*_14517_*:*_1_*:*_67070119,,,,,,Itens concluídos,15/jan/26 8:57 AM
6.600 - Solicitação Raphael Pereira - Cliente JS - MA - Efetivo Zerado,UNF2026-23,167059,Tarefa,Concluído,UNF2026,2026 - UNIDADE ESTRATÉGICA ,software,Adenilton Silva,633212a0fedc6169aed6fd7c,,Normal,Itens concluídos,Adenilton Silva,633212a0fedc6169aed6fd7c,Adenilton Silva,633212a0fedc6169aed6fd7c,Adenilton Silva,633212a0fedc6169aed6fd7c,14/jan/26 2:07 PM,21/jan/26 3:36 PM,,21/jan/26 3:36 PM,,0,"O coordenador *Raphael Pereira* solicitou, via grupo de WhatsApp, apoio para a análise dos dados do cliente *JS – MA*.

{quote}O cliente está encaminhando os arquivos, porém os dados apresentam *área registrada*, enquanto o *efetivo está zerado*, o que indica possível inconsistência que precisa ser analisada.{quote}

h1. *Ações*

Não continha a área onde foi efetivada a operação cadastrada.

Retornado via grupo de Whatsapp  às 14:42 do dia 14/01/2026.

Base enviada em 19/01/2026 - cadstrada.",,Adenilton Silva,,633212a0fedc6169aed6fd7c,,;14/jan/26 2:43 PM;633212a0fedc6169aed6fd7c;1320,;21/jan/26 3:36 PM;633212a0fedc6169aed6fd7c;1080,,,,,,,,,,,,3600,1200,2400,66%,3600,1200,2400,,,,,,,,,,,,,,,,,,,,,,,,,,,,,,,,com.atlassian.servicedesk.plugins.approvals.internal.customfield.ApprovalsCFValue@307c0c27,,,,,,,,,,,,,,,,,,,,,,,,,,,,,,,,,,,,Fácil,,,,,,,,,,,,,,,,,,,,,,,,,,,19/jan/26 4:30 PM,14/jan/26 2:20 PM,,,,14/jan/26 1:56 PM,,,,,,,,,,,{},,,,,,,,,,,,,,,,,,,,,,,,,,,,,Sim ,,,,,,,,,,,,,,,,,,,,,,,,,,,,,,,,,,,,,,,,WhatsApp - Grupo,,,,,,,,,,,Suporte Técnico e Treinamento,,,,,,,,,,,,,,,,,,,,,,,,,,,,,,,,,,,,,,,,,,,,,,,,,,,,,,,,,,,,,,,,,,,,,,,,,,1|i03km6:,,,,,,,,,,,,,,,,,,,,,,,,,,,,,,,,,,,,,,,,,,,,,,,,,,,,,,,,,,,,,,,,,,,,,,,,,,,,,,,,,,,,,,,,,,,,,,,,,,,,,,,,,,,,,,,,,,,,,,6.600,,Sim,,,,,,,,,,,,,,,,,,,,,14517_*:*_1_*:*_917164_*|*_14518_*:*_1_*:*_1214087_*|*_14520_*:*_1_*:*_0,14517_*:*_1_*:*_917164_*|*_14518_*:*_1_*:*_1214087_*|*_14520_*:*_1_*:*_0,,,,,,Itens concluídos,21/jan/26 3:36 PM
6.300 - Solicitação Gerente André Marcatti - Reclamação cliente Copa,UNF2026-22,167058,Tarefa,Concluído,UNF2026,2026 - UNIDADE ESTRATÉGICA ,software,Adenilton Silva,633212a0fedc6169aed6fd7c,,Normal,Itens concluídos,Adenilton Silva,633212a0fedc6169aed6fd7c,Adenilton Silva,633212a0fedc6169aed6fd7c,Adenilton Silva,633212a0fedc6169aed6fd7c,14/jan/26 1:41 PM,14/jan/26 2:02 PM,,14/jan/26 2:02 PM,,0,"O gerente *André Marcatti* solicitou apoio após uma reclamação do cliente *Copa*. Segundo o cliente, ao realizar o *lançamento/envio dos arquivos*, o *processamento está levando cerca de 2 a 3 dias*, o que está impactando a operação.

h3. Pontos importantes para investigar

# *Volume e tamanho dos arquivos*
#* Muitos arquivos enviados de uma vez
#* Arquivos muito grandes
# *Tipo de processamento*
#* Consolidação de geometria
#* Reprocessamento por erro anterior
#* Atualização de base existente vs nova base
# *Fila / carga do ambiente*
#* Outros clientes processando ao mesmo tempo
#* Janela de pico no processamento



Acções:

Foi analisado no SWS que os dados estão sendo processados conforme o esperado, o que foi notado é que o cliente está lançados vários arquivos repetidos.



Enviamos um e-mail ao gestor resposável da ubidade para trativas com o cliente.



h3. ",,Adenilton Silva,,633212a0fedc6169aed6fd7c,,;14/jan/26 2:02 PM;633212a0fedc6169aed6fd7c;1620,,,,,,,,,,,,,10800,9180,1620,15%,10800,9180,1620,,,,,,,,,,,,,,,,,,,,,,,,,,,,,,,,com.atlassian.servicedesk.plugins.approvals.internal.customfield.ApprovalsCFValue@15236033,,,,,,,,,,,,,,,,,,,,,,,,,,,,,,,,,,,,Fácil,,,,,,,,,,,,,,,,,,,,,,,,,,,,14/jan/26 1:35 PM,,,,14/jan/26 1:30 PM,,,,,,,,,,,{},,,,,,,,,,,,,,,,,,,,,,,,,,,,,Sim ,,,,,,,,,,,,,,,,,,,,,,,,,,,,,,,,,,,,,,,,WhatsApp - PV,,,,,,,,,,,Suporte Técnico e Treinamento,,,,,,,,,,,,,,,,,,,,,,,,,,,,,,,,,,,,,,,,,,,,,,,,,,,,,,,,,,,,,,,,,,,,,,,,,,1|i03kly:,,,,,,,,,,,,,,,,,,,,,,,,,,,,,,,,,,,,,,,,,,,,,,,,,,,,,,,,,,,,,,,,,,,,,,,,,,,,,,,,,,,,,,,,,,,,,,,,,,,,,,,,,,,,,,,,,,,,,,6.300,,Sim,,,,,,,,,,,,,,,,,,,,,14517_*:*_1_*:*_98956_*|*_14518_*:*_1_*:*_0,14517_*:*_1_*:*_98956_*|*_14518_*:*_1_*:*_0,,,,,,Itens concluídos,14/jan/26 2:02 PM
6.400 -Apoio à Unidade de Minas – Migração para OM,UNF2026-21,167057,Tarefa,Concluído,UNF2026,2026 - UNIDADE ESTRATÉGICA ,software,Adenilton Silva,633212a0fedc6169aed6fd7c,,Normal,Itens concluídos,Adenilton Silva,633212a0fedc6169aed6fd7c,Adenilton Silva,633212a0fedc6169aed6fd7c,Adenilton Silva,633212a0fedc6169aed6fd7c,14/jan/26 1:19 PM,15/jan/26 4:02 PM,11/mai/26 9:09 AM,15/jan/26 4:02 PM,,0,"h3. 📝 *Descrição*

*Samuel Ferreira (PD)* solicitou apoio para a *Unidade de Minas*  empresa LD Celulose no processo de *migração para o OM*.

O apoio terá como foco principal a *análise operacional e de dados*, garantindo que a migração ocorra de forma correta e alinhada às melhores práticas.

h3. 🎯 *Escopo do Apoio*

* Análise de *funções operacionais* configuradas
* Avaliação de *motivos de parada*
* Análise de *máquinas e equipamentos* envolvidos
* Verificação de *aderência dos dados* no OM
* Identificação de *ajustes necessários pré e pós-migração*

h3. 🏭 *Unidade*

Minas Gerais

h3. 👤 *Solicitante*

Samuel Ferreira (PD)

h3. 🧩 *Objetivo*

Garantir uma migração consistente para o OM, com dados confiáveis, funções bem definidas e correta leitura das paradas e operações das máquinas.

h3. 📊 *Entregáveis Esperados*

* Diagnóstico da situação atual
* Pontos de atenção e riscos identificados
* Recomendações de ajustes no OM
* Suporte durante o processo de migração

h3. *Ações:*

Enviado o e-mail às 14:12 do dia 14/01/2026.

O coordenador Flavio silva respondeu que os cadastros já estavam ok.

Solicitamos a validação das lógicas da funções para cadastrarmos os relatórios 15/01/2026 às 15:36.

O coordenador Flavio no envio os dados faltantes e cadastramos os relatórios.",,Adenilton Silva,,633212a0fedc6169aed6fd7c,,;14/jan/26 2:13 PM;633212a0fedc6169aed6fd7c;900,;15/jan/26 3:36 PM;633212a0fedc6169aed6fd7c;660,;15/jan/26 4:02 PM;633212a0fedc6169aed6fd7c;900,,,,,,,,,,,14400,11940,2460,17%,14400,11940,2460,,,,,,,,,,,,,,,,,,,,,,,,,,,,,,,,com.atlassian.servicedesk.plugins.approvals.internal.customfield.ApprovalsCFValue@17e178b5,,,,,,,,,,,,,,,,,,,,,,,,,,,,,,,,,,,,Médio,,,,,,,,,,,,,,,,,,,,,,,,,,,15/jan/26 4:05 PM,14/jan/26 1:20 PM,,,,14/jan/26 1:00 PM,,,,,,,,,,,{},,,,,,,,,,,,,,,,,,,,,,,,,,,,,Sim ,,,,,,,,,,,,,,,,,,,,,,,,,,,,,,,,,,,,,,,,Teams,,,,,,,,,,,Gestão de Dados e Integração,,,,,,,,,,,,,,,,,,,,,,,,,,,,,,,,,,,,,,,,,,,,,,,,,,,,,,,,,,,,,,,,,,,,,,,,,,1|i03klq:,,,,,,,,,,,,,,,,,,,,,,,,,,,,,,,,,,,,,,,,,,,,,,,,,,,,,,,,,,,,,,,,,,,,,,,,,,,,,,,,,,,,,,,,,,,,,,,,,,,,,,,,,,,,,,,,,,,,,,6.400,,Talvez,,,,,,,,,,,,,,,,,,,,,14517_*:*_1_*:*_13446_*|*_14518_*:*_1_*:*_3212684_*|*_14520_*:*_1_*:*_0,14517_*:*_1_*:*_13446_*|*_14518_*:*_1_*:*_3212684_*|*_14520_*:*_1_*:*_0,,,,,,Itens concluídos,15/jan/26 4:02 PM
6.300 - Cadastro de Fazenda | Remanso (TRF / JSF),UNF2026-20,166996,Tarefa,Concluído,UNF2026,2026 - UNIDADE ESTRATÉGICA ,software,Adenilton Silva,633212a0fedc6169aed6fd7c,,Normal,Itens concluídos,Adenilton Silva,633212a0fedc6169aed6fd7c,Adenilton Silva,633212a0fedc6169aed6fd7c,Adenilton Silva,633212a0fedc6169aed6fd7c,13/jan/26 4:56 PM,14/jan/26 10:01 AM,,14/jan/26 10:01 AM,,0,"h3. 📝 *Descrição*

Foi recebido o arquivo *shapefile* da *Fazenda TRF – Remanso*, que iniciará *operações de silvicultura pela empresa JSF ainda neste mês*.

Solicita-se, por gentileza, a realização do *cadastro dessa área na plataforma*, conforme anexo encaminhado.

----

h3. 📎 *Anexos*

* Arquivo: {{Remanso.zip}}
** Conteúdo: Shapefile da Fazenda Remanso

----

h3. 🎯 *Atividades*

* Validar shapefile (geometria, projeção e integridade)
* Realizar cadastro da área na plataforma
* Associar fazenda à empresa *JSF*
* Validar visualização e dados após cadastro

----

h3. 👥 *Envolvidos*

* Solicitante: Letícia Molinari
* Responsáveis:
** @SILVA Wriel
** @SILVA Adenilton

----

h3. ℹ️ *Observações*

* Área com início de operações previsto *para este mês*
* Em caso de dúvidas, a solicitante se colocou à disposição



h3. *Ações:*



Cadastrado conforme o solicitado.

!image-20260114-130019.png|width=677,alt=""image-20260114-130019.png""!",,Adenilton Silva,,633212a0fedc6169aed6fd7c,,;14/jan/26 10:01 AM;633212a0fedc6169aed6fd7c;1500,,,,,,,,,,,,,3600,2100,1500,41%,3600,2100,1500,,14/jan/26 10:00 AM;633212a0fedc6169aed6fd7c;image-20260114-130019.png;https://agguidance.atlassian.net/rest/api/3/attachment/content/157939,,,,,,,,,,,,,,,,,,,,,,,,,,,,,,com.atlassian.servicedesk.plugins.approvals.internal.customfield.ApprovalsCFValue@18affd1d,,,,,,,,,,,,,,,,,,,,,,,,,,,,,,,,,,,,Fácil,,,,,,,,,,,,,,,,,,,,,,,,,,,14/jan/26 10:02 AM,14/jan/26 9:30 AM,,,,13/jan/26 9:48 AM,,,,,,,,,,,{},,,,,,,,,,,,,,,,,,,,,,,,,,,,,Sim ,,,,,,,,,,,,,,,,,,,,,,,,,,,,,,,,,,,,,,,,E-mail,,,,,,,,,,,Cadastro e Gestão de Geometrias,,,,,,,,,,,,,,,,,,,,,,,,,,,,,,,,,,,,,,,,,,,,,,,,,,,,,,,,,,,,,,,,,,,,,,,,,,1|i03kke:,,,,,,,,,,,,,,,,,,,,,,,,,,,,,,,,,,,,,,,,,,,,,,,,,,,,,,,,,,,,,,,,,,,,,,,,,,,,,,,,,,,,,,,,,,,,,,,,,,,,,,,,,,,,,,,,,,,,,,6.300,,Não,,,,,,,,,,,,,,,,,,,,,14517_*:*_1_*:*_59947151_*|*_14518_*:*_1_*:*_0,14517_*:*_1_*:*_59947151_*|*_14518_*:*_1_*:*_0,,,,,,Itens concluídos,14/jan/26 10:01 AM
6.500 - Cadastro de área – Cliente Navigator,UNF2026-19,166995,Tarefa,Concluído,UNF2026,2026 - UNIDADE ESTRATÉGICA ,software,Adenilton Silva,633212a0fedc6169aed6fd7c,,Normal,Itens concluídos,Adenilton Silva,633212a0fedc6169aed6fd7c,Adenilton Silva,633212a0fedc6169aed6fd7c,Adenilton Silva,633212a0fedc6169aed6fd7c,13/jan/26 4:54 PM,14/jan/26 9:35 AM,,14/jan/26 9:35 AM,,0,"h3. *Descrição*

Solicitação de cadastro de área do cliente *Navigator*.

O cliente havia enviado inicialmente um e-mail *sem o anexo dos mapas* necessários para o cadastro.


Após nossa solicitação de reenvio, o cliente retornou com *todas as informações e arquivos corretos*, possibilitando a continuidade do processo.



h3. *Contexto*

* Primeiro contato: e-mail enviado *sem mapas anexados*
* Ação: solicitado reenvio dos arquivos
* Status atual: *informações e mapas recebidos corretamente*

h3. *Anexos*

* Mapas de área (conforme retorno do cliente)

h3. *Ação necessária*

* Realizar o cadastro da área do cliente Navigator no sistema

h3. *Ação:*

Cadastrado conforme o solicitado.

!image-20260114-123442.png|width=677,alt=""image-20260114-123442.png""!",,Adenilton Silva,,633212a0fedc6169aed6fd7c,,;14/jan/26 9:34 AM;633212a0fedc6169aed6fd7c;1500,,,,,,,,,,,,,3600,2100,1500,41%,3600,2100,1500,,14/jan/26 9:34 AM;633212a0fedc6169aed6fd7c;image-20260114-123442.png;https://agguidance.atlassian.net/rest/api/3/attachment/content/157937,,,,,,,,,,,,,,,,,,,,,,,,,,,,,,com.atlassian.servicedesk.plugins.approvals.internal.customfield.ApprovalsCFValue@7cdb2434,,,,,,,,,,,,,,,,,,,,,,,,,,,,,,,,,,,,Fácil,,,,,,,,,,,,,,,,,,,,,,,,,,,14/jan/26 9:35 AM,,,,,13/jan/26 12:00 PM,,,,,,,,,,,{},,,,,,,,,,,,,,,,,,,,,,,,,,,,,Sim ,,,,,,,,,,,,,,,,,,,,,,,,,,,,,,,,,,,,,,,,E-mail,,,,,,,,,,,Cadastro e Gestão de Geometrias,,,,,,,,,,,,,,,,,,,,,,,,,,,,,,,,,,,,,,,,,,,,,,,,,,,,,,,,,,,,,,,,,,,,,,,,,,1|i03kk6:,,,,,,,,,,,,,,,,,,,,,,,,,,,,,,,,,,,,,,,,,,,,,,,,,,,,,,,,,,,,,,,,,,,,,,,,,,,,,,,,,,,,,,,,,,,,,,,,,,,,,,,,,,,,,,,,,,,,,,6.500,,Não,,,,,,,,,,,,,,,,,,,,,14517_*:*_1_*:*_53240503_*|*_14518_*:*_1_*:*_0,14517_*:*_1_*:*_53240503_*|*_14518_*:*_1_*:*_0,,,,,,Itens concluídos,14/jan/26 9:35 AM
6.800 - Legenda Data/Hora não está coerente no AS de Plantio,UNF2026-18,166987,Tarefa,Dev.PD,UNF2026,2026 - UNIDADE ESTRATÉGICA ,software,Adenilton Silva,633212a0fedc6169aed6fd7c,,Normal,,Adenilton Silva,633212a0fedc6169aed6fd7c,Adenilton Silva,633212a0fedc6169aed6fd7c,Adenilton Silva,633212a0fedc6169aed6fd7c,13/jan/26 4:33 PM,21/fev/26 9:06 AM,,,,0,"h3. 📌 *Tipo*

Bug / Inconsistência de Interface

----

h3. 📝 *Descrição*

A legenda *Data/Hora* apresentada no *AS ) de Plantio* não está coerente com as informações exibidas no mapa/dados operacionais.

Atualmente, a legenda indica um horário/data que *não corresponde* ao período real dos registros apresentados, o que pode gerar interpretação incorreta da operação de plantio.

----

h3. 🔍 *Cenário observado*

* Módulo: *AS Plantio*
* Campo afetado: *Legenda Data/Hora*
* Comportamento atual:
** A legenda exibe Data/Hora divergente dos dados reais
* Comportamento esperado:
** A legenda deve refletir corretamente o *intervalo de Data/Hora* dos dados carregados no AS. Plantio

----

h3. ✅ *Resultado esperado*

* A legenda *Data/Hora* deve:
** Estar alinhada com os dados exibidos no mapa/tabela
** Considerar corretamente timezone e origem do dado
** Atualizar dinamicamente conforme filtros aplicados (se houver)

----

h3. ⚠️ *Impacto*

* Pode gerar:
** Erro de interpretação operacional
** Dificuldade na validação do serviço de plantio
** Questionamentos por parte do cliente

----

h3. 🧪 *Evidências*

* ( ) Screenshot do AS

----

h3. 📎 *Observações adicionais*

Verificar:

* Conversão de timezone
* Fonte da Data/Hora utilizada na legenda
* Diferença entre horário do dado bruto vs horário processado

h3. *Ações :*      

Abtero o GDC 13/01/2026 às 16:46",,Adenilton Silva,,633212a0fedc6169aed6fd7c,,;13/jan/26 4:46 PM;633212a0fedc6169aed6fd7c;1200,,,,,,,,,,,,,,0,1200,,,0,1200,,,,,,,,,,,,,,,,,,,,,,,,,,,,,,,,com.atlassian.servicedesk.plugins.approvals.internal.customfield.ApprovalsCFValue@8915a20,,,,,,,,,,,,,,,,,,,,,,,,,,,,,,,,,,,,Difícil,,,,,,,,,,,,,,,,,,,,,,,,,,,,13/jan/26 4:45 PM,,,,13/jan/26 4:30 PM,,,,,,,,,,,{},,,,,,,,,,,,,,,,,,,,,,,,,,,,,Sim ,,,,,,,,,,,,,,,,,,,,,,,,,,,,,,,,,,,,,,,,Teams,,,,,,,,,,,Análise e Diagnóstico de Bugs na Plataforma,,,,,,,,,,,,,,,,,,,,,,,,,,,,,,,,,,,,,,,,,,,,,,,,,,,,,,,,,,,,,,,,,,,,,,,,,,1|i03kj2:,,,,,,,,,,,,,,,,,,,,,,,,,,,,,,,,,,,,,,,,,,,,,,,,,,,,,,,,,,,,,,,,,,,,,,,,,,,,,,,,,,,,,,,,,,,,,,,,,,,,,,,,,,,,,,,,,,,,,,6.800,,Não,,,,,,,,,,,,,,,,,,,,,,,,,,,,Em andamento,13/jan/26 4:46 PM
6.400 - Título  Envio de mapa QGIS – Tela rosa no SWS (Cenibra | Fazenda Lagoa Cristal | Talhão 019),UNF2026-17,166965,Tarefa,Concluído,UNF2026,2026 - UNIDADE ESTRATÉGICA ,software,Adenilton Silva,633212a0fedc6169aed6fd7c,,Normal,Itens concluídos,Adenilton Silva,633212a0fedc6169aed6fd7c,Adenilton Silva,633212a0fedc6169aed6fd7c,Adenilton Silva,633212a0fedc6169aed6fd7c,13/jan/26 3:41 PM,13/jan/26 3:42 PM,,13/jan/26 3:42 PM,,0,"h3. 🧾 *Descrição*

O colaborador *Wilker*, do cliente *Cenibra*, entrou em contato solicitando o envio de um *mapa extraído no QGIS*, contendo as *legendas de recomendações por área*.

A solicitação se deve ao *alto volume de arquivos*, que está ocasionando o problema de *“tela rosa”* na visualização do mapa do talhão dentro do *SWS*, impossibilitando a análise direta pela plataforma.

----

h3. 📍 *Detalhes da Operação*

* *Cliente:* Cenibra
* *Fazenda:* Lagoa Cristal
* *Talhão:* 019
* *Atividade/Operação::* 275  Subsolagem com adubação TP
* 

----

h3. 🎯 *Objetivo*

Gerar e enviar ao cliente um *mapa em QGIS* com:

* Recomendações por área devidamente representadas
* Legendas claras e padronizadas
* Arquivo otimizado para visualização externa, contornando a limitação atual do SWS

----

h3. 🔧 *Ação Esperada*

* Extrair o mapa no *QGIS*
* Validar simbologia e legendas de recomendação
* Exportar em formato adequado (PDF/PNG ou conforme alinhado com o cliente)
* Enviar o material ao colaborador *Wilker*

----

h3. 📝 *Observações*

Este fluxo será utilizado como alternativa temporária enquanto o volume de arquivos inviabilizar a visualização no SWS.",,Adenilton Silva,,633212a0fedc6169aed6fd7c,,;13/jan/26 3:42 PM;633212a0fedc6169aed6fd7c;2520,,,,,,,,,,,,,3600,1080,2520,70%,3600,1080,2520,,,,,,,,,,,,,,,,,,,,,,,,,,,,,,,,com.atlassian.servicedesk.plugins.approvals.internal.customfield.ApprovalsCFValue@5ffa177a,,,,,,,,,,,,,,,,,,,,,,,,,,,,,,,,,,,,Fácil,,,,,,,,,,,,,,,,,,,,,,,,,,,13/jan/26 3:42 PM,13/jan/26 3:00 PM,,,,12/jan/26 1:37 PM,,,,,,,,,,,{},,,,,,,,,,,,,,,,,,,,,,,,,,,,,Sim ,,,,,,,,,,,,,,,,,,,,,,,,,,,,,,,,,,,,,,,,WhatsApp - PV,,,,,,,,,,,Suporte Técnico e Treinamento,,,,,,,,,,,,,,,,,,,,,,,,,,,,,,,,,,,,,,,,,,,,,,,,,,,,,,,,,,,,,,,,,,,,,,,,,,1|i03kge:,,,,,,,,,,,,,,,,,,,,,,,,,,,,,,,,,,,,,,,,,,,,,,,,,,,,,,,,,,,,,,,,,,,,,,,,,,,,,,,,,,,,,,,,,,,,,,,,,,,,,,,,,,,,,,,,,,,,,,6.400,,Sim,,,,,,,,,,,,,,,,,,,,,14519_*:*_1_*:*_0_*|*_14517_*:*_1_*:*_21974,14519_*:*_1_*:*_0_*|*_14517_*:*_1_*:*_21974,,,,,,Itens concluídos,13/jan/26 3:42 PM
6.600 - O Tec. Jonas Solicitou um GDC - Complementando a Solicitação,UNF2026-16,166949,Tarefa,Concluído,UNF2026,2026 - UNIDADE ESTRATÉGICA ,software,Adenilton Silva,633212a0fedc6169aed6fd7c,,Normal,Itens concluídos,Adenilton Silva,633212a0fedc6169aed6fd7c,Adenilton Silva,633212a0fedc6169aed6fd7c,Adenilton Silva,633212a0fedc6169aed6fd7c,13/jan/26 1:51 PM,21/fev/26 8:48 AM,,21/fev/26 8:47 AM,,0,"O técnico Jonas Pereira solicitou via GDC a adção de um novo providers_list, complementamos inserindo a tabela ja compilada.",,Adenilton Silva,,633212a0fedc6169aed6fd7c,,;13/jan/26 1:52 PM;633212a0fedc6169aed6fd7c;900,;21/fev/26 8:47 AM;633212a0fedc6169aed6fd7c;27000,,,,,,,,,,,,,0,27900,,,0,27900,,,,,,,,,,,,,,,,,,,,,,,,,,,,,,,,com.atlassian.servicedesk.plugins.approvals.internal.customfield.ApprovalsCFValue@7f236674,,,,Retornado conforme o esperado.,,,,,,,,,,,,,,,,,,,,,,,,,,,,,,,,Difícil,,,,,,,,,,,,,,,,,,,,,,,,,,,13/jan/26 4:15 PM,13/jan/26 8:30 AM,,,,13/jan/26 8:40 AM,,,,,,,,,,,{},,,,,,,,,,,,,,,,,,,,,,,,,,,,,Sim ,,,,,,,,,,,,,,,,,,,,,,,,,,,,,,,,,,,,,,,,Teams,,,,,,,,,,,Suporte Técnico e Treinamento,,,,,,,,,,,,,,,,,,,,,,,,,,,,,,,,,,,,,,,,,,,,,,,,,,,,,,,,,,,,,,,,,,,,,,,,,,1|i03kee:,,,,,,,,,,,,,,,,,,,,,,,,,,,,,,,,,,,,,,,,,,,,,,,,,,,,,,,,,,,,,,,,,,,,,,,,,,,,,,,,,,,,,,,,,,,,,,,,,,,,,,,,,,,,,,,,,,,,,,6.600,,Não,,,,,,,,,,,,,,,,,,,,,14517_*:*_1_*:*_523_*|*_14522_*:*_1_*:*_0,14517_*:*_1_*:*_523_*|*_14522_*:*_1_*:*_0,,,,,,Itens concluídos,21/fev/26 8:47 AM
6.600 - GDC Resposta GDC Tec. Jonas,UNF2026-15,166936,Tarefa,Concluído,UNF2026,2026 - UNIDADE ESTRATÉGICA ,software,Adenilton Silva,633212a0fedc6169aed6fd7c,,Normal,Itens concluídos,Adenilton Silva,633212a0fedc6169aed6fd7c,Adenilton Silva,633212a0fedc6169aed6fd7c,Adenilton Silva,633212a0fedc6169aed6fd7c,13/jan/26 10:57 AM,27/fev/26 5:26 PM,,27/fev/26 5:26 PM,,0,"h3. Resumo

O técnico Jonas Pereira abriu um GDC para a inserção da lista de provedores para o cliente Suzano - MA. No entanto, ele não informou o provedor, e a forma de cadastro está incoerente com a forma de envio.

h3. Contexto

O GDC foi criado para resolver a questão da lista de provedores. A falta de informações adequadas pode causar problemas no cadastro.

h3. Critérios de aceitação

* Informar o provedor que deve ser inserido na lista.
* Corrigir a forma de cadastro para que esteja coerente com a forma de envio.

h3. Outras informações

Respondemos o mesmo na própria issue criada no GDC.

Analisando o real motivo, aparentemente é o MAC do display que está incorreto, enviada mensagem para Samuel Ferreira - 14/01/2026 às 09:18.",,Adenilton Silva,,633212a0fedc6169aed6fd7c,,;13/jan/26 10:58 AM;633212a0fedc6169aed6fd7c;960,;14/jan/26 9:20 AM;633212a0fedc6169aed6fd7c;1560,,,,,,,,,,,,,0,2520,,,0,2520,,,,,,,,,,,,,,,,,,,,,,,,,,,,,,,,com.atlassian.servicedesk.plugins.approvals.internal.customfield.ApprovalsCFValue@57f47947,,,,Ajustado conforme o esperado.,,,,,,,,,,,,,,,,,,,,,,,,,,,,,,,,Fácil,,,,,,,,,,,,,,,,,,,,,,,,,,,27/fev/26 5:26 PM,13/jan/26 4:45 PM,,,,13/jan/26 8:30 AM,,,,,,,,,,,{},,,,,,,0.0,,,,,,,,,,,,,,,,,,,,,,Sim ,,,,,,,,,,,,,,,,,,,,,,,,,,,,,,,,,,,,,,,,JIRA ,,,,,,,,,,,Suporte Técnico e Treinamento,,,,,,,,,,,,,,,,,,,,,,,,,,,,,,,,,,,,,,,,,,,,,,,,,,,,,,,,,,,,,,,,,,,,,,,,,,1|i03kig:,,,,,,,,,,,,,,,,,,,,,,,,,,,,,,,,,,,,,,,,,,,,,,,,,,,,,,,,,,,,,,,,,,,,,,,,,,,,,,,,,,,,,,,,,,,,,,,,,,,,,,,,,,,,,,,,,,,,,,6.600,,Sim,,,,,,,,,,,,,,,,,,,,,14517_*:*_2_*:*_22460_*|*_14518_*:*_1_*:*_50076_*|*_14522_*:*_2_*:*_3284291886_*|*_14520_*:*_1_*:*_80518733,14517_*:*_2_*:*_22460_*|*_14518_*:*_1_*:*_50076_*|*_14522_*:*_2_*:*_3284291886_*|*_14520_*:*_1_*:*_80518733,,,,,,Itens concluídos,27/fev/26 5:26 PM
6.500 - Alinhamento CR Suzano.,UNF2026-14,166933,Tarefa,Concluído,UNF2026,2026 - UNIDADE ESTRATÉGICA ,software,Adenilton Silva,633212a0fedc6169aed6fd7c,,Normal,Itens concluídos,Adenilton Silva,633212a0fedc6169aed6fd7c,William Silva de Queiroz,712020:711a0862-2da9-45eb-9e64-8116dc000ec6,William Silva de Queiroz,712020:711a0862-2da9-45eb-9e64-8116dc000ec6,13/jan/26 10:21 AM,13/jan/26 2:37 PM,,13/jan/26 2:35 PM,,0,"h3. Resumo

Realizar um alinhamento via Teams sobre o CR da Suzano - SP.

h3. Contexto

N/A

h3. Critérios de aceitação

N/A

h3. Outras informações

N/A",,William Silva de Queiroz,,712020:711a0862-2da9-45eb-9e64-8116dc000ec6,,;13/jan/26 2:36 PM;633212a0fedc6169aed6fd7c;2160,,,,,,,,,,,,,,0,2160,,,0,2160,,,,,,,,,,,,,,,,,,,,,,,,,,,,,,,,com.atlassian.servicedesk.plugins.approvals.internal.customfield.ApprovalsCFValue@232e924f,,,,,,,,,,,,,,,,,,,,,,,,,,,,,,,,,,,,Médio,,,,,,,,,,,,,,,,,,,,,,,,,,,13/jan/26 2:37 PM,13/jan/26 2:00 PM,,,,13/jan/26 10:35 AM,,,,,,,,,,,{},,,,,,,,,,,,,,,,,,,,,,,,,,,,,Sim ,,,,,,,,,,,,,,,,,,,,,,,,,,,,,,,,,,,,,,,,E-mail,,,,,,,,,,,Suporte Técnico e Treinamento,,,,,,,,,,,,,,,,,,,,,,,,,,,,,,,,,,,,,,,,,,,,,,,,,,,,,,,,,,,,,,,,,,,,,,,,,,1|i03kba:,,,,,,,,,,,,,,,,,,,,,,,,,,,,,,,,,,,,,,,,,,,,,,,,,,,,,,,,,,,,,,,,,,,,,,,,,,,,,,,,,,,,,,,,,,,,,,,,,,,,,,,,,,,,,,,,,,,,,,6.500,,Sim,,,,,,,,,,,,,,,,,,,,,14517_*:*_2_*:*_481_*|*_14521_*:*_1_*:*_655423,14517_*:*_2_*:*_481_*|*_14521_*:*_1_*:*_655423,,,,,,Itens concluídos,13/jan/26 2:35 PM
6.200 - Talhões incompletos no SWS – Projeto Liberdade,UNF2026-13,166894,Tarefa,Concluído,UNF2026,2026 - UNIDADE ESTRATÉGICA ,software,Adenilton Silva,633212a0fedc6169aed6fd7c,,Normal,Itens concluídos,Adenilton Silva,633212a0fedc6169aed6fd7c,Adenilton Silva,633212a0fedc6169aed6fd7c,Adenilton Silva,633212a0fedc6169aed6fd7c,13/jan/26 8:58 AM,13/jan/26 9:44 AM,,13/jan/26 9:43 AM,,0,"h3. *Descrição*

O técnico Fabio Costa da Unidade ba Bahia enviou um e-mail solicitando um apoio.

Boa tarde a todos,

O Denis pode me ajudar com os talhões *23, 24 e 27* do *Projeto Liberdade*.
A Trevo realizou a *adubação* nesses talhões, porém eles estão *aparecendo incompletos no SWS*.

h3. Ações: 

* Repondido o e-mail 13/01/2025 às 09:40
* Erro ocorreu devido a associação do display no SWS ao produtor/provedor.
* Erro ocorreu devido a associação no Admin ao produtor.
* Dados foram lançado no Om em modo avançaod - sobescrever informações.",,Adenilton Silva,,633212a0fedc6169aed6fd7c,,;13/jan/26 9:43 AM;633212a0fedc6169aed6fd7c;2640,,,,,,,,,,,,,7200,4560,2640,36%,7200,4560,2640,,,,,,,,,,,,,,,,,,,,,,,,,,,,,,,,com.atlassian.servicedesk.plugins.approvals.internal.customfield.ApprovalsCFValue@13066fed,,,,,,,,,,,,,,,,,,,,,,,,,,,,,,,,,,,,Fácil,,,,,,,,,,,,,,,,,,,,,,,,,,,13/jan/26 9:43 AM,13/jan/26 8:58 AM,,,,12/jan/26 3:37 PM,,,,,,,,,,,{},,,,,,,,,,,,,,,,,,,,,,,,,,,,,Sim ,,,,,,,,,,,,,,,,,,,,,,,,,,,,,,,,,,,,,,,,E-mail,,,,,,,,,,,Suporte Técnico e Treinamento,,,,,,,,,,,,,,,,,,,,,,,,,,,,,,,,,,,,,,,,,,,,,,,,,,,,,,,,,,,,,,,,,,,,,,,,,,1|i03k9q:,,,,,,,,,,,,,,,,,,,,,,,,,,,,,,,,,,,,,,,,,,,,,,,,,,,,,,,,,,,,,,,,,,,,,,,,,,,,,,,,,,,,,,,,,,,,,,,,,,,,,,,,,,,,,,,,,,,,,,6.200,,Sim,,,,,,,,,,,,,,,,,,,,,14517_*:*_1_*:*_2474871_*|*_14518_*:*_1_*:*_0,14517_*:*_1_*:*_2474871_*|*_14518_*:*_1_*:*_0,,,,,,Itens concluídos,13/jan/26 9:43 AM
6.500 - Título  Dados do dia 31/12/2025 não registrados – Plataforma,UNF2026-12,166842,Tarefa,Concluído,UNF2026,2026 - UNIDADE ESTRATÉGICA ,software,Adenilton Silva,633212a0fedc6169aed6fd7c,,Normal,Itens concluídos,Adenilton Silva,633212a0fedc6169aed6fd7c,Adenilton Silva,633212a0fedc6169aed6fd7c,Adenilton Silva,633212a0fedc6169aed6fd7c,12/jan/26 10:33 AM,13/jan/26 10:29 AM,,12/jan/26 11:49 AM,,0,"h3. Resumo

Dados do dia 31/12/2025 não foram registrados na plataforma, apesar do acesso estar funcionando corretamente.

h3. Contexto

O acesso à plataforma já está disponível e funcionando. No entanto, os dados referentes ao dia 31/12/2025 não foram registrados, resultando na ausência de pontos para essa data.

h3. Critérios de aceitação

* Verificar a causa da ausência dos dados do dia 31/12/2025.
* Avaliar a possibilidade de reprocessamento ou recuperação dos pontos.
* Confirmar se houve falha de coleta, transmissão ou integração.

h3. Outras informações

* Data de referência: 31/12/2025
* Um e-mail foi enviado ao cliente em 12/01/2026 e um arquivo correspondente à data pendente foi recebido.

Dado apoio devido ao coordenador Roniel Dias estar de férias no determinado período.",,Adenilton Silva,,633212a0fedc6169aed6fd7c,,;12/jan/26 11:48 AM;633212a0fedc6169aed6fd7c;2280,;13/jan/26 10:29 AM;633212a0fedc6169aed6fd7c;1320,,,,,,,,,,,,3600,0,3600,100%,3600,0,3600,,,,,,,,,,,,,,,,,,,,,,,,,,,,,,,,com.atlassian.servicedesk.plugins.approvals.internal.customfield.ApprovalsCFValue@731e6205,,,,,,,,,,,,,,,,,,,,,,,,,,,,,,,,,,,,Fácil,,,,,,,,,,,,,,,,,,,,,,,,,,,13/jan/26 10:30 AM,12/jan/26 10:33 AM,,,,11/jan/26 8:13 AM,,,,,,,,,,,{},,,,,,,,,,,,,,,,,,,,,,,,,,,,,Não,,,,,,,,,,,,,,,,,,,,,,,,,,,,,,,,,,,,,,,,E-mail,,,,,,,,,,,Suporte Técnico e Treinamento,,,,,,,,,,,,,,,,,,,,,,,,,,,,,,,,,,,,,,,,,,,,,,,,,,,,,,,,,,,,,,,,,,,,,,,,,,1|i03k7a:,,,,,,,,,,,,,,,,,,,,,,,,,,,,,,,,,,,,,,,,,,,,,,,,,,,,,,,,,,,,,,,,,,,,,,,,,,,,,,,,,,,,,,,,,,,,,,,,,,,,,,,,,,,,,,,,,,,,,,6.500,,Sim,,,,,,,,,,,,,,,,,,,,,14519_*:*_1_*:*_0_*|*_14517_*:*_1_*:*_4563307,14519_*:*_1_*:*_0_*|*_14517_*:*_1_*:*_4563307,,,,,,Itens concluídos,12/jan/26 11:49 AM
6.700 - Inconsistência no fechamento de talhões – WestRock SC,UNF2026-11,166840,Tarefa,Concluído,UNF2026,2026 - UNIDADE ESTRATÉGICA ,software,Adenilton Silva,633212a0fedc6169aed6fd7c,,Normal,Itens concluídos,Adenilton Silva,633212a0fedc6169aed6fd7c,Adenilton Silva,633212a0fedc6169aed6fd7c,Adenilton Silva,633212a0fedc6169aed6fd7c,12/jan/26 10:18 AM,13/jan/26 8:38 AM,,12/jan/26 10:19 AM,,0,"h3. Resumo

Inconsistência no fechamento de talhões na plataforma da WestRock SC. A gestora Gabriela reportou que alguns talhões não estavam fechando como esperado.

h3. Contexto

Gabriela, gestora do cliente WestRock SC, comunicou via WhatsApp sobre problemas no fechamento dos talhões. Ela mencionou a existência de um talhão com dois mapas gerados e que a fazenda Odebrecht não tinha o talhão 10 cadastrado.

h3. Critérios de aceitação

* Envio da área diária realizada por cada máquina por parte da Gabriela.
* Confirmação de que o talhão 10 da fazenda Odebrecht foi cadastrado após o envio das informações atualizadas.
* Esclarecimento sobre a geração de dois mapas em talhões que operam por mais de 45 dias.

h3. Outras informações

* Foi identificado que o talhão com dois mapas gerados permaneceu em operação por um período superior a 45 dias, conforme regra do sistema.
* A ausência do talhão 10 estava relacionada à falta de envio prévio da informação.
* Foi realizado um levantamento que identificou várias inconsistências por parte do cliente, como erro de apontamento de função e erro de manejo com o sistema, reportados via e-mail em 20/01/2026.",,Adenilton Silva,,633212a0fedc6169aed6fd7c,,;12/jan/26 10:19 AM;633212a0fedc6169aed6fd7c;6180,;13/jan/26 8:38 AM;633212a0fedc6169aed6fd7c;1200,,,,,,,,,,,,10800,3420,7380,68%,10800,3420,7380,,,,,,,,,,,,,,,,,,,,,,,,,,,,,,,,com.atlassian.servicedesk.plugins.approvals.internal.customfield.ApprovalsCFValue@7d73669,,,,,,,,,,,,,,,,,,,,,,,,,,,,,,,,,,,,Fácil,,,,,,,,,,,,,,,,,,,,,,,,,,,13/jan/26 8:40 AM,10/jan/26 1:00 PM,,,,08/jan/26 9:32 AM,,,,,,,,,,,{},,,,,,,,,,,,,,,,,,,,,,,,,,,,,Sim ,,,,,,,,,,,,,,,,,,,,,,,,,,,,,,,,,,,,,,,,WhatsApp - Grupo,,,,,,,,,,,Suporte Técnico e Treinamento,,,,,,,,,,,,,,,,,,,,,,,,,,,,,,,,,,,,,,,,,,,,,,,,,,,,,,,,,,,,,,,,,,,,,,,,,,1|i03k6u:,,,,,,,,,,,,,,,,,,,,,,,,,,,,,,,,,,,,,,,,,,,,,,,,,,,,,,,,,,,,,,,,,,,,,,,,,,,,,,,,,,,,,,,,,,,,,,,,,,,,,,,,,,,,,,,,,,,,,,6.700,,Sim,,,,,,,,,,,,,,,,,,,,,14519_*:*_1_*:*_0_*|*_14517_*:*_1_*:*_62548,14519_*:*_1_*:*_0_*|*_14517_*:*_1_*:*_62548,,,,,,Itens concluídos,12/jan/26 10:19 AM
"6600 - Título  Remoção de sobreposição de dados – UP P2AN82 (dados 2023, 2024 e 2025)",UNF2026-10,166796,Tarefa,Concluído,UNF2026,2026 - UNIDADE ESTRATÉGICA ,software,Adenilton Silva,633212a0fedc6169aed6fd7c,,Normal,Itens concluídos,Adenilton Silva,633212a0fedc6169aed6fd7c,Adenilton Silva,633212a0fedc6169aed6fd7c,Adenilton Silva,633212a0fedc6169aed6fd7c,09/jan/26 4:46 PM,12/jan/26 10:07 AM,,12/jan/26 10:07 AM,,0,"h3. Resumo

Solicitação para remover a sobreposição de dados históricos na UP P2AN82. Dados dos anos de 2023, 2024 e 2025 estão sendo exibidos simultaneamente, causando inconsistências.

h3. Contexto

* *Produtor:* Suzano-MA
* *Fazenda:* Mironga VLF (SG3H)
* *Talhão / UP:* P2AN82
* *Atividade:* Aplicação de herbicida mecanizada na entrelinha
* *Período apresentado:* 16/12/2025 a 22/12/2025

h3. Critérios de aceitação

* Remover a sobreposição de dados antigos.
* Manter apenas os dados corretos conforme o período/safra aplicável.
* Garantir que o mapa da UP P2AN82 reflita informações consistentes e sem duplicidade.

h3. Outras informações

* Solicitante: Eva Abreu – JSF Florestal  
Cc: Jadson Silva de Jesus (Suzano), Marcos Henrique Alves da Silva (Suzano)
* Foi inativado o talhão recente devido a dados retroativos. Um talhão correspondente, porém antigo, foi ativado e os dados reprocessados na data 09/01/2026.
* Em 10/01/2026, foi realizada a conformação e apenas um arquivo ainda não havia sido reprocessado. O reprocessamento foi realizado e ocorreu conforme o esperado, inativando o talhão antigo e ativando o mais recente.",,Adenilton Silva,,633212a0fedc6169aed6fd7c,,;12/jan/26 10:03 AM;633212a0fedc6169aed6fd7c;5820,,,,,,,,,,,,,5400,0,5820,107%,5400,0,5820,,,,,,,,,,,,,,,,,,,,,,,,,,,,,,,,com.atlassian.servicedesk.plugins.approvals.internal.customfield.ApprovalsCFValue@313bff1,,,,,,,,,,,,,,,,,,,,,,,,,,,,,,,,,,,,Médio,,,,,,,,,,,,,,,,,,,,,,,,,,,10/jan/26 3:30 PM,09/jan/26 4:46 PM,,,,08/jan/26 8:36 AM,,,,,,,,,,,{},,,,,,,,,,,,,,,,,,,,,,,,,,,,,Sim ,,,,,,,,,,,,,,,,,,,,,,,,,,,,,,,,,,,,,,,,E-mail,,,,,,,,,,,Análise e Diagnóstico de Bugs na Plataforma,,,,,,,,,,,,,,,,,,,,,,,,,,,,,,,,,,,,,,,,,,,,,,,,,,,,,,,,,,,,,,,,,,,,,,,,,,1|i03k3a:,,,,,,,,,,,,,,,,,,,,,,,,,,,,,,,,,,,,,,,,,,,,,,,,,,,,,,,,,,,,,,,,,,,,,,,,,,,,,,,,,,,,,,,,,,,,,,,,,,,,,,,,,,,,,,,,,,,,,,6.600,,Não,,,,,,,,,,,,,,,,,,,,,14517_*:*_1_*:*_11127_*|*_14518_*:*_1_*:*_0,14517_*:*_1_*:*_11127_*|*_14518_*:*_1_*:*_0,,,,,,Itens concluídos,12/jan/26 10:07 AM
6.300 - Usuário sem acesso ao Access devido divergência de username após atualização do SSO,UNF2026-9,166795,Tarefa,Concluído,UNF2026,2026 - UNIDADE ESTRATÉGICA ,software,Adenilton Silva,633212a0fedc6169aed6fd7c,,Normal,Itens concluídos,Adenilton Silva,633212a0fedc6169aed6fd7c,Adenilton Silva,633212a0fedc6169aed6fd7c,Adenilton Silva,633212a0fedc6169aed6fd7c,09/jan/26 4:41 PM,09/jan/26 4:41 PM,,09/jan/26 4:41 PM,,0,"h3. Resumo

Usuário não conseguia acessar o Access devido a uma divergência no username após atualização do SSO.

h3. Contexto

O técnico Marcelo Medina relatou dificuldades de acesso ao sistema. A análise revelou que o username do usuário estava alterado, impedindo a autenticação correta.

h3. Critérios de aceitação

* Validação do username divergente.
* Alinhamento com o time de PD.
* Reset do usuário no Agron.
* Teste de acesso realizado com sucesso.

h3. Outras informações

* Contato com Samuel Ferreira e Romeo Junior para resolução do problema.
* Acesso restabelecido com sucesso.",,Adenilton Silva,,633212a0fedc6169aed6fd7c,,;09/jan/26 4:41 PM;633212a0fedc6169aed6fd7c;2820,,,,,,,,,,,,,3600,780,2820,78%,3600,780,2820,,,,,,,,,,,,,,,,,,,,,,,,,,,,,,,,com.atlassian.servicedesk.plugins.approvals.internal.customfield.ApprovalsCFValue@6bc7983b,,,,,,,,,,,,,,,,,,,,,,,,,,,,,,,,,,,,Difícil,,,,,,,,,,,,,,,,,,,,,,,,,,,09/jan/26 4:43 PM,09/jan/26 2:15 PM,,,,09/jan/26 8:35 AM,,,,,,,,,,,{},,,,,,,,,,,,,,,,,,,,,,,,,,,,,Sim ,,,,,,,,,,,,,,,,,,,,,,,,,,,,,,,,,,,,,,,,WhatsApp - PV,,,,,,,,,,,Análise e Diagnóstico de Bugs na Plataforma,,,,,,,,,,,,,,,,,,,,,,,,,,,,,,,,,,,,,,,,,,,,,,,,,,,,,,,,,,,,,,,,,,,,,,,,,,1|i03k32:,,,,,,,,,,,,,,,,,,,,,,,,,,,,,,,,,,,,,,,,,,,,,,,,,,,,,,,,,,,,,,,,,,,,,,,,,,,,,,,,,,,,,,,,,,,,,,,,,,,,,,,,,,,,,,,,,,,,,,6.300,,Não,,,,,,,,,,,,,,,,,,,,,14519_*:*_1_*:*_0_*|*_14517_*:*_1_*:*_33861,14519_*:*_1_*:*_0_*|*_14517_*:*_1_*:*_33861,,,,,,Itens concluídos,09/jan/26 4:41 PM
6.300 - Análise de indisponibilidade de atividades de operação – Suzano Horizonte,UNF2026-8,166762,Tarefa,Concluído,UNF2026,2026 - UNIDADE ESTRATÉGICA ,software,Adenilton Silva,633212a0fedc6169aed6fd7c,,Normal,Itens concluídos,Adenilton Silva,633212a0fedc6169aed6fd7c,Adenilton Silva,633212a0fedc6169aed6fd7c,Adenilton Silva,633212a0fedc6169aed6fd7c,09/jan/26 1:28 PM,09/jan/26 1:41 PM,,09/jan/26 1:39 PM,,0,"h3. Resumo

Análise da indisponibilidade das atividades de operação na Suzano Horizonte.

h3. Contexto

O coordenador Wriel solicitou uma análise sobre a falta de atividades de operação disponíveis para o cliente na Suzano – Horizonte.

h3. Critérios de aceitação

* Analisar a ocorrência relatada.
* Verificar se as atividades de operação estão desabilitadas pela unidade.

h3. Outras informações

O e-mail foi respondido, indicando que as atividades de operação estão desabilitadas.",,Adenilton Silva,,633212a0fedc6169aed6fd7c,,;09/jan/26 1:39 PM;633212a0fedc6169aed6fd7c;600,,,,,,,,,,,,,3600,3000,600,16%,3600,3000,600,,,,,,,,,,,,,,,,,,,,,,,,,,,,,,,,com.atlassian.servicedesk.plugins.approvals.internal.customfield.ApprovalsCFValue@2957268e,,,,,,,,,,,,,,,,,,,,,,,,,,,,,,,,,,,,Fácil,,,,,,,,,,,,,,,,,,,,,,,,,,,09/jan/26 1:40 PM,09/jan/26 1:30 PM,,,,08/jan/26 12:39 PM,,,,,,,,,,,{},,,,,,,,,,,,,,,,,,,,,,,,,,,,,Sim ,,,,,,,,,,,,,,,,,,,,,,,,,,,,,,,,,,,,,,,,E-mail,,,,,,,,,,,Suporte Técnico e Treinamento,,,,,,,,,,,,,,,,,,,,,,,,,,,,,,,,,,,,,,,,,,,,,,,,,,,,,,,,,,,,,,,,,,,,,,,,,,1|i03jxi:,,,,,,,,,,,,,,,,,,,,,,,,,,,,,,,,,,,,,,,,,,,,,,,,,,,,,,,,,,,,,,,,,,,,,,,,,,,,,,,,,,,,,,,,,,,,,,,,,,,,,,,,,,,,,,,,,,,,,,6.300,,Sim,,,,,,,,,,,,,,,,,,,,,14519_*:*_1_*:*_0_*|*_14517_*:*_1_*:*_707509,14519_*:*_1_*:*_0_*|*_14517_*:*_1_*:*_707509,,,,,,Itens concluídos,09/jan/26 1:39 PM
6.400 - Gerar e enviar dados compilados no QGIS – Mapa de dosagem com alto volume (Tela rosa no SWS) – Fazendas Maravilha e Placa | Cenibra,UNF2026-7,166739,Tarefa,Concluído,UNF2026,2026 - UNIDADE ESTRATÉGICA ,software,Adenilton Silva,633212a0fedc6169aed6fd7c,,Normal,Itens concluídos,Adenilton Silva,633212a0fedc6169aed6fd7c,Adenilton Silva,633212a0fedc6169aed6fd7c,Adenilton Silva,633212a0fedc6169aed6fd7c,09/jan/26 8:31 AM,09/jan/26 4:36 PM,,09/jan/26 4:36 PM,,0,"h2. *Cliente*

Cenibra

----

h2. *Solicitante*

Wilker (Cenibra)

----

h2. *Contexto / Descrição*

O colaborador *Wilker*, do cliente *Cenibra*, entrou em contato solicitando o envio dos *dados compilados no QGIS* referentes aos mapas de dosagem da atividade *275 – Subsolagem/adubação TP*.

Devido ao *alto volume de arquivos (.tif)* e ao *tamanho dos mapas de dosagem*, o cliente *não está conseguindo abrir os mapas no SWS*, ocorrendo o problema conhecido como *“tela rosa”*, causado por excesso de carga gráfica/dados na visualização.

Para viabilizar a análise, foi solicitado:

* A *geração de todos os arquivos no QGIS*, com os dados consolidados
* O *envio dos dados compilados ao cliente*, para análise fora do SWS

----

h2. *Fazendas / Talhões Envolvidos*

* *Fazenda Maravilha*
** Talhão: *NESBSB00181R18-042*
* *Fazenda Placa*
** Talhão: *NESBSB00163P25-014*

----

h2. *Atividade*

* *275 – Subsolagem/adubação TP*

----

h2. *Problema Identificado*

* Volume elevado de arquivos de dosagem (.tif)
* Mapas extensos e pesados
* Falha de renderização no SWS (*tela rosa*)
* Impossibilidade de abertura do mapa de dosagem em destaque pelo cliente

----

h2. *Ação Solicitada*

# Gerar todos os arquivos de dosagem consolidados no *QGIS*
# Compilar os dados (camadas, rasters e informações associadas)
# Validar abertura e visualização no QGIS
# Enviar os dados compilados ao cliente *Cenibra*

----

h2. *Resultado Esperado / Critérios de Aceite*

* Dados consolidados gerados com sucesso no QGIS
* Arquivos compatíveis para abertura sem erro
* Cliente apto a analisar os mapas fora do SWS
* Envio concluído e confirmado com o solicitante

----

h2. *Evidências*

* Prints dos relatórios das fazendas Maravilha e Placa
* Lista extensa de arquivos de dosagem (.tif)
* Evidência do alto volume de dados que ocasiona a tela rosa no SWS",,Adenilton Silva,,633212a0fedc6169aed6fd7c,,;09/jan/26 4:35 PM;633212a0fedc6169aed6fd7c;7740,,,,,,,,,,,,,3600,0,7740,215%,3600,0,7740,,,,,,,,,,,,,,,,,,,,,,,,,,,,,,,,com.atlassian.servicedesk.plugins.approvals.internal.customfield.ApprovalsCFValue@49672e21,,,,,,,,,,,,,,,,,,,,,,,,,,,,,,,,,,,,Médio,,,,,,,,,,,,,,,,,,,,,,,,,,,09/jan/26 4:35 PM,09/jan/26 1:40 PM,,,,07/jan/26 4:17 PM,,,,,,,,,,,{},,,,,,,,,,,,,,,,,,,,,,,,,,,,,Sim ,,,,,,,,,,,,,,,,,,,,,,,,,,,,,,,,,,,,,,,,WhatsApp - PV,,,,,,,,,,,Suporte Técnico e Treinamento,,,,,,,,,,,,,,,,,,,,,,,,,,,,,,,,,,,,,,,,,,,,,,,,,,,,,,,,,,,,,,,,,,,,,,,,,,1|i03jta:,,,,,,,,,,,,,,,,,,,,,,,,,,,,,,,,,,,,,,,,,,,,,,,,,,,,,,,,,,,,,,,,,,,,,,,,,,,,,,,,,,,,,,,,,,,,,,,,,,,,,,,,,,,,,,,,,,,,,,6.400,,Sim,,,,,,,,,,,,,,,,,,,,,14519_*:*_1_*:*_0_*|*_14517_*:*_1_*:*_29082137,14519_*:*_1_*:*_0_*|*_14517_*:*_1_*:*_29082137,,,,,,Itens concluídos,09/jan/26 4:36 PM
6.600 - Geração de chave de ativação – Bordo 292024 | Versão 4.0.7 | Cliente Mombak,UNF2026-6,166657,Tarefa,Concluído,UNF2026,2026 - UNIDADE ESTRATÉGICA ,software,Adenilton Silva,633212a0fedc6169aed6fd7c,,Normal,Itens concluídos,Adenilton Silva,633212a0fedc6169aed6fd7c,Adenilton Silva,633212a0fedc6169aed6fd7c,Adenilton Silva,633212a0fedc6169aed6fd7c,08/jan/26 10:39 AM,08/jan/26 10:39 AM,,08/jan/26 10:39 AM,,0,"h3. *Descrição*

Solicitação de apoio para gerar uma *chave de ativação* para o *bordo 292024*, utilizando a *versão 4.0.7*, atualmente em operação no cliente *Mombak*.

----

h3. *Ativações solicitadas*

* Guia
* Piloto Automático
* Aplicação/Plantio
* Monitor de Plantio
* Monitor de Máquinas
* Subsoiler Controller

----

h3. *Solicitante*

Jonas Alves Pereira
Forest Operations Technician
Hexagon – Agriculture Division



h3. *Processo*

Enviado via e-mail, registro e arquivo.",,Adenilton Silva,,633212a0fedc6169aed6fd7c,,;08/jan/26 10:39 AM;633212a0fedc6169aed6fd7c;600,,,,,,,,,,,,,1800,1200,600,33%,1800,1200,600,,,,,,,,,,,,,,,,,,,,,,,,,,,,,,,,com.atlassian.servicedesk.plugins.approvals.internal.customfield.ApprovalsCFValue@364cebb7,,,,,,,,,,,,,,,,,,,,,,,,,,,,,,,,,,,,Fácil,,,,,,,,,,,,,,,,,,,,,,,,,,,08/jan/26 10:42 AM,08/jan/26 10:33 AM,,,,08/jan/26 10:30 AM,,,,,,,,,,,{},,,,,,,,,,,,,,,,,,,,,,,,,,,,,Sim ,,,,,,,,,,,,,,,,,,,,,,,,,,,,,,,,,,,,,,,,E-mail,,,,,,,,,,,Suporte Técnico e Treinamento,,,,,,,,,,,,,,,,,,,,,,,,,,,,,,,,,,,,,,,,,,,,,,,,,,,,,,,,,,,,,,,,,,,,,,,,,,1|i03jmm:,,,,,,,,,,,,,,,,,,,,,,,,,,,,,,,,,,,,,,,,,,,,,,,,,,,,,,,,,,,,,,,,,,,,,,,,,,,,,,,,,,,,,,,,,,,,,,,,,,,,,,,,,,,,,,,,,,,,,,6.600,,Sim,,,,,,,,,,,,,,,,,,,,,14519_*:*_1_*:*_0_*|*_14517_*:*_1_*:*_21275,14519_*:*_1_*:*_0_*|*_14517_*:*_1_*:*_21275,,,,,,Itens concluídos,08/jan/26 10:39 AM
6.600 - Importação de Shapefiles e Dados de Telemetria – Fazenda Ipê,UNF2026-5,166523,Tarefa,Concluído,UNF2026,2026 - UNIDADE ESTRATÉGICA ,software,Adenilton Silva,633212a0fedc6169aed6fd7c,,Normal,Itens concluídos,,,Adenilton Silva,633212a0fedc6169aed6fd7c,Adenilton Silva,633212a0fedc6169aed6fd7c,06/jan/26 2:58 PM,06/jan/26 3:27 PM,,06/jan/26 3:26 PM,,0,"
*Sistema:* SWS
*Cliente:* JSF Florestal – Fazenda Ipê

h3. *Descrição / Contexto*

O prestador *JSF Florestal* realizou o envio dos arquivos *shapefile* referentes à *Fazenda Ipê*, estruturados para integração com o sistema *SWS*.

O envio também contempla os *dados de telemetria/percurso das máquinas*, coletados nos dias *31/12/2025* e *02/01/2026*.

De acordo com o prestador, os arquivos seguem corretamente as *especificações de projeção cartográfica* e contêm os *atributos necessários para a importação* na plataforma, estando aptos para processamento.

----

h3. *Anexos*

* Shapefiles da Fazenda Ipê
* Dados de telemetria/percurso das máquinas
* Arquivos auxiliares conforme padrão de integração SWS

----

h3. *Ações Solicitadas*

* Validar a estrutura dos arquivos shapefile;
* Confirmar projeção cartográfica e integridade dos atributos;
* Realizar/importar os dados na plataforma SWS;
* Verificar a correta ingestão dos dados de telemetria referentes às datas informadas.

----

h3. *Critérios de Aceite*

* Shapefiles importados sem erro na plataforma SWS;
* Geometrias exibidas corretamente no mapa;
* Dados de telemetria disponíveis para análise no período informado;
* Nenhum erro de projeção, atributos ou vínculo de dados.



h3. *Execução:*

Dados tratados e cadastrados.

E-mail enviado, SHP cadastrado na plataforma, só lançar os dados conforme o esperado.",,Adenilton Silva,,633212a0fedc6169aed6fd7c,,;06/jan/26 3:27 PM;633212a0fedc6169aed6fd7c;1620,,,,,,,,,,,,,3600,1980,1620,45%,3600,1980,1620,,,,,,,,,,,,,,,,,,,,,,,,,,,,,,,,com.atlassian.servicedesk.plugins.approvals.internal.customfield.ApprovalsCFValue@4cbdeac4,,,,,,,,,,,,,,,,,,,,,,,,,,,,,,,,,,,,Fácil,,,,,,,,,,,,,,,,,,,,,,,,,,,,06/jan/26 2:57 PM,,,,06/jan/26 1:46 PM,,,,,,,,,,,{},,,,,,,,,,,,,,,,,,,,,,,,,,,,,Sim ,,,,,,,,,,,,,,,,,,,,,,,,,,,,,,,,,,,,,,,,E-mail,,,,,,,,,,,Cadastro e Gestão de Geometrias,,,,,,,,,,,,,,,,,,,,,,,,,,,,,,,,,,,,,,,,,,,,,,,,,,,,,,,,,,,,,,,,,,,,,,,,,,1|i03jdq:,,,,,,,,,,,,,,,,,,,,,,,,,,,,,,,,,,,,,,,,,,,,,,,,,,,,,,,,,,,,,,,,,,,,,,,,,,,,,,,,,,,,,,,,,,,,,,,,,,,,,,,,,,,,,,,,,,,,,,6.600,,Não,,,,,,,,,,,,,,,,,,,,,14517_*:*_1_*:*_517_*|*_14518_*:*_1_*:*_0,14517_*:*_1_*:*_517_*|*_14518_*:*_1_*:*_0,,,,,,Itens concluídos,06/jan/26 3:26 PM
6.800 -   Análise no QGIS: confronto de geometrias antigas vs novas para identificar pontos/trechos modificados,UNF2026-4,166462,Tarefa,Concluído,UNF2026,2026 - UNIDADE ESTRATÉGICA ,software,Adenilton Silva,633212a0fedc6169aed6fd7c,,Normal,Itens concluídos,,,Adenilton Silva,633212a0fedc6169aed6fd7c,Adenilton Silva,633212a0fedc6169aed6fd7c,06/jan/26 7:16 AM,06/jan/26 2:33 PM,,06/jan/26 2:33 PM,06/jan/26 12:00 AM,0,"h3. Resumo

Análise no QGIS para comparar geometrias antigas e novas. O objetivo é identificar modificações na geometria e gerar relatórios claros.

h3. Contexto

A base cadastral é atualizada mensalmente. É necessário um procedimento no QGIS para comparar versões antigas e novas, focando nas mudanças geométricas.

h3. Critérios de Aceite

* Passo a passo validado no QGIS para carregar bases e padronizar SRC.
* Camada resultante com feições alteradas e destaque das mudanças.
* Identificação e separação de novas feições, removidas, inalteradas e alteradas.
* Geração de relatório (CSV) com: {{id}}, {{status}}, {{area_old}}, {{area_new}}, {{delta_area}}, {{percentual_delta}}.
* Procedimento documentado para repetição mensal sem edição manual.

h3. Outras informações

* Comparação entre versões do mesmo tema/camada.
* Considerar mesmo SRC ou reprojetar antes da análise.
* Saídas em camadas QGIS e relatório (CSV) com métricas principais.
* Dependências incluem camadas com chave única consistente e definição do SRC oficial do projeto.
* Anexar SHP/GPKG antigo e novo, exemplo de talhão alterado, prints do QGIS se houver.
* Avaliar estratégia por match espacial quando não houver chave única.
* Direcionamento sobre a metodologia 2 para geometrias modificadas, com passos detalhados para expiração e reprocessamento.",,Adenilton Silva,,633212a0fedc6169aed6fd7c,,;06/jan/26 9:57 AM;633212a0fedc6169aed6fd7c;7440,;06/jan/26 2:33 PM;633212a0fedc6169aed6fd7c;1380,,,,,,,,,,,,10800,1980,8820,81%,10800,1980,8820,,,,,,,,,,,,,,,,,,,,,,,,,,,,,,,,com.atlassian.servicedesk.plugins.approvals.internal.customfield.ApprovalsCFValue@751ef0cd,,,,,,,,,,,,,,,,,,,,,,,,,,,,,,,,,,,,Difícil,,,,,,,,,,,,,,,,,,,,,,,,,,,,06/jan/26 7:15 AM,,,,06/jan/26 7:15 AM,,,,,,,,,,,{},,,,,,,,,,,,,,,,,,,,,,,,,,,,,Sim ,,,,,,,,,,,,,,,,,,,,,,,,,,,,,,,,,,,,,,,,JIRA ,,,,,,,,,,,Gestão de Dados e Integração,,,,,,,,,,,,,,,,,,,,,,,,,,,,,,,,,,,,,,,,,,,,,,,,,,,,,,,,,,,,,,,,,,,,,,,,,,1|i03j9e:,,,,,,,,,,,,,,,,,,,,,,,,,,,,,,,,,,,,,,,,,,,,,,,,,,,,,,,,,,,,,,,,,,,,,,,,,,,,,,,,,,,,,,,,,,,,,,,,,,,,,,,,,,,,,,,,,,,,,,6.800,,Não,,,,,,,,,,,,,,,,,,,,,14517_*:*_1_*:*_5902083_*|*_14518_*:*_1_*:*_3207079_*|*_14522_*:*_1_*:*_0,14517_*:*_1_*:*_5902083_*|*_14518_*:*_1_*:*_3207079_*|*_14522_*:*_1_*:*_0,,,,,,Itens concluídos,06/jan/26 2:33 PM
6.600 - Avaliação de dados cadastrais e SHP – Implementação nova versão Hexagon (Mombak),UNF2026-3,166422,Tarefa,Concluído,UNF2026,2026 - UNIDADE ESTRATÉGICA ,software,Adenilton Silva,633212a0fedc6169aed6fd7c,,Normal,Itens concluídos,Adenilton Silva,633212a0fedc6169aed6fd7c,Adenilton Silva,633212a0fedc6169aed6fd7c,Adenilton Silva,633212a0fedc6169aed6fd7c,05/jan/26 3:06 PM,27/fev/26 10:40 AM,,27/fev/26 10:40 AM,,0,"O cliente encaminhou os *dados cadastrais e arquivos SHP* necessários para dar início à *implementação da nova versão da plataforma Hexagon*.

A proposta é realizar a *avaliação técnica dos dados* para validar se estão completos e adequados, permitindo o avanço da implementação.

A estratégia definida é iniciar o processo de implantação pelo *Dom Eliseu*, em conjunto com *Alverton da Silva*, que está mais ativo nesta frente, e posteriormente *replicar o modelo para as demais fazendas*.

----

h3. *Escopo Inicial*

* Cliente: *Mombak*
* Primeira unidade piloto: *Dom Eliseu*
* Fazendas envolvidas:
** Alto Surubiju
** Mariana
** Almeita
** Pantera
** Pau Brasil
** Cristal Macedônia

----

h3. *Atividades*

* Avaliar os *dados cadastrais enviados*
* Validar a integridade e consistência dos *arquivos SHP*
* Confirmar se os dados estão aptos para seguir com a implementação
* Definir próximos passos para implantação na unidade piloto
* Planejar replicação para as demais fazendas

----

h3. *Anexos*

* Cadastros_Mombak_Hexagon
* Areas_produtivas_MBK_WGS84

----

h3. *Dependências / Alinhamentos*

* Validação técnica da equipe
* Alinhamento com *Alverton da Silva*
* Agendamento de reunião rápida para definição dos próximos passos

----

h3. *Passo Executado.*

Enviado o e-mail para a unidade, sugerindo os cadatsros básicos, aguardando retorno da mesma.

Base tratada, será inserida na data 06/01/2025",,Adenilton Silva,,633212a0fedc6169aed6fd7c,,;05/jan/26 3:22 PM;633212a0fedc6169aed6fd7c;900,;05/jan/26 4:50 PM;633212a0fedc6169aed6fd7c;2220,;06/jan/26 2:34 PM;633212a0fedc6169aed6fd7c;1200,;27/fev/26 10:40 AM;633212a0fedc6169aed6fd7c;1920,,,,,,,,,,10800,4560,6240,57%,10800,4560,6240,,,,,,,,,,,,,,,,,,,,,,,,,,,,,,,,com.atlassian.servicedesk.plugins.approvals.internal.customfield.ApprovalsCFValue@94f78fe,,,,"Foi realizada uma reunião com a Gerente Claudia Garcia e o coordenador resposável do Maranhão Raphael pereira, acordado alguns assuntos.

Raphael relatou que toda a parte de cadastro por parte da unidade está ok.",,,,,,,,,,,,,,,,,,,,,,,,,,,,,,,,Médio,,,,,,,,,,,,,,,,,,,,,,,,,,,27/fev/26 10:40 AM,,,,,30/dez/25 2:54 PM,,,,,,,,,,,{},,,,,,,,0.0,,,,,,,,,,,,,,,,,,,,,Sim ,,,,,,,,,,,,,,,,,,,,,,,,,,,,,,,,,,,,,,,,E-mail,,,,,,,,,,,Cadastro e Gestão de Geometrias,,,,,,,,,,,,,,,,,,,,,,,,,,,,,,,,,,,,,,,,,,,,,,,,,,,,,,,,,,,,,,,,,,,,,,,,,,1|i03j9a:,,,,,,,,,,,,,,,,,,,,,,,,,,,,,,,,,,,,,,,,,,,,,,,,,,,,,,,,,,,,,,,,,,,,,,,,,,,,,,,,,,,,,,,,,,,,,,,,,,,,,,,,,,,,,,,,,,,,,,6.600,,Talvez,,,,,,,,,,,,,,,,,,,,,14517_*:*_1_*:*_999686_*|*_14518_*:*_1_*:*_83320829_*|*_14520_*:*_2_*:*_7029,14517_*:*_1_*:*_999686_*|*_14518_*:*_1_*:*_83320829_*|*_14520_*:*_2_*:*_7029,,,,,,Itens concluídos,27/fev/26 10:40 AM
6.700 -   Recebimento de polígonos para input no sistema – Klabin,UNF2026-2,166407,Tarefa,Concluído,UNF2026,2026 - UNIDADE ESTRATÉGICA ,software,Adenilton Silva,633212a0fedc6169aed6fd7c,,Normal,Itens concluídos,Adenilton Silva,633212a0fedc6169aed6fd7c,Adenilton Silva,633212a0fedc6169aed6fd7c,Adenilton Silva,633212a0fedc6169aed6fd7c,05/jan/26 12:38 PM,03/fev/26 2:14 PM,,03/fev/26 2:13 PM,06/jan/26 12:00 AM,0,"A equipe da Klabin encaminhou arquivos contendo *polígonos de área produtiva* para realização de *input no sistema*, conforme alinhamento prévio.

Os dados foram enviados por e-mail e devem ser acompanhados em sistema para validação, conferência e correta inserção.

----

h3. *Contexto*

* Arquivo recebido por e-mail
* Conteúdo: polígonos para input em sistema
* Ação solicitada: acompanhamento e validação dos dados após inserção

----

h3. *Ações Necessárias*

# Realizar o upload/input dos polígonos no sistema
# Validar se os dados foram importados corretamente
# Acompanhar consistência espacial e atributos
# Confirmar conclusão do processo

----

h3. *Responsável*

Enzo Clemente Dorador Servilheir(a)

----

h3. *Anexos*

* {{area_produtiva_d_2025-12-xx}} _(arquivo recebido por e-mail)_

----

h3. *Critérios de Aceite*

* Polígonos importados sem erros -  ok
* Arquivos PRJ corresponte a base cartográgica não veio nos arquivos  - reenviado email - 05/01/2025 às 16:15.
* Validação - NC

Recebido e ajustado data 29/01/2026 às 18:00 - retornado o e-mail ao cliente.",,Adenilton Silva,,633212a0fedc6169aed6fd7c,,;05/jan/26 4:14 PM;633212a0fedc6169aed6fd7c;3360,;03/fev/26 2:13 PM;633212a0fedc6169aed6fd7c;2400,,,,,,,,,,,,7200,1440,5760,80%,7200,1440,5760,,,,,,,,,,,,,,,,,,,,,,,,,,,,,,,,com.atlassian.servicedesk.plugins.approvals.internal.customfield.ApprovalsCFValue@38ed66e7,,,,,,,,,,,,,,,,,,,,,,,,,,,,,,,,,,,,Fácil,,,,,,,,,,,,,,,,,,,,,,,,,,,29/jan/26 6:00 PM,,,,,30/nov/25 8:58 AM,,,,,,,,,,,{},,,,,,,,,,,,,,,,,,,,,,,,,,,,,Sim ,,,,,,,,,,,,,,,,,,,,,,,,,,,,,,,,,,,,,,,,E-mail,,,,,,,,,,,Cadastro e Gestão de Geometrias,,,,,,,,,,,,,,,,,,,,,,,,,,,,,,,,,,,,,,,,,,,,,,,,,,,,,,,,,,,,,,,,,,,,,,,,,,1|i03j86:,,,,,,,,,,,,,,,,,,,,,,,,,,,,,,,,,,,,,,,,,,,,,,,,,,,,,,,,,,,,,,,,,,,,,,,,,,,,,,,,,,,,,,,,,,,,,,,,,,,,,,,,,,,,,,,,,,,,,,6.700,,Não,,,,,,,,,,,,,,,,,,,,,14517_*:*_1_*:*_12923128_*|*_14521_*:*_1_*:*_0,14517_*:*_1_*:*_12923128_*|*_14521_*:*_1_*:*_0,,,,,,Itens concluídos,03/fev/26 2:13 PM
6.500 - Dificuldade Acesso OM,UNF2026-1,166406,Tarefa,Concluído,UNF2026,2026 - UNIDADE ESTRATÉGICA ,software,Adenilton Silva,633212a0fedc6169aed6fd7c,,Normal,Itens concluídos,Adenilton Silva,633212a0fedc6169aed6fd7c,Adenilton Silva,633212a0fedc6169aed6fd7c,Adenilton Silva,633212a0fedc6169aed6fd7c,05/jan/26 12:20 PM,13/jan/26 4:48 PM,,13/jan/26 4:47 PM,05/jan/26 12:00 AM,0,"h3. Resumo

O cliente JJFM teve dificuldade de acesso à plataforma OM. Isso impede a inserção de dados e a análise de relatórios.

h3. Contexto

Recentemente, a plataforma passou por melhorias que causaram restrições temporárias de acesso para alguns usuários. O caso está sob acompanhamento interno até a normalização do serviço.

h3. Critérios de Aceite

* Cliente confirmar acesso normal à plataforma OM.
* Inserção de dados e geração de relatórios funcionando corretamente.
* Validação do restabelecimento do serviço.
* Avaliação e alinhamento sobre a prorrogação do prazo de acesso, se aplicável.

h3. Outras informações

* Cliente solicitou formalmente a prorrogação do prazo de acesso.
* Fluxo de Comunicação:
** Cliente reporta falha de acesso à plataforma OM.
** Confirmação interna de restrição após melhorias na plataforma.
** Acompanhamento do caso pelo time responsável.
** Cliente solicita prorrogação de prazo devido à indisponibilidade.
** Ajustes realizados e solicitação de novo teste de acesso pelo cliente.
* Ações Realizadas:
** Análise do incidente junto ao time responsável.
** Ajustes internos na plataforma OM.
** Comunicação com o cliente informando normalização iminente.
** Solicitação de novo teste de acesso ao sistema.
* Resultado Atual: Plataforma ajustada e cliente orientado a testar novamente o acesso.

Cliente solicitou um informação na data 12/01/2026 - respondemos o mesmo, referente a transmissão de dados.",,Adenilton Silva,,633212a0fedc6169aed6fd7c,,;05/jan/26 12:28 PM;633212a0fedc6169aed6fd7c;2340,;13/jan/26 4:48 PM;633212a0fedc6169aed6fd7c;1380,,,,,,,,,,,,,0,3720,,,0,3720,,,,,,,,,,,,,,,,,,,,,,,,,,,,,,,,com.atlassian.servicedesk.plugins.approvals.internal.customfield.ApprovalsCFValue@b557982,,,,,,,,,,,,,,,,,,,,,,,,,,,,,,,,,,,,Difícil,,,,,,,,,,,,,,,,,,,,,,,,,,,05/jan/26 12:30 PM,05/jan/26 10:30 AM,,,,04/jan/26 7:26 AM,,,,,,,,,,,{},,,,,,,,,,,,,,,,,,,,,,,,,,,,,Não,,,,,,,,,,,,,,,,,,,,,,,,,,,,,,,,,,,,,,,,E-mail,,,,,,,,,,,Análise e Diagnóstico de Bugs na Plataforma,,,,,,,,,,,,,,,,,,,,,,,,,,,,,,,,,,,,,,,,,,,,,,,,,,,,,,,,,,,,,,,,,,,,,,,,,,1|i03j7y:,,,,,,,,,,,,,,,,,,,,,,,,,,,,,,,,,,,,,,,,,,,,,,,,,,,,,,,,,,,,,,,,,,,,,,,,,,,,,,,,,,,,,,,,,,,,,,,,,,,,,,,,,,,,,,,,,,,,,,6.500,,Não,,,,,,,,,,,,,,,,,,,,,14517_*:*_1_*:*_223272_*|*_14521_*:*_1_*:*_0,14517_*:*_1_*:*_223272_*|*_14521_*:*_1_*:*_0,,,,,,Itens concluídos,13/jan/26 4:47 PM
6.800 - Atualização do banco de dados – Lista validada enviada pelo colaborador Felipe Bolivar (Suzano),UNF2026-28,164963,Tarefa,Concluído,UNF2026,2026 - UNIDADE ESTRATÉGICA ,software,Adenilton Silva,633212a0fedc6169aed6fd7c,,Normal,Itens concluídos,Adenilton Silva,633212a0fedc6169aed6fd7c,Adenilton Silva,633212a0fedc6169aed6fd7c,Adenilton Silva,633212a0fedc6169aed6fd7c,09/dez/25 2:19 PM,20/fev/26 8:26 PM,,20/fev/26 8:26 PM,11/dez/25 12:00 AM,0,"*Descrição:*
O colaborador *felipebolivar*, do cliente *Suzano*, enviou uma lista para atualização do banco de dados do cliente.
A lista foi *validada* e está *aprovada*, permitindo dar sequência ao processo de atualização conforme solicitado.

*Próximos Passos:*

* Proceder com a atualização do banco de dados utilizando a lista validada.
* Registrar eventuais inconsistências encontradas durante o processo.
* Informar o cliente Suzano quando a atualização for concluída.

*Anexos:*

* Lista enviada por felipebolivar (caso aplicável)

Foi relizada uma reunião com Bolivar para tratarmos alguns assuntos - 22/12/2025 ás 10:30, em torno de uns 30 min.



Finalizado a ajustes da funções, e envaiado aos coordenadores, apenas o CC 6.500 ficou com os ( CC das funções já ajustados.), isso devido a falta de infomações solicitadas.

As unidades ficaram de atualizar as pendencias.

Finalizado o ajuste no Admin funções x telatórios 15/01/2026 - 16:45.

Unidade testando em bancada e iniciando as atualizações do novo Banco de dados.

Houve uma insconsistência no Cliente Suzano-MA, houve uma duplicidade nas atividades, dando erro no fluxo, foi encontrada pelo técnico [~accountid:6244f2c8f3824d006a584998] , e sanado data - 21/01/2026, foi gerada uma issue sobre esse assundo GDC: 16855.

O coordenador [~accountid:5b4375877975a22beeaea818] fz contato devido uma falha de fluxo, analisando era a associação do CC ao fluxo de trabalho data 21/01/2026.",,Adenilton Silva,,633212a0fedc6169aed6fd7c,,;12/dez/25 3:22 PM;633212a0fedc6169aed6fd7c;9900,;15/dez/25 7:04 PM;633212a0fedc6169aed6fd7c;28800,;19/dez/25 6:04 PM;633212a0fedc6169aed6fd7c;22740,;22/dez/25 8:17 AM;633212a0fedc6169aed6fd7c;18000,;22/dez/25 3:35 PM;633212a0fedc6169aed6fd7c;22620,;29/dez/25 11:07 AM;633212a0fedc6169aed6fd7c;1380,;15/jan/26 4:46 PM;633212a0fedc6169aed6fd7c;9900,;21/jan/26 2:53 PM;633212a0fedc6169aed6fd7c;3420,,,,,,14400,0,116760,810%,14400,0,116760,,,,,,,,,,,,,,,,,,,,,,,,,,,,,,,,com.atlassian.servicedesk.plugins.approvals.internal.customfield.ApprovalsCFValue@6295bfa5,,,,,,,,,,,,,,,,,,,,,,,,,,,,,,,,,,,,Médio,,,,,,,,,,,,,,,,,,,,,,,,,,,,,,,,,,,,,,,,,,,{},,,,,,,,,,,,,,,,,,,,,,,,,,,,,Sim ,,,,,,,,,,,,,,,,,,,,,,,,,,,,,,,,,,,,,,,,E-mail,WhatsApp - Grupo,WhatsApp - PV,,,,,,,,,Gestão de Dados e Integração,,,,,,,,,,,,,,,,,,,,,,,,,,,,,,,,,,,,,,,,,,,,,,,,,,,,,,,,,,,,,,,,,,,,,,,,,,1|i03h2i:,,,,,,,,,,,,,,,,,,,,,,,,,,,,,,,,,,,,,,,,,,,,,,,,,,,,,,,,,,,,,,,,,,,,,,,,,,,,,,,,,,,,,,,,,,,,,,,,,,,,,,,,,,,,,,,,,,,,,,6.800,,Talvez,,,,,,,,,,,,,,,,,,,,,14171_*:*_2_*:*_1556009964_*|*_14520_*:*_1_*:*_0_*|*_14170_*:*_2_*:*_160375817_*|*_14239_*:*_2_*:*_1489733721,14171_*:*_2_*:*_1556009964_*|*_14520_*:*_1_*:*_0_*|*_14170_*:*_2_*:*_160375817_*|*_14239_*:*_2_*:*_1489733721,,,,,,Itens concluídos,20/fev/26 8:26 PM
6.400 - Erro no fluxo de trabalho – CTI Cliente Cenibra,UNF2026-57,160128,Tarefa,Concluído,UNF2026,2026 - UNIDADE ESTRATÉGICA ,software,Adenilton Silva,633212a0fedc6169aed6fd7c,,Normal,Itens concluídos,Adenilton Silva,633212a0fedc6169aed6fd7c,Adenilton Silva,633212a0fedc6169aed6fd7c,Adenilton Silva,633212a0fedc6169aed6fd7c,05/nov/25 5:16 PM,20/fev/26 8:26 PM,11/mai/26 9:09 AM,20/fev/26 8:26 PM,05/nov/25 12:00 AM,0,"h3. Resumo

Foi identificado um erro no fluxo de trabalho da CTI do cliente *Cenibra*, onde algumas funções estão apresentando falhas durante a execução.

h3. Contexto

O coordenador *Flávio Silva* solicitou suporte para análise do problema. A lista de funções impactadas ainda não havia sido fornecida.

h3. Critérios de Aceitação

* Receber do solicitante a lista completa das funções impactadas.
* Analisar as funções relacionadas ao fluxo de trabalho da CTI.
* Corrigir os erros identificados, garantindo execução correta.
* Validar a disponibilidade e funcionamento dos motivos de parada nas funções ajustadas.

h3. Outras informações

* Passos para Reprodução:
*# Acessar a CTI do cliente Cenibra.
*# Executar as funções relacionadas ao fluxo de trabalho  
_(lista específica aguardada do solicitante)_.
* Comportamento atual:
** Erros ao executar funções no fluxo de trabalho.
** Motivos de parada não aparecem nas funções criadas ou ajustadas.
* Comportamento esperado:
** Funções executando corretamente, sem erros de fluxo.
** Motivos de parada disponíveis e operando adequadamente.
* Ações Realizadas:
** Solicitação enviada ao coordenador *Flávio Silva* para envio da lista de funções afetadas.
** *26/11/2025 às 14:00*: o coordenador criou um grupo e adicionou o responsável para facilitar a comunicação.
** Identificado que novas funções foram criadas ou ajustadas sem os motivos de parada configurados.
** *29/11/2025*: ajustes finais realizados e enviados à unidade responsável, que está validando o banco.
** Aguardando retorno da unidade após validação.
* Observação Importante:
Foi solicitado ao coordenador Flávio que, antes de inserir o CTI operacionalmente em campo, informasse a equipe para que o *tempo de manobra*, configurado provisoriamente em *15 segundos* para agilizar testes, fosse ajustado. Entretanto, o CTI foi inserido em uma das escavadeiras *sem comunicação prévia*, e a equipe só foi informada após questionamentos no grupo. Assim que comunicados, realizamos o ajuste correto do tempo de manobra. A equipe do cliente segue realizando testes em campo.
* Próximos Passos:
** Aguardar validação final da unidade responsável.
** Realizar ajustes adicionais, caso necessário.
** Garantir alinhamento com o coordenador para evitar novas ativações em campo sem comunicação prévia.
* A unidade realizou uma devolutiva, na da 09/12/2025 as 13:06 - sobre o erro de fluxo das funções da plantadora.
* Ajustado as 16:16 - foi realizada a devolutiva no grupo da unidade, aguardando retorno da mesma, foi ajustado banco conforme os padrões das outras plantadoras.
* Na data {{2025-12-11}} o técnico Wallas fez contato alegando uma divergência no BD do trator agrícola que não estava entrando no apontamento, foi informado ao mesmo que para se manter o motivo era necessário atender todos os quesitos da regra, inclusive estar a 5 km por hora, conforme solicitado pelo coordenador Flávio.
* Foi conversado com o gerente André e definida uma reunião para {{2025-12-12}} às 7:30, reunião ocorreu até as 08:30, e foram conversados vários pontos, e chegado a um denominador comum, entre todas as partes interessadas.
* Foram realizado alguns ajustes a pedido do coordenador Flavio, e enviao um video e uma nova cti ao mesmo, dia 29/01/2026 às 15:30.
* Enviado um e-mail a unidade em 19/02/2026 às 10:51 para conclusão do chmado.",,Adenilton Silva,,633212a0fedc6169aed6fd7c,,;06/nov/25 6:40 AM;633212a0fedc6169aed6fd7c;2220,;13/nov/25 10:24 AM;633212a0fedc6169aed6fd7c;37080,;26/nov/25 5:25 PM;633212a0fedc6169aed6fd7c;12300,;26/nov/25 7:46 PM;633212a0fedc6169aed6fd7c;10800,;27/nov/25 5:56 PM;633212a0fedc6169aed6fd7c;14400,;28/nov/25 7:13 PM;633212a0fedc6169aed6fd7c;7380,;01/dez/25 9:32 AM;633212a0fedc6169aed6fd7c;26880,;03/dez/25 8:33 AM;633212a0fedc6169aed6fd7c;2820,;03/dez/25 3:13 PM;633212a0fedc6169aed6fd7c;2280,;09/dez/25 4:17 PM;633212a0fedc6169aed6fd7c;5280,;11/dez/25 3:50 PM;633212a0fedc6169aed6fd7c;1500,;12/dez/25 8:36 AM;633212a0fedc6169aed6fd7c;4020,;29/jan/26 3:38 PM;633212a0fedc6169aed6fd7c;2760,,0,129720,,,0,129720,,,,,,,,,,,,,,,,,,,,,,,,,,,,,,,,com.atlassian.servicedesk.plugins.approvals.internal.customfield.ApprovalsCFValue@289d49e6,,,,,,,,,,,,,,,,,,,,,,,,,,,,,,,,,,,,Difícil,,,,,,,,,,,,,,,,,,,,,,,,,,,,05/nov/25 5:15 PM,,,,05/nov/25 9:05 PM,,,,,,,,,,,{},,,,,,,,,,,,,,,,,,,,,,,,,,,,,Sim ,,,,,,,,,,,,,,,,,,,,,,,,,,,,,,,,,,,,,,,,WhatsApp - Grupo,,,,,,,,,,WhatsApp - Grupo,Suporte Técnico e Treinamento,,,,,,,,,,,,,,,,,,,,,,,,,,,,,,,,,,,,,,,,,,,,,,,,,,,,,,,,,,,,,,,,,,,,,,,,,,1|i0386i:,,,,,,,,,,,,,,,,,,,,,,,,,,,,,,,,,,,,,,,,,,,,,,,,,,,,,,,,,,,,,,,,,,,,,,,,,,,,,,,,,,,,,,,,,,,,,,,,,,,,,,,,,,,,,,,,,,,,,,6.400,,Não,,,,,,,,,,,,,,,,,,,,,14171_*:*_4_*:*_862006468_*|*_14520_*:*_1_*:*_0_*|*_14170_*:*_1_*:*_48230647_*|*_14205_*:*_4_*:*_6427695733,14171_*:*_4_*:*_862006468_*|*_14520_*:*_1_*:*_0_*|*_14170_*:*_1_*:*_48230647_*|*_14205_*:*_4_*:*_6427695733,,,,,,Itens concluídos,20/fev/26 8:26 PM
